???-r^s???q??????mr^s???q???

/Gem Systems GSM-19W 9088378 v7.0 23 VI 2022 M ew3ft~v7o 
/ID 1 file 63      .b   25 IV 26
/datum  32000.00
/ 008.1350146  -002.5929778 
/UTC
/30P
/00D809A6 8919
/GPS version 2018/Aug/24
/50Hz AC filter
/12.9V
/tune initialize N auto-tune N 032.7uT
/028800bps
/time nT sq 
093451.0  32565.32 99 
093451.5  32565.58 99 
093452.0  32565.36 99 
093452.5  32565.58 99 
093453.0  32565.25 99 
093453.5  32565.56 99 
093454.0  32565.62 99 
093454.5  32565.69 99 
093455.0  32565.70 99 
093455.5  32565.57 99 
093456.0  32565.69 99 
093456.5  32565.54 99 
093457.0  32565.33 99 
093457.5  32565.41 99 
093458.0  32565.48 99 
093458.5  32565.57 99 
093459.0  32565.60 99 
093459.5  32565.62 99 
093500.0  32565.33 99 
093500.5  32565.48 99 
093501.0  32565.49 99 
093501.5  32565.66 99 
093502.0  32565.63 99 
093502.5  32565.40 99 
093503.0  32565.29 99 
093503.5  32565.31 99 
093504.0  32565.70 99 
093504.5  32565.46 99 
093505.0  32565.54 99 
093505.5  32565.72 99 
093506.0  32565.40 99 
093506.5  32565.69 99 
093507.0  32565.57 99 
093507.5  32565.60 99 
093508.0  32565.72 99 
093508.5  32565.32 99 
093509.0  32565.59 99 
093509.5  32565.38 99 
093510.0  32565.40 99 
093510.5  32565.41 99 
093511.0  32565.85 99 
093511.5  32565.52 99 
093512.0  32565.62 99 
093512.5  32565.55 99 
093513.0  32565.43 99 
093513.5  32565.39 99 
093514.0  32565.65 99 
093514.5  32565.46 99 
093515.0  32565.67 99 
093515.5  32565.67 99 
093516.0  32565.68 99 
093516.5  32565.44 99 
093517.0  32565.50 99 
093517.5  32565.64 99 
093518.0  32565.42 99 
093518.5  32565.68 99 
093519.0  32565.68 99 
093519.5  32565.50 99 
093520.0  32565.33 99 
093520.5  32565.92 99 
093521.0  32565.61 99 
093521.5  32565.51 99 
093522.0  32565.60 99 
093522.5  32565.53 99 
093523.0  32565.50 99 
093523.5  32565.28 99 
093524.0  32565.53 99 
093524.5  32565.50 99 
093525.0  32566.45 99 
093525.5  32565.78 99 
093526.0  32565.48 99 
093526.5  32565.38 99 
093527.0  32565.49 99 
093527.5  32565.69 99 
093528.0  32565.83 99 
093528.5  32565.50 99 
093529.0  32565.35 99 
093529.5  32565.72 99 
093530.0  32565.57 99 
093530.5  32565.64 99 
093531.0  32565.45 99 
093531.5  32565.89 99 
093532.0  32565.41 99 
093532.5  32565.77 99 
093533.0  32565.82 99 
093533.5  32565.65 99 
093534.0  32565.73 99 
093534.5  32565.46 99 
093535.0  32565.56 99 
093535.5  32565.62 99 
093536.0  32565.62 99 
093536.5  32565.41 99 
093537.0  32565.16 99 
093537.5  32565.54 99 
093538.0  32565.08 99 
093538.5  32565.34 99 
093539.0  32565.51 99 
093539.5  32565.43 99 
093540.0  32565.59 99 
093540.5  32565.58 99 
093541.0  32565.65 99 
093541.5  32565.62 99 
093542.0  32565.29 99 
093542.5  32565.54 99 
093543.0  32565.73 99 
093543.5  32565.82 99 
093544.0  32565.70 99 
093544.5  32565.69 99 
093545.0  32565.58 99 
093545.5  32565.33 99 
093546.0  32566.00 99 
093546.5  32565.81 99 
093547.0  32565.75 99 
093547.5  32565.82 99 
093548.0  32565.75 99 
093548.5  32565.52 99 
093549.0  32565.78 99 
093549.5  32565.59 99 
093550.0  32565.63 99 
093550.5  32565.56 99 
093551.0  32565.69 99 
093551.5  32565.91 99 
093552.0  32565.84 99 
093552.5  32565.81 99 
093553.0  32565.59 99 
093553.5  32565.56 99 
093554.0  32565.80 99 
093554.5  32565.42 99 
093555.0  32565.72 99 
093555.5  32565.37 99 
093556.0  32565.54 99 
093556.5  32565.99 99 
093557.0  32565.79 99 
093557.5  32565.64 99 
093558.0  32565.78 99 
093558.5  32565.60 99 
093559.0  32565.70 99 
093559.5  32565.58 99 
093600.0  32565.71 99 
093600.5  32565.80 99 
093601.0  32566.18 99 
093601.5  32565.64 99 
093602.0  32565.56 99 
093602.5  32565.57 99 
093603.0  32565.47 99 
093603.5  32565.88 99 
093604.0  32565.70 99 
093604.5  32565.86 99 
093605.0  32565.67 99 
093605.5  32565.48 99 
093606.0  32565.56 99 
093606.5  32565.75 99 
093607.0  32565.74 99 
093607.5  32565.72 99 
093608.0  32565.90 99 
093608.5  32565.68 99 
093609.0  32565.37 99 
093609.5  32565.49 99 
093610.0  32565.55 99 
093610.5  32565.70 99 
093611.0  32565.32 99 
093611.5  32565.71 99 
093612.0  32565.41 99 
093612.5  32565.81 99 
093613.0  32565.33 99 
093613.5  32565.70 99 
093614.0  32565.44 99 
093614.5  32565.53 99 
093615.0  32565.79 99 
093615.5  32565.44 99 
093616.0  32565.70 99 
093616.5  32566.02 99 
093617.0  32565.66 99 
093617.5  32565.74 99 
093618.0  32566.01 99 
093618.5  32565.83 99 
093619.0  32565.57 99 
093619.5  32565.62 99 
093620.0  32565.50 99 
093620.5  32565.70 99 
093621.0  32565.62 99 
093621.5  32565.88 99 
093622.0  32566.09 99 
093622.5  32565.60 99 
093623.0  32565.43 99 
093623.5  32565.84 99 
093624.0  32565.77 99 
093624.5  32565.83 99 
093625.0  32565.38 99 
093625.5  32565.74 99 
093626.0  32565.50 99 
093626.5  32565.77 99 
093627.0  32565.52 99 
093627.5  32565.79 99 
093628.0  32565.64 99 
093628.5  32565.63 99 
093629.0  32565.41 99 
093629.5  32565.52 99 
093630.0  32565.76 99 
093630.5  32565.31 99 
093631.0  32565.61 99 
093631.5  32565.51 99 
093632.0  32565.80 99 
093632.5  32565.88 99 
093633.0  32565.71 99 
093633.5  32565.68 99 
093634.0  32565.70 99 
093634.5  32566.02 99 
093635.0  32565.84 99 
093635.5  32565.96 99 
093636.0  32565.66 99 
093636.5  32565.66 99 
093637.0  32565.55 99 
093637.5  32565.56 99 
093638.0  32565.61 99 
093638.5  32565.26 99 
093639.0  32565.89 99 
093639.5  32565.82 99 
093640.0  32565.69 99 
093640.5  32565.77 99 
093641.0  32565.88 99 
093641.5  32565.88 99 
093642.0  32565.56 99 
093642.5  32565.94 99 
093643.0  32565.69 99 
093643.5  32565.77 99 
093644.0  32565.87 99 
093644.5  32565.85 99 
093645.0  32565.75 99 
093645.5  32565.59 99 
093646.0  32565.74 99 
093646.5  32566.02 99 
093647.0  32566.09 99 
093647.5  32566.03 99 
093648.0  32565.92 99 
093648.5  32565.97 99 
093649.0  32565.89 99 
093649.5  32565.66 99 
093650.0  32565.67 99 
093650.5  32565.99 99 
093651.0  32565.95 99 
093651.5  32565.64 99 
093652.0  32565.92 99 
093652.5  32566.12 99 
093653.0  32565.42 99 
093653.5  32565.90 99 
093654.0  32565.86 99 
093654.5  32565.88 99 
093655.0  32565.67 99 
093655.5  32565.81 99 
093656.0  32565.82 99 
093656.5  32565.69 99 
093657.0  32565.88 99 
093657.5  32565.76 99 
093658.0  32565.63 99 
093658.5  32565.53 99 
093659.0  32565.95 99 
093659.5  32565.76 99 
093700.0  32565.85 99 
093700.5  32565.64 99 
093701.0  32565.76 99 
093701.5  32565.75 99 
093702.0  32566.06 99 
093702.5  32565.89 99 
093703.0  32565.80 99 
093703.5  32565.86 99 
093704.0  32565.54 99 
093704.5  32565.78 99 
093705.0  32565.78 99 
093705.5  32565.79 99 
093706.0  32565.86 99 
093706.5  32565.72 99 
093707.0  32566.27 99 
093707.5  32565.74 99 
093708.0  32565.55 99 
093708.5  32565.81 99 
093709.0  32565.80 99 
093709.5  32565.78 99 
093710.0  32566.17 99 
093710.5  32565.45 99 
093711.0  32565.70 99 
093711.5  32566.00 99 
093712.0  32565.92 99 
093712.5  32565.80 99 
093713.0  32565.73 99 
093713.5  32565.82 99 
093714.0  32565.95 99 
093714.5  32565.73 99 
093715.0  32565.59 99 
093715.5  32565.80 99 
093716.0  32566.44 99 
093716.5  32565.84 99 
093717.0  32565.77 99 
093717.5  32565.93 99 
093718.0  32565.81 99 
093718.5  32565.93 99 
093719.0  32565.98 99 
093719.5  32565.78 99 
093720.0  32565.92 99 
093720.5  32565.75 99 
093721.0  32565.75 99 
093721.5  32565.65 99 
093722.0  32566.01 99 
093722.5  32565.54 99 
093723.0  32566.01 99 
093723.5  32565.80 99 
093724.0  32566.08 99 
093724.5  32565.76 99 
093725.0  32565.98 99 
093725.5  32566.01 99 
093726.0  32566.26 99 
093726.5  32565.93 99 
093727.0  32565.59 99 
093727.5  32565.63 99 
093728.0  32565.78 99 
093728.5  32565.70 99 
093729.0  32565.75 99 
093729.5  32566.08 99 
093730.0  32565.66 99 
093730.5  32565.85 99 
093731.0  32565.91 99 
093731.5  32566.03 99 
093732.0  32566.00 99 
093732.5  32565.88 99 
093733.0  32565.93 99 
093733.5  32566.15 99 
093734.0  32566.12 99 
093734.5  32565.84 99 
093735.0  32565.43 99 
093735.5  32565.96 99 
093736.0  32565.87 99 
093736.5  32565.66 99 
093737.0  32565.77 99 
093737.5  32565.56 99 
093738.0  32565.96 99 
093738.5  32565.97 99 
093739.0  32565.66 99 
093739.5  32565.80 99 
093740.0  32565.71 99 
093740.5  32566.19 99 
093741.0  32565.99 99 
093741.5  32566.41 99 
093742.0  32565.85 99 
093742.5  32565.69 99 
093743.0  32566.08 99 
093743.5  32565.66 99 
093744.0  32566.20 99 
093744.5  32566.23 99 
093745.0  32565.98 99 
093745.5  32565.95 99 
093746.0  32566.06 99 
093746.5  32565.93 99 
093747.0  32566.02 99 
093747.5  32566.06 99 
093748.0  32565.98 99 
093748.5  32565.62 99 
093749.0  32566.01 99 
093749.5  32566.02 99 
093750.0  32565.92 99 
093750.5  32565.91 99 
093751.0  32566.13 99 
093751.5  32565.98 99 
093752.0  32565.77 99 
093752.5  32565.79 99 
093753.0  32566.14 99 
093753.5  32565.85 99 
093754.0  32565.78 99 
093754.5  32566.02 99 
093755.0  32565.79 99 
093755.5  32565.93 99 
093756.0  32565.95 99 
093756.5  32565.73 99 
093757.0  32565.79 99 
093757.5  32566.04 99 
093758.0  32565.65 99 
093758.5  32565.94 99 
093759.0  32566.05 99 
093759.5  32565.93 99 
093800.0  32565.74 99 
093800.5  32566.13 99 
093801.0  32566.12 99 
093801.5  32565.88 99 
093802.0  32566.02 99 
093802.5  32565.69 99 
093803.0  32566.13 99 
093803.5  32565.91 99 
093804.0  32566.06 99 
093804.5  32565.99 99 
093805.0  32566.10 99 
093805.5  32565.94 99 
093806.0  32565.76 99 
093806.5  32566.17 99 
093807.0  32565.82 99 
093807.5  32566.14 99 
093808.0  32565.97 99 
093808.5  32565.92 99 
093809.0  32566.09 99 
093809.5  32566.17 99 
093810.0  32565.91 99 
093810.5  32566.04 99 
093811.0  32565.97 99 
093811.5  32566.02 99 
093812.0  32566.27 99 
093812.5  32565.98 99 
093813.0  32565.83 99 
093813.5  32565.99 99 
093814.0  32565.94 99 
093814.5  32565.99 99 
093815.0  32566.21 99 
093815.5  32566.21 99 
093816.0  32565.96 99 
093816.5  32566.24 99 
093817.0  32566.21 99 
093817.5  32566.23 99 
093818.0  32565.84 99 
093818.5  32566.10 99 
093819.0  32566.43 99 
093819.5  32566.09 99 
093820.0  32565.76 99 
093820.5  32566.05 99 
093821.0  32566.00 99 
093821.5  32566.03 99 
093822.0  32566.14 99 
093822.5  32565.99 99 
093823.0  32566.00 99 
093823.5  32566.13 99 
093824.0  32566.11 99 
093824.5  32566.12 99 
093825.0  32566.21 99 
093825.5  32566.47 99 
093826.0  32566.04 99 
093826.5  32566.05 99 
093827.0  32566.09 99 
093827.5  32565.70 99 
093828.0  32566.11 99 
093828.5  32565.86 99 
093829.0  32565.80 99 
093829.5  32565.87 99 
093830.0  32566.18 99 
093830.5  32565.81 99 
093831.0  32566.27 99 
093831.5  32566.01 99 
093832.0  32565.88 99 
093832.5  32566.17 99 
093833.0  32566.11 99 
093833.5  32566.22 99 
093834.0  32565.92 99 
093834.5  32566.20 99 
093835.0  32566.29 99 
093835.5  32566.08 99 
093836.0  32565.85 99 
093836.5  32566.16 99 
093837.0  32566.29 99 
093837.5  32566.18 99 
093838.0  32566.03 99 
093838.5  32566.19 99 
093839.0  32566.16 99 
093839.5  32566.10 99 
093840.0  32565.83 99 
093840.5  32566.25 99 
093841.0  32565.78 99 
093841.5  32565.81 99 
093842.0  32566.20 99 
093842.5  32566.39 99 
093843.0  32566.08 99 
093843.5  32565.85 99 
093844.0  32566.16 99 
093844.5  32565.92 99 
093845.0  32565.94 99 
093845.5  32565.98 99 
093846.0  32566.01 99 
093846.5  32566.32 99 
093847.0  32566.12 99 
093847.5  32566.10 99 
093848.0  32566.02 99 
093848.5  32565.95 99 
093849.0  32565.96 99 
093849.5  32566.04 99 
093850.0  32565.93 99 
093850.5  32565.94 99 
093851.0  32566.04 99 
093851.5  32566.00 99 
093852.0  32565.86 99 
093852.5  32565.98 99 
093853.0  32565.75 99 
093853.5  32566.15 99 
093854.0  32566.27 99 
093854.5  32566.47 99 
093855.0  32566.18 99 
093855.5  32565.91 99 
093856.0  32566.05 99 
093856.5  32566.08 99 
093857.0  32566.10 99 
093857.5  32566.20 99 
093858.0  32565.96 99 
093858.5  32566.24 99 
093859.0  32566.21 99 
093859.5  32566.00 99 
093900.0  32566.04 99 
093900.5  32566.31 99 
093901.0  32566.49 99 
093901.5  32566.14 99 
093902.0  32566.19 99 
093902.5  32565.82 99 
093903.0  32566.64 99 
093903.5  32566.27 99 
093904.0  32566.11 99 
093904.5  32566.75 99 
093905.0  32566.47 99 
093905.5  32565.76 99 
093906.0  32566.23 99 
093906.5  32566.22 99 
093907.0  32566.18 99 
093907.5  32565.96 99 
093908.0  32566.09 99 
093908.5  32566.27 99 
093909.0  32566.24 99 
093909.5  32566.07 99 
093910.0  32566.25 99 
093910.5  32566.14 99 
093911.0  32566.05 99 
093911.5  32566.16 99 
093912.0  32566.31 99 
093912.5  32566.30 99 
093913.0  32566.11 99 
093913.5  32566.23 99 
093914.0  32566.08 99 
093914.5  32566.24 99 
093915.0  32566.17 99 
093915.5  32566.47 99 
093916.0  32566.16 99 
093916.5  32566.39 99 
093917.0  32566.19 99 
093917.5  32566.16 99 
093918.0  32566.36 99 
093918.5  32566.28 99 
093919.0  32566.43 99 
093919.5  32566.18 99 
093920.0  32566.13 99 
093920.5  32566.46 99 
093921.0  32565.99 99 
093921.5  32566.37 99 
093922.0  32566.41 99 
093922.5  32566.32 99 
093923.0  32566.46 99 
093923.5  32565.96 99 
093924.0  32566.23 99 
093924.5  32566.49 99 
093925.0  32566.27 99 
093925.5  32565.85 99 
093926.0  32566.15 99 
093926.5  32566.20 99 
093927.0  32566.28 99 
093927.5  32566.35 99 
093928.0  32566.05 99 
093928.5  32566.45 99 
093929.0  32566.46 99 
093929.5  32566.34 99 
093930.0  32566.29 99 
093930.5  32566.35 99 
093931.0  32566.13 99 
093931.5  32566.06 99 
093932.0  32566.42 99 
093932.5  32566.58 99 
093933.0  32566.28 99 
093933.5  32566.21 99 
093934.0  32566.14 99 
093934.5  32566.30 99 
093935.0  32566.29 99 
093935.5  32566.14 99 
093936.0  32566.64 99 
093936.5  32566.10 99 
093937.0  32566.39 99 
093937.5  32566.41 99 
093938.0  32566.07 99 
093938.5  32566.45 99 
093939.0  32566.40 99 
093939.5  32566.38 99 
093940.0  32566.53 99 
093940.5  32566.32 99 
093941.0  32566.27 99 
093941.5  32566.29 99 
093942.0  32566.24 99 
093942.5  32566.51 99 
093943.0  32566.25 99 
093943.5  32566.31 99 
093944.0  32566.39 99 
093944.5  32566.79 99 
093945.0  32566.13 99 
093945.5  32566.72 99 
093946.0  32566.12 99 
093946.5  32566.62 99 
093947.0  32566.16 99 
093947.5  32566.54 99 
093948.0  32566.08 99 
093948.5  32566.42 99 
093949.0  32566.48 99 
093949.5  32566.19 99 
093950.0  32566.35 99 
093950.5  32566.10 99 
093951.0  32566.13 99 
093951.5  32566.25 99 
093952.0  32566.62 99 
093952.5  32566.19 99 
093953.0  32566.40 99 
093953.5  32566.34 99 
093954.0  32566.13 99 
093954.5  32566.54 99 
093955.0  32566.30 99 
093955.5  32566.50 99 
093956.0  32566.59 99 
093956.5  32566.47 99 
093957.0  32566.54 99 
093957.5  32566.55 99 
093958.0  32566.45 99 
093958.5  32566.32 99 
093959.0  32566.13 99 
093959.5  32566.06 99 
094000.0  32566.50 99 
094000.5  32566.67 99 
094001.0  32566.47 99 
094001.5  32566.52 99 
094002.0  32566.54 99 
094002.5  32566.56 99 
094003.0  32566.43 99 
094003.5  32566.78 99 
094004.0  32566.49 99 
094004.5  32566.59 99 
094005.0  32566.71 99 
094005.5  32566.54 99 
094006.0  32566.70 99 
094006.5  32566.69 99 
094007.0  32566.72 99 
094007.5  32566.34 99 
094008.0  32566.67 99 
094008.5  32566.38 99 
094009.0  32566.44 99 
094009.5  32566.60 99 
094010.0  32566.45 99 
094010.5  32566.90 99 
094011.0  32566.45 99 
094011.5  32566.70 99 
094012.0  32566.65 99 
094012.5  32566.49 99 
094013.0  32566.56 99 
094013.5  32566.62 99 
094014.0  32566.50 99 
094014.5  32566.52 99 
094015.0  32566.55 99 
094015.5  32566.57 99 
094016.0  32566.86 99 
094016.5  32566.63 99 
094017.0  32566.82 99 
094017.5  32566.76 99 
094018.0  32566.53 99 
094018.5  32566.80 99 
094019.0  32566.38 99 
094019.5  32566.59 99 
094020.0  32566.39 99 
094020.5  32566.63 99 
094021.0  32566.54 99 
094021.5  32566.57 99 
094022.0  32566.65 99 
094022.5  32566.69 99 
094023.0  32566.72 99 
094023.5  32566.71 99 
094024.0  32566.95 99 
094024.5  32566.56 99 
094025.0  32566.82 99 
094025.5  32566.56 99 
094026.0  32566.90 99 
094026.5  32566.93 99 
094027.0  32566.81 99 
094027.5  32567.03 99 
094028.0  32566.65 99 
094028.5  32566.85 99 
094029.0  32566.82 99 
094029.5  32566.83 99 
094030.0  32566.88 99 
094030.5  32566.63 99 
094031.0  32566.91 99 
094031.5  32566.85 99 
094032.0  32566.72 99 
094032.5  32566.61 99 
094033.0  32566.88 99 
094033.5  32566.85 99 
094034.0  32566.87 99 
094034.5  32566.76 99 
094035.0  32566.66 99 
094035.5  32566.73 99 
094036.0  32566.67 99 
094036.5  32566.85 99 
094037.0  32566.55 99 
094037.5  32566.72 99 
094038.0  32567.02 99 
094038.5  32566.56 99 
094039.0  32566.89 99 
094039.5  32566.61 99 
094040.0  32566.91 99 
094040.5  32566.78 99 
094041.0  32566.63 99 
094041.5  32567.02 99 
094042.0  32566.47 99 
094042.5  32567.14 99 
094043.0  32566.73 99 
094043.5  32566.88 99 
094044.0  32566.87 99 
094044.5  32566.64 99 
094045.0  32566.90 99 
094045.5  32566.50 99 
094046.0  32566.88 99 
094046.5  32566.77 99 
094047.0  32566.60 99 
094047.5  32566.63 99 
094048.0  32566.99 99 
094048.5  32566.88 99 
094049.0  32566.73 99 
094049.5  32567.05 99 
094050.0  32566.64 99 
094050.5  32567.27 99 
094051.0  32566.85 99 
094051.5  32566.63 99 
094052.0  32566.71 99 
094052.5  32566.41 99 
094053.0  32566.81 99 
094053.5  32567.13 99 
094054.0  32566.80 99 
094054.5  32567.03 99 
094055.0  32566.71 99 
094055.5  32566.80 99 
094056.0  32566.78 99 
094056.5  32567.03 99 
094057.0  32567.00 99 
094057.5  32566.94 99 
094058.0  32566.90 99 
094058.5  32566.76 99 
094059.0  32566.56 99 
094059.5  32566.86 99 
094100.0  32566.76 99 
094100.5  32566.83 99 
094101.0  32567.15 99 
094101.5  32566.71 99 
094102.0  32566.79 99 
094102.5  32566.85 99 
094103.0  32567.15 99 
094103.5  32567.08 99 
094104.0  32567.00 99 
094104.5  32567.11 99 
094105.0  32566.85 99 
094105.5  32566.81 99 
094106.0  32566.48 99 
094106.5  32567.11 99 
094107.0  32566.90 99 
094107.5  32566.74 99 
094108.0  32566.91 99 
094108.5  32567.00 99 
094109.0  32567.02 99 
094109.5  32567.08 99 
094110.0  32566.84 99 
094110.5  32566.60 99 
094111.0  32566.81 99 
094111.5  32567.30 99 
094112.0  32567.10 99 
094112.5  32567.05 99 
094113.0  32566.86 99 
094113.5  32566.86 99 
094114.0  32566.98 99 
094114.5  32566.75 99 
094115.0  32566.93 99 
094115.5  32567.20 99 
094116.0  32567.10 99 
094116.5  32567.15 99 
094117.0  32566.81 99 
094117.5  32566.99 99 
094118.0  32566.97 99 
094118.5  32567.14 99 
094119.0  32566.72 99 
094119.5  32567.07 99 
094120.0  32566.97 99 
094120.5  32567.00 99 
094121.0  32566.89 99 
094121.5  32566.95 99 
094122.0  32566.95 99 
094122.5  32567.31 99 
094123.0  32566.76 99 
094123.5  32567.15 99 
094124.0  32567.27 99 
094124.5  32567.19 99 
094125.0  32567.02 99 
094125.5  32567.04 99 
094126.0  32566.72 99 
094126.5  32566.97 99 
094127.0  32567.12 99 
094127.5  32567.33 99 
094128.0  32566.81 99 
094128.5  32566.80 99 
094129.0  32567.12 99 
094129.5  32566.71 99 
094130.0  32567.20 99 
094130.5  32567.02 99 
094131.0  32566.95 99 
094131.5  32567.09 99 
094132.0  32566.84 99 
094132.5  32567.03 99 
094133.0  32567.13 99 
094133.5  32567.16 99 
094134.0  32567.10 99 
094134.5  32567.28 99 
094135.0  32567.34 99 
094135.5  32567.19 99 
094136.0  32567.20 99 
094136.5  32566.97 99 
094137.0  32567.19 99 
094137.5  32567.12 99 
094138.0  32567.21 99 
094138.5  32566.91 99 
094139.0  32566.86 99 
094139.5  32567.29 99 
094140.0  32567.41 99 
094140.5  32567.23 99 
094141.0  32567.20 99 
094141.5  32567.12 99 
094142.0  32567.12 99 
094142.5  32567.02 99 
094143.0  32567.21 99 
094143.5  32567.16 99 
094144.0  32567.15 99 
094144.5  32567.25 99 
094145.0  32567.20 99 
094145.5  32567.04 99 
094146.0  32567.18 99 
094146.5  32567.16 99 
094147.0  32567.25 99 
094147.5  32567.14 99 
094148.0  32567.19 99 
094148.5  32567.31 99 
094149.0  32567.48 99 
094149.5  32567.13 99 
094150.0  32567.39 99 
094150.5  32567.50 99 
094151.0  32567.35 99 
094151.5  32567.32 99 
094152.0  32567.29 99 
094152.5  32567.38 99 
094153.0  32567.23 99 
094153.5  32567.47 99 
094154.0  32566.97 99 
094154.5  32567.40 99 
094155.0  32567.56 99 
094155.5  32567.17 99 
094156.0  32567.26 99 
094156.5  32567.30 99 
094157.0  32567.22 99 
094157.5  32567.27 99 
094158.0  32567.32 99 
094158.5  32567.30 99 
094159.0  32567.38 99 
094159.5  32567.27 99 
094200.0  32567.28 99 
094200.5  32567.61 99 
094201.0  32567.42 99 
094201.5  32567.43 99 
094202.0  32567.43 99 
094202.5  32567.60 99 
094203.0  32567.14 99 
094203.5  32567.41 99 
094204.0  32567.43 99 
094204.5  32567.32 99 
094205.0  32567.35 99 
094205.5  32567.54 99 
094206.0  32567.52 99 
094206.5  32567.38 99 
094207.0  32567.40 99 
094207.5  32567.38 99 
094208.0  32567.38 99 
094208.5  32567.21 99 
094209.0  32567.51 99 
094209.5  32567.59 99 
094210.0  32567.47 99 
094210.5  32567.37 99 
094211.0  32567.51 99 
094211.5  32567.59 99 
094212.0  32567.21 99 
094212.5  32567.50 99 
094213.0  32567.30 99 
094213.5  32567.66 99 
094214.0  32567.32 99 
094214.5  32567.29 99 
094215.0  32567.44 99 
094215.5  32567.38 99 
094216.0  32567.37 99 
094216.5  32567.56 99 
094217.0  32567.38 99 
094217.5  32567.53 99 
094218.0  32567.62 99 
094218.5  32567.62 99 
094219.0  32567.60 99 
094219.5  32567.31 99 
094220.0  32567.42 99 
094220.5  32567.55 99 
094221.0  32567.56 99 
094221.5  32567.41 99 
094222.0  32567.41 99 
094222.5  32567.76 99 
094223.0  32567.22 99 
094223.5  32567.24 99 
094224.0  32567.18 99 
094224.5  32567.35 99 
094225.0  32567.45 99 
094225.5  32567.49 99 
094226.0  32567.98 99 
094226.5  32567.66 99 
094227.0  32567.36 99 
094227.5  32567.25 99 
094228.0  32567.52 99 
094228.5  32567.45 99 
094229.0  32567.59 99 
094229.5  32567.37 99 
094230.0  32567.40 99 
094230.5  32567.58 99 
094231.0  32567.59 99 
094231.5  32567.64 99 
094232.0  32567.77 99 
094232.5  32567.77 99 
094233.0  32567.76 99 
094233.5  32567.62 99 
094234.0  32567.62 99 
094234.5  32567.78 99 
094235.0  32567.41 99 
094235.5  32567.43 99 
094236.0  32567.51 99 
094236.5  32567.67 99 
094237.0  32567.49 99 
094237.5  32567.35 99 
094238.0  32567.69 99 
094238.5  32567.57 99 
094239.0  32567.69 99 
094239.5  32567.94 99 
094240.0  32567.49 99 
094240.5  32567.74 99 
094241.0  32567.55 99 
094241.5  32567.70 99 
094242.0  32567.51 99 
094242.5  32567.21 99 
094243.0  32567.87 99 
094243.5  32568.00 99 
094244.0  32567.61 99 
094244.5  32567.60 99 
094245.0  32567.54 99 
094245.5  32567.80 99 
094246.0  32567.68 99 
094246.5  32567.72 99 
094247.0  32567.75 99 
094247.5  32567.66 99 
094248.0  32567.83 99 
094248.5  32567.66 99 
094249.0  32567.52 99 
094249.5  32567.70 99 
094250.0  32567.89 99 
094250.5  32567.61 99 
094251.0  32567.55 99 
094251.5  32567.51 99 
094252.0  32567.83 99 
094252.5  32567.83 99 
094253.0  32567.45 99 
094253.5  32567.84 99 
094254.0  32567.48 99 
094254.5  32567.73 99 
094255.0  32568.12 99 
094255.5  32567.94 99 
094256.0  32567.95 99 
094256.5  32567.76 99 
094257.0  32567.25 99 
094257.5  32567.76 99 
094258.0  32567.62 99 
094258.5  32568.16 99 
094259.0  32567.53 99 
094259.5  32567.65 99 
094300.0  32567.81 99 
094300.5  32567.73 99 
094301.0  32567.65 99 
094301.5  32567.86 99 
094302.0  32567.79 99 
094302.5  32567.86 99 
094303.0  32567.83 99 
094303.5  32567.89 99 
094304.0  32568.01 99 
094304.5  32567.95 99 
094305.0  32568.04 99 
094305.5  32567.73 99 
094306.0  32568.05 99 
094306.5  32567.98 99 
094307.0  32567.85 99 
094307.5  32567.54 99 
094308.0  32567.60 99 
094308.5  32567.96 99 
094309.0  32567.79 99 
094309.5  32568.17 99 
094310.0  32567.99 99 
094310.5  32568.02 99 
094311.0  32567.79 99 
094311.5  32567.72 99 
094312.0  32567.95 99 
094312.5  32567.91 99 
094313.0  32567.98 99 
094313.5  32567.93 99 
094314.0  32567.96 99 
094314.5  32568.19 99 
094315.0  32567.77 99 
094315.5  32568.14 99 
094316.0  32567.80 99 
094316.5  32567.71 99 
094317.0  32567.96 99 
094317.5  32568.19 99 
094318.0  32568.17 99 
094318.5  32567.60 99 
094319.0  32568.14 99 
094319.5  32568.02 99 
094320.0  32567.81 99 
094320.5  32567.76 99 
094321.0  32568.04 99 
094321.5  32567.66 99 
094322.0  32567.65 99 
094322.5  32567.99 99 
094323.0  32567.64 99 
094323.5  32567.95 99 
094324.0  32568.06 99 
094324.5  32567.91 99 
094325.0  32568.02 99 
094325.5  32567.80 99 
094326.0  32567.85 99 
094326.5  32567.89 99 
094327.0  32568.01 99 
094327.5  32567.87 99 
094328.0  32568.00 99 
094328.5  32568.07 99 
094329.0  32567.98 99 
094329.5  32568.11 99 
094330.0  32568.26 99 
094330.5  32568.03 99 
094331.0  32568.00 99 
094331.5  32567.87 99 
094332.0  32567.87 99 
094332.5  32567.82 99 
094333.0  32568.16 99 
094333.5  32568.05 99 
094334.0  32568.34 99 
094334.5  32568.38 99 
094335.0  32568.13 99 
094335.5  32567.88 99 
094336.0  32567.87 99 
094336.5  32567.77 99 
094337.0  32567.62 99 
094337.5  32567.89 99 
094338.0  32568.39 99 
094338.5  32567.97 99 
094339.0  32567.87 99 
094339.5  32568.40 99 
094340.0  32568.15 99 
094340.5  32568.31 99 
094341.0  32568.15 99 
094341.5  32568.01 99 
094342.0  32568.06 99 
094342.5  32568.32 99 
094343.0  32568.15 99 
094343.5  32568.05 99 
094344.0  32567.86 99 
094344.5  32568.41 99 
094345.0  32568.20 99 
094345.5  32567.92 99 
094346.0  32568.05 99 
094346.5  32568.24 99 
094347.0  32568.21 99 
094347.5  32568.06 99 
094348.0  32567.97 99 
094348.5  32568.23 99 
094349.0  32568.47 99 
094349.5  32568.33 99 
094350.0  32568.43 99 
094350.5  32568.21 99 
094351.0  32568.27 99 
094351.5  32568.50 99 
094352.0  32568.21 99 
094352.5  32568.04 99 
094353.0  32567.97 99 
094353.5  32568.05 99 
094354.0  32568.12 99 
094354.5  32568.30 99 
094355.0  32568.07 99 
094355.5  32568.55 99 
094356.0  32568.35 99 
094356.5  32568.51 99 
094357.0  32568.10 99 
094357.5  32568.34 99 
094358.0  32568.21 99 
094358.5  32568.31 99 
094359.0  32567.94 99 
094359.5  32568.09 99 
094400.0  32568.30 99 
094400.5  32568.37 99 
094401.0  32568.25 99 
094401.5  32568.17 99 
094402.0  32568.33 99 
094402.5  32568.25 99 
094403.0  32567.93 99 
094403.5  32568.17 99 
094404.0  32568.50 99 
094404.5  32568.01 99 
094405.0  32568.45 99 
094405.5  32568.51 99 
094406.0  32568.33 99 
094406.5  32568.45 99 
094407.0  32568.66 99 
094407.5  32568.19 99 
094408.0  32568.20 99 
094408.5  32568.38 99 
094409.0  32568.16 99 
094409.5  32568.43 99 
094410.0  32568.72 99 
094410.5  32568.65 99 
094411.0  32568.18 99 
094411.5  32568.33 99 
094412.0  32568.46 99 
094412.5  32568.45 99 
094413.0  32568.41 99 
094413.5  32568.22 99 
094414.0  32568.35 99 
094414.5  32568.29 99 
094415.0  32568.50 99 
094415.5  32568.59 99 
094416.0  32568.35 99 
094416.5  32568.54 99 
094417.0  32568.48 99 
094417.5  32568.37 99 
094418.0  32568.60 99 
094418.5  32568.39 99 
094419.0  32568.49 99 
094419.5  32568.38 99 
094420.0  32568.49 99 
094420.5  32568.12 99 
094421.0  32568.52 99 
094421.5  32568.07 99 
094422.0  32568.56 99 
094422.5  32568.55 99 
094423.0  32568.54 99 
094423.5  32568.57 99 
094424.0  32568.49 99 
094424.5  32568.42 99 
094425.0  32568.55 99 
094425.5  32568.60 99 
094426.0  32568.45 99 
094426.5  32568.61 99 
094427.0  32568.61 99 
094427.5  32568.83 99 
094428.0  32568.71 99 
094428.5  32568.20 99 
094429.0  32568.74 99 
094429.5  32568.72 99 
094430.0  32568.65 99 
094430.5  32568.50 99 
094431.0  32568.64 99 
094431.5  32568.81 99 
094432.0  32568.48 99 
094432.5  32568.75 99 
094433.0  32568.49 99 
094433.5  32568.67 99 
094434.0  32568.39 99 
094434.5  32568.53 99 
094435.0  32568.65 99 
094435.5  32568.76 99 
094436.0  32568.69 99 
094436.5  32568.99 99 
094437.0  32568.69 99 
094437.5  32568.38 99 
094438.0  32568.50 99 
094438.5  32568.47 99 
094439.0  32568.80 99 
094439.5  32568.64 99 
094440.0  32568.49 99 
094440.5  32568.67 99 
094441.0  32568.70 99 
094441.5  32568.43 99 
094442.0  32568.27 99 
094442.5  32568.72 99 
094443.0  32568.30 99 
094443.5  32568.50 99 
094444.0  32568.67 99 
094444.5  32568.48 99 
094445.0  32568.64 99 
094445.5  32568.51 99 
094446.0  32568.57 99 
094446.5  32568.58 99 
094447.0  32568.50 99 
094447.5  32568.44 99 
094448.0  32568.67 99 
094448.5  32568.53 99 
094449.0  32568.42 99 
094449.5  32568.62 99 
094450.0  32568.44 99 
094450.5  32568.61 99 
094451.0  32568.73 99 
094451.5  32568.62 99 
094452.0  32568.86 99 
094452.5  32568.72 99 
094453.0  32568.82 99 
094453.5  32568.68 99 
094454.0  32568.63 99 
094454.5  32568.48 99 
094455.0  32568.86 99 
094455.5  32568.65 99 
094456.0  32568.83 99 
094456.5  32568.75 99 
094457.0  32568.41 99 
094457.5  32568.51 99 
094458.0  32568.56 99 
094458.5  32568.75 99 
094459.0  32568.59 99 
094459.5  32568.55 99 
094500.0  32568.79 99 
094500.5  32568.78 99 
094501.0  32568.19 99 
094501.5  32568.70 99 
094502.0  32568.66 99 
094502.5  32568.72 99 
094503.0  32568.78 99 
094503.5  32568.68 99 
094504.0  32568.63 99 
094504.5  32568.90 99 
094505.0  32568.71 99 
094505.5  32568.72 99 
094506.0  32568.66 99 
094506.5  32568.77 99 
094507.0  32568.40 99 
094507.5  32568.69 99 
094508.0  32568.75 99 
094508.5  32568.56 99 
094509.0  32568.72 99 
094509.5  32568.93 99 
094510.0  32568.71 99 
094510.5  32568.79 99 
094511.0  32568.70 99 
094511.5  32568.74 99 
094512.0  32568.51 99 
094512.5  32568.88 99 
094513.0  32568.87 99 
094513.5  32568.48 99 
094514.0  32568.52 99 
094514.5  32568.66 99 
094515.0  32568.74 99 
094515.5  32568.86 99 
094516.0  32568.72 99 
094516.5  32568.60 99 
094517.0  32568.63 99 
094517.5  32568.59 99 
094518.0  32568.43 99 
094518.5  32568.50 99 
094519.0  32568.60 99 
094519.5  32568.68 99 
094520.0  32568.81 99 
094520.5  32568.57 99 
094521.0  32568.56 99 
094521.5  32568.71 99 
094522.0  32568.41 99 
094522.5  32568.62 99 
094523.0  32568.84 99 
094523.5  32568.56 99 
094524.0  32568.61 99 
094524.5  32568.65 99 
094525.0  32568.77 99 
094525.5  32568.72 99 
094526.0  32568.58 99 
094526.5  32568.83 99 
094527.0  32568.75 99 
094527.5  32568.74 99 
094528.0  32568.79 99 
094528.5  32569.00 99 
094529.0  32568.63 99 
094529.5  32568.57 99 
094530.0  32568.90 99 
094530.5  32568.43 99 
094531.0  32568.87 99 
094531.5  32568.47 99 
094532.0  32568.54 99 
094532.5  32569.13 99 
094533.0  32568.98 99 
094533.5  32568.78 99 
094534.0  32568.74 99 
094534.5  32568.55 99 
094535.0  32568.67 99 
094535.5  32568.77 99 
094536.0  32568.64 99 
094536.5  32568.70 99 
094537.0  32568.46 99 
094537.5  32568.94 99 
094538.0  32568.98 99 
094538.5  32568.70 99 
094539.0  32568.69 99 
094539.5  32569.14 99 
094540.0  32568.94 99 
094540.5  32569.04 99 
094541.0  32569.15 99 
094541.5  32568.78 99 
094542.0  32568.88 99 
094542.5  32569.02 99 
094543.0  32568.81 99 
094543.5  32568.92 99 
094544.0  32568.81 99 
094544.5  32568.68 99 
094545.0  32568.51 99 
094545.5  32568.81 99 
094546.0  32568.81 99 
094546.5  32569.10 99 
094547.0  32568.70 99 
094547.5  32568.63 99 
094548.0  32569.13 99 
094548.5  32569.04 99 
094549.0  32568.56 99 
094549.5  32568.69 99 
094550.0  32568.81 99 
094550.5  32568.65 99 
094551.0  32568.72 99 
094551.5  32569.10 99 
094552.0  32568.85 99 
094552.5  32568.94 99 
094553.0  32568.65 99 
094553.5  32568.59 99 
094554.0  32568.69 99 
094554.5  32568.45 99 
094555.0  32568.93 99 
094555.5  32568.97 99 
094556.0  32569.20 99 
094556.5  32569.16 99 
094557.0  32568.76 99 
094557.5  32569.28 99 
094558.0  32568.80 99 
094558.5  32568.95 99 
094559.0  32569.08 99 
094559.5  32569.08 99 
094600.0  32569.17 99 
094600.5  32568.98 99 
094601.0  32569.12 99 
094601.5  32568.80 99 
094602.0  32568.80 99 
094602.5  32569.26 99 
094603.0  32568.78 99 
094603.5  32569.06 99 
094604.0  32569.02 99 
094604.5  32568.73 99 
094605.0  32569.13 99 
094605.5  32568.50 99 
094606.0  32568.81 99 
094606.5  32569.10 99 
094607.0  32569.23 99 
094607.5  32568.90 99 
094608.0  32569.23 99 
094608.5  32568.71 99 
094609.0  32568.90 99 
094609.5  32568.86 99 
094610.0  32569.05 99 
094610.5  32568.96 99 
094611.0  32569.05 99 
094611.5  32568.79 99 
094612.0  32568.52 99 
094612.5  32568.77 99 
094613.0  32569.08 99 
094613.5  32568.89 99 
094614.0  32568.87 99 
094614.5  32568.58 99 
094615.0  32568.78 99 
094615.5  32569.00 99 
094616.0  32568.81 99 
094616.5  32568.38 99 
094617.0  32568.65 99 
094617.5  32568.84 99 
094618.0  32568.99 99 
094618.5  32568.72 99 
094619.0  32568.81 99 
094619.5  32568.82 99 
094620.0  32568.92 99 
094620.5  32568.93 99 
094621.0  32568.77 99 
094621.5  32568.75 99 
094622.0  32568.61 99 
094622.5  32569.14 99 
094623.0  32569.13 99 
094623.5  32568.79 99 
094624.0  32569.15 99 
094624.5  32569.04 99 
094625.0  32568.85 99 
094625.5  32568.99 99 
094626.0  32568.91 99 
094626.5  32569.05 99 
094627.0  32569.00 99 
094627.5  32568.88 99 
094628.0  32568.79 99 
094628.5  32569.24 99 
094629.0  32568.65 99 
094629.5  32568.89 99 
094630.0  32568.78 99 
094630.5  32568.68 99 
094631.0  32568.59 99 
094631.5  32568.83 99 
094632.0  32568.93 99 
094632.5  32568.36 99 
094633.0  32568.86 99 
094633.5  32568.93 99 
094634.0  32568.97 99 
094634.5  32568.70 99 
094635.0  32568.76 99 
094635.5  32568.52 99 
094636.0  32568.99 99 
094636.5  32568.82 99 
094637.0  32569.04 99 
094637.5  32568.80 99 
094638.0  32568.99 99 
094638.5  32568.71 99 
094639.0  32568.53 99 
094639.5  32569.23 99 
094640.0  32568.80 99 
094640.5  32568.71 99 
094641.0  32568.93 99 
094641.5  32568.86 99 
094642.0  32568.78 99 
094642.5  32568.94 99 
094643.0  32569.09 99 
094643.5  32569.13 99 
094644.0  32569.13 99 
094644.5  32568.66 99 
094645.0  32569.12 99 
094645.5  32569.10 99 
094646.0  32569.14 99 
094646.5  32569.34 99 
094647.0  32568.91 99 
094647.5  32568.74 99 
094648.0  32568.69 99 
094648.5  32568.80 99 
094649.0  32568.84 99 
094649.5  32568.72 99 
094650.0  32568.66 99 
094650.5  32568.91 99 
094651.0  32568.81 99 
094651.5  32568.93 99 
094652.0  32569.12 99 
094652.5  32569.12 99 
094653.0  32568.92 99 
094653.5  32568.56 99 
094654.0  32569.16 99 
094654.5  32568.92 99 
094655.0  32568.90 99 
094655.5  32568.75 99 
094656.0  32569.12 99 
094656.5  32568.99 99 
094657.0  32568.81 99 
094657.5  32568.86 99 
094658.0  32569.28 99 
094658.5  32568.87 99 
094659.0  32568.73 99 
094659.5  32568.89 99 
094700.0  32568.96 99 
094700.5  32568.75 99 
094701.0  32568.94 99 
094701.5  32568.98 99 
094702.0  32569.15 99 
094702.5  32569.00 99 
094703.0  32569.08 99 
094703.5  32568.70 99 
094704.0  32569.09 99 
094704.5  32569.22 99 
094705.0  32568.47 99 
094705.5  32569.07 99 
094706.0  32568.70 99 
094706.5  32568.91 99 
094707.0  32568.85 99 
094707.5  32569.09 99 
094708.0  32569.07 99 
094708.5  32568.88 99 
094709.0  32568.85 99 
094709.5  32569.02 99 
094710.0  32569.15 99 
094710.5  32569.02 99 
094711.0  32568.92 99 
094711.5  32569.01 99 
094712.0  32568.93 99 
094712.5  32569.17 99 
094713.0  32568.94 99 
094713.5  32568.96 99 
094714.0  32568.88 99 
094714.5  32568.89 99 
094715.0  32569.25 99 
094715.5  32568.90 99 
094716.0  32569.13 99 
094716.5  32568.84 99 
094717.0  32568.86 99 
094717.5  32569.03 99 
094718.0  32569.05 99 
094718.5  32569.10 99 
094719.0  32568.81 99 
094719.5  32568.92 99 
094720.0  32568.87 99 
094720.5  32569.00 99 
094721.0  32569.17 99 
094721.5  32569.16 99 
094722.0  32568.86 99 
094722.5  32569.08 99 
094723.0  32568.85 99 
094723.5  32569.21 99 
094724.0  32569.03 99 
094724.5  32568.93 99 
094725.0  32568.83 99 
094725.5  32569.15 99 
094726.0  32569.00 99 
094726.5  32568.70 99 
094727.0  32568.90 99 
094727.5  32568.91 99 
094728.0  32568.76 99 
094728.5  32569.07 99 
094729.0  32569.04 99 
094729.5  32568.96 99 
094730.0  32569.19 99 
094730.5  32568.96 99 
094731.0  32568.97 99 
094731.5  32569.06 99 
094732.0  32569.09 99 
094732.5  32568.96 99 
094733.0  32568.60 99 
094733.5  32568.91 99 
094734.0  32569.02 99 
094734.5  32568.82 99 
094735.0  32568.89 99 
094735.5  32568.94 99 
094736.0  32568.93 99 
094736.5  32569.13 99 
094737.0  32568.81 99 
094737.5  32568.77 99 
094738.0  32568.60 99 
094738.5  32568.76 99 
094739.0  32569.07 99 
094739.5  32569.02 99 
094740.0  32568.58 99 
094740.5  32569.15 99 
094741.0  32569.12 99 
094741.5  32568.71 99 
094742.0  32569.25 99 
094742.5  32568.87 99 
094743.0  32568.79 99 
094743.5  32569.20 99 
094744.0  32568.78 99 
094744.5  32569.07 99 
094745.0  32569.22 99 
094745.5  32569.28 99 
094746.0  32568.68 99 
094746.5  32569.02 99 
094747.0  32568.83 99 
094747.5  32569.11 99 
094748.0  32568.64 99 
094748.5  32568.58 99 
094749.0  32569.15 99 
094749.5  32568.88 99 
094750.0  32569.03 99 
094750.5  32568.49 99 
094751.0  32568.75 99 
094751.5  32568.95 99 
094752.0  32569.01 99 
094752.5  32569.19 99 
094753.0  32568.94 99 
094753.5  32569.09 99 
094754.0  32569.05 99 
094754.5  32569.09 99 
094755.0  32569.12 99 
094755.5  32568.81 99 
094756.0  32568.93 99 
094756.5  32568.90 99 
094757.0  32568.89 99 
094757.5  32569.08 99 
094758.0  32569.03 99 
094758.5  32569.00 99 
094759.0  32569.09 99 
094759.5  32569.04 99 
094800.0  32569.04 99 
094800.5  32568.79 99 
094801.0  32569.17 99 
094801.5  32568.95 99 
094802.0  32568.78 99 
094802.5  32568.94 99 
094803.0  32568.90 99 
094803.5  32568.69 99 
094804.0  32568.88 99 
094804.5  32569.06 99 
094805.0  32569.21 99 
094805.5  32568.92 99 
094806.0  32568.84 99 
094806.5  32568.97 99 
094807.0  32568.87 99 
094807.5  32568.95 99 
094808.0  32569.04 99 
094808.5  32568.90 99 
094809.0  32568.95 99 
094809.5  32568.89 99 
094810.0  32569.05 99 
094810.5  32568.75 99 
094811.0  32568.97 99 
094811.5  32568.99 99 
094812.0  32569.32 99 
094812.5  32569.01 99 
094813.0  32569.16 99 
094813.5  32568.87 99 
094814.0  32569.17 99 
094814.5  32568.87 99 
094815.0  32569.18 99 
094815.5  32569.02 99 
094816.0  32568.80 99 
094816.5  32568.75 99 
094817.0  32569.06 99 
094817.5  32569.00 99 
094818.0  32568.89 99 
094818.5  32569.03 99 
094819.0  32568.98 99 
094819.5  32568.85 99 
094820.0  32568.82 99 
094820.5  32568.77 99 
094821.0  32568.85 99 
094821.5  32568.67 99 
094822.0  32568.89 99 
094822.5  32568.57 99 
094823.0  32568.82 99 
094823.5  32568.90 99 
094824.0  32568.86 99 
094824.5  32568.91 99 
094825.0  32568.89 99 
094825.5  32568.89 99 
094826.0  32569.02 99 
094826.5  32568.66 99 
094827.0  32569.03 99 
094827.5  32569.17 99 
094828.0  32568.85 99 
094828.5  32569.12 99 
094829.0  32569.04 99 
094829.5  32569.13 99 
094830.0  32569.23 99 
094830.5  32569.18 99 
094831.0  32568.84 99 
094831.5  32568.89 99 
094832.0  32569.08 99 
094832.5  32568.66 99 
094833.0  32568.94 99 
094833.5  32568.74 99 
094834.0  32568.82 99 
094834.5  32569.12 99 
094835.0  32568.97 99 
094835.5  32569.42 99 
094836.0  32568.99 99 
094836.5  32568.92 99 
094837.0  32568.87 99 
094837.5  32569.02 99 
094838.0  32569.15 99 
094838.5  32569.13 99 
094839.0  32568.79 99 
094839.5  32568.78 99 
094840.0  32568.97 99 
094840.5  32569.03 99 
094841.0  32569.08 99 
094841.5  32568.72 99 
094842.0  32569.08 99 
094842.5  32568.74 99 
094843.0  32568.79 99 
094843.5  32569.26 99 
094844.0  32568.87 99 
094844.5  32568.97 99 
094845.0  32568.67 99 
094845.5  32568.63 99 
094846.0  32569.13 99 
094846.5  32568.75 99 
094847.0  32569.13 99 
094847.5  32569.24 99 
094848.0  32569.27 99 
094848.5  32568.82 99 
094849.0  32568.79 99 
094849.5  32568.96 99 
094850.0  32569.27 99 
094850.5  32569.02 99 
094851.0  32568.92 99 
094851.5  32569.32 99 
094852.0  32568.98 99 
094852.5  32569.03 99 
094853.0  32568.91 99 
094853.5  32568.82 99 
094854.0  32568.85 99 
094854.5  32568.87 99 
094855.0  32569.18 99 
094855.5  32569.09 99 
094856.0  32569.02 99 
094856.5  32568.92 99 
094857.0  32568.96 99 
094857.5  32569.32 99 
094858.0  32568.92 99 
094858.5  32568.75 99 
094859.0  32568.99 99 
094859.5  32568.90 99 
094900.0  32569.15 99 
094900.5  32568.99 99 
094901.0  32569.08 99 
094901.5  32568.83 99 
094902.0  32568.77 99 
094902.5  32568.95 99 
094903.0  32569.17 99 
094903.5  32568.58 99 
094904.0  32568.55 99 
094904.5  32568.96 99 
094905.0  32568.99 99 
094905.5  32568.93 99 
094906.0  32568.89 99 
094906.5  32568.94 99 
094907.0  32568.91 99 
094907.5  32568.91 99 
094908.0  32569.02 99 
094908.5  32568.89 99 
094909.0  32568.99 99 
094909.5  32568.88 99 
094910.0  32569.00 99 
094910.5  32569.05 99 
094911.0  32568.84 99 
094911.5  32568.68 99 
094912.0  32568.97 99 
094912.5  32569.32 99 
094913.0  32568.82 99 
094913.5  32569.25 99 
094914.0  32568.94 99 
094914.5  32568.92 99 
094915.0  32568.91 99 
094915.5  32569.00 99 
094916.0  32569.59 99 
094916.5  32569.19 99 
094917.0  32569.30 99 
094917.5  32569.13 99 
094918.0  32568.56 99 
094918.5  32569.02 99 
094919.0  32569.18 99 
094919.5  32569.07 99 
094920.0  32569.34 99 
094920.5  32569.08 99 
094921.0  32568.84 99 
094921.5  32568.97 99 
094922.0  32569.07 99 
094922.5  32569.31 99 
094923.0  32569.07 99 
094923.5  32569.03 99 
094924.0  32569.64 99 
094924.5  32569.14 99 
094925.0  32569.06 99 
094925.5  32569.31 99 
094926.0  32569.03 99 
094926.5  32569.16 99 
094927.0  32569.39 99 
094927.5  32569.08 99 
094928.0  32568.94 99 
094928.5  32569.13 99 
094929.0  32568.88 99 
094929.5  32569.04 99 
094930.0  32569.24 99 
094930.5  32569.33 99 
094931.0  32569.03 99 
094931.5  32568.96 99 
094932.0  32569.24 99 
094932.5  32569.46 99 
094933.0  32569.50 99 
094933.5  32569.30 99 
094934.0  32569.44 99 
094934.5  32569.25 99 
094935.0  32569.07 99 
094935.5  32569.32 99 
094936.0  32568.90 99 
094936.5  32569.33 99 
094937.0  32569.42 99 
094937.5  32569.26 99 
094938.0  32569.35 99 
094938.5  32569.07 99 
094939.0  32569.42 99 
094939.5  32569.17 99 
094940.0  32569.53 99 
094940.5  32569.23 99 
094941.0  32569.22 99 
094941.5  32569.08 99 
094942.0  32569.15 99 
094942.5  32569.04 99 
094943.0  32568.87 99 
094943.5  32569.24 99 
094944.0  32569.07 99 
094944.5  32568.89 99 
094945.0  32569.05 99 
094945.5  32569.06 99 
094946.0  32568.76 99 
094946.5  32569.23 99 
094947.0  32568.97 99 
094947.5  32569.12 99 
094948.0  32569.05 99 
094948.5  32568.98 99 
094949.0  32569.12 99 
094949.5  32569.22 99 
094950.0  32568.97 99 
094950.5  32569.23 99 
094951.0  32568.98 99 
094951.5  32569.07 99 
094952.0  32569.32 99 
094952.5  32569.10 99 
094953.0  32569.18 99 
094953.5  32569.13 99 
094954.0  32568.78 99 
094954.5  32569.34 99 
094955.0  32569.72 99 
094955.5  32569.26 99 
094956.0  32569.14 99 
094956.5  32569.16 99 
094957.0  32569.38 99 
094957.5  32568.95 99 
094958.0  32569.27 99 
094958.5  32568.99 99 
094959.0  32569.31 99 
094959.5  32569.38 99 
095000.0  32569.27 99 
095000.5  32569.40 99 
095001.0  32569.25 99 
095001.5  32568.97 99 
095002.0  32569.18 99 
095002.5  32568.97 99 
095003.0  32569.10 99 
095003.5  32568.72 99 
095004.0  32568.66 99 
095004.5  32569.10 99 
095005.0  32568.95 99 
095005.5  32569.19 99 
095006.0  32568.92 99 
095006.5  32569.02 99 
095007.0  32569.41 99 
095007.5  32569.17 99 
095008.0  32569.24 99 
095008.5  32569.11 99 
095009.0  32568.98 99 
095009.5  32568.94 99 
095010.0  32569.17 99 
095010.5  32569.03 99 
095011.0  32569.26 99 
095011.5  32569.01 99 
095012.0  32569.17 99 
095012.5  32569.03 99 
095013.0  32568.82 99 
095013.5  32568.98 99 
095014.0  32568.84 99 
095014.5  32569.04 99 
095015.0  32569.11 99 
095015.5  32569.33 99 
095016.0  32569.18 99 
095016.5  32569.31 99 
095017.0  32568.84 99 
095017.5  32568.74 99 
095018.0  32569.13 99 
095018.5  32569.14 99 
095019.0  32568.76 99 
095019.5  32569.36 99 
095020.0  32569.27 99 
095020.5  32569.18 99 
095021.0  32569.02 99 
095021.5  32569.04 99 
095022.0  32568.95 99 
095022.5  32569.19 99 
095023.0  32569.36 99 
095023.5  32569.27 99 
095024.0  32569.03 99 
095024.5  32569.05 99 
095025.0  32568.96 99 
095025.5  32569.10 99 
095026.0  32568.94 99 
095026.5  32569.44 99 
095027.0  32568.96 99 
095027.5  32569.33 99 
095028.0  32569.42 99 
095028.5  32569.24 99 
095029.0  32569.46 99 
095029.5  32568.90 99 
095030.0  32569.00 99 
095030.5  32569.19 99 
095031.0  32569.20 99 
095031.5  32568.80 99 
095032.0  32569.54 99 
095032.5  32569.31 99 
095033.0  32569.30 99 
095033.5  32569.47 99 
095034.0  32569.43 99 
095034.5  32569.13 99 
095035.0  32569.20 99 
095035.5  32569.33 99 
095036.0  32569.15 99 
095036.5  32569.39 99 
095037.0  32569.08 99 
095037.5  32569.03 99 
095038.0  32569.25 99 
095038.5  32568.94 99 
095039.0  32569.33 99 
095039.5  32569.19 99 
095040.0  32568.98 99 
095040.5  32569.30 99 
095041.0  32569.15 99 
095041.5  32569.14 99 
095042.0  32569.08 99 
095042.5  32569.35 99 
095043.0  32569.37 99 
095043.5  32569.20 99 
095044.0  32569.59 99 
095044.5  32569.28 99 
095045.0  32569.16 99 
095045.5  32569.59 99 
095046.0  32569.17 99 
095046.5  32569.06 99 
095047.0  32569.45 99 
095047.5  32569.41 99 
095048.0  32569.34 99 
095048.5  32569.39 99 
095049.0  32569.07 99 
095049.5  32569.38 99 
095050.0  32569.56 99 
095050.5  32569.42 99 
095051.0  32569.10 99 
095051.5  32569.48 99 
095052.0  32569.17 99 
095052.5  32569.24 99 
095053.0  32569.21 99 
095053.5  32569.33 99 
095054.0  32569.38 99 
095054.5  32569.15 99 
095055.0  32569.23 99 
095055.5  32569.07 99 
095056.0  32568.99 99 
095056.5  32569.36 99 
095057.0  32569.14 99 
095057.5  32569.15 99 
095058.0  32569.37 99 
095058.5  32569.10 99 
095059.0  32569.44 99 
095059.5  32569.40 99 
095100.0  32569.05 99 
095100.5  32569.05 99 
095101.0  32569.66 99 
095101.5  32569.35 99 
095102.0  32569.51 99 
095102.5  32569.32 99 
095103.0  32569.25 99 
095103.5  32569.43 99 
095104.0  32569.24 99 
095104.5  32569.14 99 
095105.0  32569.39 99 
095105.5  32569.19 99 
095106.0  32569.44 99 
095106.5  32569.28 99 
095107.0  32569.07 99 
095107.5  32569.32 99 
095108.0  32569.28 99 
095108.5  32569.34 99 
095109.0  32569.36 99 
095109.5  32569.26 99 
095110.0  32569.18 99 
095110.5  32569.72 99 
095111.0  32569.44 99 
095111.5  32569.49 99 
095112.0  32569.58 99 
095112.5  32569.47 99 
095113.0  32569.24 99 
095113.5  32569.34 99 
095114.0  32569.38 99 
095114.5  32569.49 99 
095115.0  32569.28 99 
095115.5  32569.24 99 
095116.0  32569.32 99 
095116.5  32569.18 99 
095117.0  32569.52 99 
095117.5  32569.31 99 
095118.0  32569.16 99 
095118.5  32569.10 99 
095119.0  32569.31 99 
095119.5  32569.01 99 
095120.0  32569.38 99 
095120.5  32569.39 99 
095121.0  32569.53 99 
095121.5  32569.31 99 
095122.0  32569.34 99 
095122.5  32569.45 99 
095123.0  32569.36 99 
095123.5  32569.53 99 
095124.0  32569.32 99 
095124.5  32569.40 99 
095125.0  32569.03 99 
095125.5  32569.42 99 
095126.0  32569.40 99 
095126.5  32569.38 99 
095127.0  32569.67 99 
095127.5  32569.33 99 
095128.0  32569.45 99 
095128.5  32569.59 99 
095129.0  32569.40 99 
095129.5  32569.20 99 
095130.0  32569.55 99 
095130.5  32569.41 99 
095131.0  32569.41 99 
095131.5  32569.28 99 
095132.0  32569.44 99 
095132.5  32569.60 99 
095133.0  32569.42 99 
095133.5  32569.24 99 
095134.0  32569.27 99 
095134.5  32569.66 99 
095135.0  32569.20 99 
095135.5  32569.33 99 
095136.0  32569.22 99 
095136.5  32569.19 99 
095137.0  32569.59 99 
095137.5  32569.52 99 
095138.0  32569.23 99 
095138.5  32569.37 99 
095139.0  32569.67 99 
095139.5  32569.56 99 
095140.0  32569.48 99 
095140.5  32569.05 99 
095141.0  32569.40 99 
095141.5  32569.35 99 
095142.0  32569.22 99 
095142.5  32569.30 99 
095143.0  32569.34 99 
095143.5  32569.22 99 
095144.0  32569.14 99 
095144.5  32569.63 99 
095145.0  32569.50 99 
095145.5  32569.53 99 
095146.0  32569.33 99 
095146.5  32569.49 99 
095147.0  32569.37 99 
095147.5  32569.30 99 
095148.0  32569.29 99 
095148.5  32569.47 99 
095149.0  32569.38 99 
095149.5  32569.65 99 
095150.0  32569.53 99 
095150.5  32569.67 99 
095151.0  32569.37 99 
095151.5  32569.64 99 
095152.0  32569.56 99 
095152.5  32569.71 99 
095153.0  32569.30 99 
095153.5  32569.73 99 
095154.0  32569.41 99 
095154.5  32569.42 99 
095155.0  32569.24 99 
095155.5  32569.70 99 
095156.0  32569.55 99 
095156.5  32569.52 99 
095157.0  32569.59 99 
095157.5  32569.48 99 
095158.0  32569.49 99 
095158.5  32569.73 99 
095159.0  32569.83 99 
095159.5  32569.92 99 
095200.0  32569.64 99 
095200.5  32569.73 99 
095201.0  32569.65 99 
095201.5  32569.60 99 
095202.0  32569.51 99 
095202.5  32569.58 99 
095203.0  32569.57 99 
095203.5  32569.44 99 
095204.0  32569.38 99 
095204.5  32569.71 99 
095205.0  32569.35 99 
095205.5  32569.69 99 
095206.0  32569.71 99 
095206.5  32569.48 99 
095207.0  32569.46 99 
095207.5  32569.55 99 
095208.0  32569.88 99 
095208.5  32569.34 99 
095209.0  32570.02 99 
095209.5  32569.41 99 
095210.0  32569.64 99 
095210.5  32569.82 99 
095211.0  32569.47 99 
095211.5  32569.49 99 
095212.0  32569.47 99 
095212.5  32569.48 99 
095213.0  32569.59 99 
095213.5  32569.57 99 
095214.0  32569.64 99 
095214.5  32569.49 99 
095215.0  32569.78 99 
095215.5  32569.50 99 
095216.0  32569.59 99 
095216.5  32569.64 99 
095217.0  32569.60 99 
095217.5  32569.90 99 
095218.0  32569.53 99 
095218.5  32569.86 99 
095219.0  32570.09 99 
095219.5  32569.49 99 
095220.0  32569.79 99 
095220.5  32569.66 99 
095221.0  32569.66 99 
095221.5  32569.84 99 
095222.0  32569.63 99 
095222.5  32569.29 99 
095223.0  32569.68 99 
095223.5  32569.57 99 
095224.0  32569.59 99 
095224.5  32569.44 99 
095225.0  32569.93 99 
095225.5  32569.73 99 
095226.0  32569.96 99 
095226.5  32569.73 99 
095227.0  32569.73 99 
095227.5  32569.72 99 
095228.0  32569.71 99 
095228.5  32569.70 99 
095229.0  32569.63 99 
095229.5  32569.82 99 
095230.0  32569.81 99 
095230.5  32569.91 99 
095231.0  32569.80 99 
095231.5  32569.52 99 
095232.0  32569.43 99 
095232.5  32569.65 99 
095233.0  32569.85 99 
095233.5  32569.76 99 
095234.0  32569.78 99 
095234.5  32569.66 99 
095235.0  32569.50 99 
095235.5  32569.55 99 
095236.0  32569.59 99 
095236.5  32569.48 99 
095237.0  32569.60 99 
095237.5  32569.91 99 
095238.0  32569.53 99 
095238.5  32569.68 99 
095239.0  32569.57 99 
095239.5  32569.79 99 
095240.0  32569.60 99 
095240.5  32569.61 99 
095241.0  32569.59 99 
095241.5  32569.43 99 
095242.0  32569.75 99 
095242.5  32569.46 99 
095243.0  32569.52 99 
095243.5  32570.07 99 
095244.0  32569.91 99 
095244.5  32569.68 99 
095245.0  32569.50 99 
095245.5  32569.69 99 
095246.0  32569.92 99 
095246.5  32569.64 99 
095247.0  32569.59 99 
095247.5  32569.60 99 
095248.0  32569.78 99 
095248.5  32569.86 99 
095249.0  32569.72 99 
095249.5  32570.06 99 
095250.0  32569.70 99 
095250.5  32569.94 99 
095251.0  32569.73 99 
095251.5  32569.86 99 
095252.0  32569.89 99 
095252.5  32569.97 99 
095253.0  32569.62 99 
095253.5  32570.04 99 
095254.0  32570.10 99 
095254.5  32569.79 99 
095255.0  32569.82 99 
095255.5  32569.78 99 
095256.0  32569.76 99 
095256.5  32569.96 99 
095257.0  32569.60 99 
095257.5  32570.08 99 
095258.0  32569.65 99 
095258.5  32569.71 99 
095259.0  32569.52 99 
095259.5  32569.84 99 
095300.0  32569.97 99 
095300.5  32570.06 99 
095301.0  32570.19 99 
095301.5  32569.61 99 
095302.0  32569.97 99 
095302.5  32569.87 99 
095303.0  32569.96 99 
095303.5  32569.80 99 
095304.0  32569.78 99 
095304.5  32570.01 99 
095305.0  32569.51 99 
095305.5  32569.84 99 
095306.0  32569.83 99 
095306.5  32570.15 99 
095307.0  32569.64 99 
095307.5  32569.64 99 
095308.0  32569.75 99 
095308.5  32569.82 99 
095309.0  32570.07 99 
095309.5  32569.69 99 
095310.0  32570.06 99 
095310.5  32570.21 99 
095311.0  32569.68 99 
095311.5  32569.92 99 
095312.0  32569.77 99 
095312.5  32569.64 99 
095313.0  32570.05 99 
095313.5  32569.86 99 
095314.0  32569.86 99 
095314.5  32569.93 99 
095315.0  32569.73 99 
095315.5  32569.37 99 
095316.0  32569.93 99 
095316.5  32569.81 99 
095317.0  32570.02 99 
095317.5  32569.60 99 
095318.0  32569.63 99 
095318.5  32569.73 99 
095319.0  32570.06 99 
095319.5  32569.95 99 
095320.0  32570.22 99 
095320.5  32569.67 99 
095321.0  32569.88 99 
095321.5  32569.71 99 
095322.0  32570.04 99 
095322.5  32569.82 99 
095323.0  32570.04 99 
095323.5  32570.08 99 
095324.0  32570.02 99 
095324.5  32570.03 99 
095325.0  32569.82 99 
095325.5  32570.01 99 
095326.0  32569.99 99 
095326.5  32570.32 99 
095327.0  32569.96 99 
095327.5  32570.32 99 
095328.0  32569.97 99 
095328.5  32570.38 99 
095329.0  32570.27 99 
095329.5  32570.04 99 
095330.0  32570.06 99 
095330.5  32570.10 99 
095331.0  32570.51 99 
095331.5  32569.97 99 
095332.0  32570.16 99 
095332.5  32570.38 99 
095333.0  32570.28 99 
095333.5  32570.32 99 
095334.0  32570.23 99 
095334.5  32570.16 99 
095335.0  32570.18 99 
095335.5  32570.26 99 
095336.0  32570.40 99 
095336.5  32569.90 99 
095337.0  32570.33 99 
095337.5  32569.97 99 
095338.0  32570.47 99 
095338.5  32570.25 99 
095339.0  32570.14 99 
095339.5  32570.12 99 
095340.0  32570.43 99 
095340.5  32570.52 99 
095341.0  32570.28 99 
095341.5  32570.15 99 
095342.0  32570.35 99 
095342.5  32570.50 99 
095343.0  32570.39 99 
095343.5  32570.20 99 
095344.0  32570.12 99 
095344.5  32570.38 99 
095345.0  32570.43 99 
095345.5  32570.18 99 
095346.0  32570.43 99 
095346.5  32570.24 99 
095347.0  32570.45 99 
095347.5  32570.21 99 
095348.0  32570.46 99 
095348.5  32570.53 99 
095349.0  32570.66 99 
095349.5  32570.33 99 
095350.0  32570.55 99 
095350.5  32570.61 99 
095351.0  32570.64 99 
095351.5  32570.57 99 
095352.0  32570.54 99 
095352.5  32570.63 99 
095353.0  32570.52 99 
095353.5  32570.65 99 
095354.0  32570.65 99 
095354.5  32570.64 99 
095355.0  32570.92 99 
095355.5  32570.63 99 
095356.0  32570.45 99 
095356.5  32570.75 99 
095357.0  32570.64 99 
095357.5  32570.54 99 
095358.0  32570.79 99 
095358.5  32570.95 99 
095359.0  32570.58 99 
095359.5  32570.42 99 
095400.0  32570.49 99 
095400.5  32570.39 99 
095401.0  32570.67 99 
095401.5  32570.86 99 
095402.0  32570.98 99 
095402.5  32570.84 99 
095403.0  32570.79 99 
095403.5  32570.58 99 
095404.0  32570.50 99 
095404.5  32570.79 99 
095405.0  32570.74 99 
095405.5  32570.60 99 
095406.0  32570.59 99 
095406.5  32570.78 99 
095407.0  32571.05 99 
095407.5  32570.89 99 
095408.0  32570.56 99 
095408.5  32570.93 99 
095409.0  32570.83 99 
095409.5  32570.70 99 
095410.0  32570.77 99 
095410.5  32570.82 99 
095411.0  32570.68 99 
095411.5  32570.68 99 
095412.0  32570.82 99 
095412.5  32571.16 99 
095413.0  32570.89 99 
095413.5  32570.41 99 
095414.0  32570.43 99 
095414.5  32570.76 99 
095415.0  32570.79 99 
095415.5  32570.75 99 
095416.0  32570.98 99 
095416.5  32570.58 99 
095417.0  32570.75 99 
095417.5  32570.80 99 
095418.0  32570.87 99 
095418.5  32570.99 99 
095419.0  32570.68 99 
095419.5  32570.81 99 
095420.0  32570.77 99 
095420.5  32570.41 99 
095421.0  32570.81 99 
095421.5  32571.12 99 
095422.0  32570.78 99 
095422.5  32570.71 99 
095423.0  32570.84 99 
095423.5  32570.97 99 
095424.0  32570.76 99 
095424.5  32571.19 99 
095425.0  32570.51 99 
095425.5  32570.66 99 
095426.0  32570.78 99 
095426.5  32570.53 99 
095427.0  32570.93 99 
095427.5  32571.00 99 
095428.0  32570.89 99 
095428.5  32570.67 99 
095429.0  32570.98 99 
095429.5  32571.02 99 
095430.0  32570.83 99 
095430.5  32570.55 99 
095431.0  32571.03 99 
095431.5  32570.81 99 
095432.0  32570.82 99 
095432.5  32570.81 99 
095433.0  32570.97 99 
095433.5  32571.08 99 
095434.0  32570.78 99 
095434.5  32571.00 99 
095435.0  32570.70 99 
095435.5  32570.69 99 
095436.0  32571.13 99 
095436.5  32570.94 99 
095437.0  32570.91 99 
095437.5  32570.84 99 
095438.0  32570.74 99 
095438.5  32570.57 99 
095439.0  32570.93 99 
095439.5  32570.73 99 
095440.0  32570.80 99 
095440.5  32571.05 99 
095441.0  32571.11 99 
095441.5  32570.51 99 
095442.0  32570.85 99 
095442.5  32570.93 99 
095443.0  32571.05 99 
095443.5  32571.20 99 
095444.0  32570.89 99 
095444.5  32570.89 99 
095445.0  32570.76 99 
095445.5  32571.04 99 
095446.0  32570.77 99 
095446.5  32571.12 99 
095447.0  32570.50 99 
095447.5  32570.81 99 
095448.0  32570.87 99 
095448.5  32570.84 99 
095449.0  32570.68 99 
095449.5  32570.54 99 
095450.0  32571.12 99 
095450.5  32570.82 99 
095451.0  32570.79 99 
095451.5  32570.81 99 
095452.0  32570.80 99 
095452.5  32570.95 99 
095453.0  32570.95 99 
095453.5  32570.78 99 
095454.0  32571.04 99 
095454.5  32570.78 99 
095455.0  32570.70 99 
095455.5  32571.33 99 
095456.0  32570.77 99 
095456.5  32571.03 99 
095457.0  32571.18 99 
095457.5  32571.26 99 
095458.0  32570.77 99 
095458.5  32571.08 99 
095459.0  32570.92 99 
095459.5  32571.07 99 
095500.0  32570.96 99 
095500.5  32571.00 99 
095501.0  32570.40 99 
095501.5  32571.03 99 
095502.0  32570.99 99 
095502.5  32570.88 99 
095503.0  32570.89 99 
095503.5  32570.97 99 
095504.0  32571.25 99 
095504.5  32571.08 99 
095505.0  32570.59 99 
095505.5  32570.83 99 
095506.0  32570.88 99 
095506.5  32570.73 99 
095507.0  32571.03 99 
095507.5  32570.70 99 
095508.0  32570.82 99 
095508.5  32571.03 99 
095509.0  32570.99 99 
095509.5  32571.15 99 
095510.0  32570.69 99 
095510.5  32570.67 99 
095511.0  32571.05 99 
095511.5  32570.76 99 
095512.0  32571.26 99 
095512.5  32571.17 99 
095513.0  32571.13 99 
095513.5  32570.96 99 
095514.0  32571.24 99 
095514.5  32570.76 99 
095515.0  32570.77 99 
095515.5  32571.10 99 
095516.0  32571.00 99 
095516.5  32570.79 99 
095517.0  32571.28 99 
095517.5  32571.14 99 
095518.0  32571.10 99 
095518.5  32571.37 99 
095519.0  32570.97 99 
095519.5  32571.09 99 
095520.0  32571.02 99 
095520.5  32571.29 99 
095521.0  32570.82 99 
095521.5  32570.80 99 
095522.0  32571.32 99 
095522.5  32570.88 99 
095523.0  32571.40 99 
095523.5  32570.90 99 
095524.0  32570.99 99 
095524.5  32571.36 99 
095525.0  32571.05 99 
095525.5  32571.05 99 
095526.0  32570.94 99 
095526.5  32570.71 99 
095527.0  32571.21 99 
095527.5  32571.31 99 
095528.0  32571.31 99 
095528.5  32570.99 99 
095529.0  32570.89 99 
095529.5  32571.17 99 
095530.0  32571.09 99 
095530.5  32571.50 99 
095531.0  32570.76 99 
095531.5  32571.11 99 
095532.0  32571.10 99 
095532.5  32571.02 99 
095533.0  32571.11 99 
095533.5  32571.00 99 
095534.0  32571.17 99 
095534.5  32571.42 99 
095535.0  32571.07 99 
095535.5  32571.24 99 
095536.0  32570.99 99 
095536.5  32571.38 99 
095537.0  32571.28 99 
095537.5  32571.36 99 
095538.0  32571.18 99 
095538.5  32570.80 99 
095539.0  32570.79 99 
095539.5  32571.37 99 
095540.0  32571.23 99 
095540.5  32571.06 99 
095541.0  32571.39 99 
095541.5  32571.04 99 
095542.0  32571.08 99 
095542.5  32571.02 99 
095543.0  32571.18 99 
095543.5  32570.82 99 
095544.0  32570.91 99 
095544.5  32571.20 99 
095545.0  32571.00 99 
095545.5  32571.20 99 
095546.0  32571.13 99 
095546.5  32571.18 99 
095547.0  32571.32 99 
095547.5  32571.23 99 
095548.0  32571.00 99 
095548.5  32570.93 99 
095549.0  32571.21 99 
095549.5  32571.37 99 
095550.0  32571.22 99 
095550.5  32571.20 99 
095551.0  32571.51 99 
095551.5  32571.40 99 
095552.0  32571.54 99 
095552.5  32571.20 99 
095553.0  32571.23 99 
095553.5  32571.40 99 
095554.0  32571.26 99 
095554.5  32571.62 99 
095555.0  32571.51 99 
095555.5  32571.71 99 
095556.0  32570.97 99 
095556.5  32571.72 99 
095557.0  32571.29 99 
095557.5  32571.44 99 
095558.0  32571.28 99 
095558.5  32571.71 99 
095559.0  32571.00 99 
095559.5  32571.49 99 
095600.0  32571.20 99 
095600.5  32571.01 99 
095601.0  32571.76 99 
095601.5  32571.05 99 
095602.0  32571.21 99 
095602.5  32571.99 99 
095603.0  32571.15 99 
095603.5  32571.38 99 
095604.0  32571.17 99 
095604.5  32571.40 99 
095605.0  32571.33 99 
095605.5  32571.18 99 
095606.0  32571.34 99 
095606.5  32571.29 99 
095607.0  32571.37 99 
095607.5  32571.43 99 
095608.0  32571.81 99 
095608.5  32571.30 99 
095609.0  32571.37 99 
095609.5  32571.60 99 
095610.0  32571.65 99 
095610.5  32571.63 99 
095611.0  32571.94 99 
095611.5  32571.62 99 
095612.0  32571.46 99 
095612.5  32571.21 99 
095613.0  32571.35 99 
095613.5  32571.06 99 
095614.0  32571.39 99 
095614.5  32571.40 99 
095615.0  32571.38 99 
095615.5  32571.67 99 
095616.0  32571.33 99 
095616.5  32571.45 99 
095617.0  32571.41 99 
095617.5  32571.54 99 
095618.0  32571.39 99 
095618.5  32571.72 99 
095619.0  32571.47 99 
095619.5  32571.36 99 
095620.0  32571.36 99 
095620.5  32571.35 99 
095621.0  32571.81 99 
095621.5  32571.28 99 
095622.0  32571.59 99 
095622.5  32571.54 99 
095623.0  32571.44 99 
095623.5  32571.32 99 
095624.0  32571.44 99 
095624.5  32571.64 99 
095625.0  32571.26 99 
095625.5  32571.49 99 
095626.0  32571.48 99 
095626.5  32571.42 99 
095627.0  32571.39 99 
095627.5  32571.75 99 
095628.0  32571.58 99 
095628.5  32571.40 99 
095629.0  32571.73 99 
095629.5  32571.04 99 
095630.0  32571.13 99 
095630.5  32571.69 99 
095631.0  32571.51 99 
095631.5  32571.34 99 
095632.0  32571.59 99 
095632.5  32571.88 99 
095633.0  32571.75 99 
095633.5  32571.45 99 
095634.0  32571.23 99 
095634.5  32571.32 99 
095635.0  32571.66 99 
095635.5  32571.42 99 
095636.0  32571.68 99 
095636.5  32571.75 99 
095637.0  32571.46 99 
095637.5  32571.87 99 
095638.0  32571.64 99 
095638.5  32571.55 99 
095639.0  32571.36 99 
095639.5  32571.66 99 
095640.0  32571.73 99 
095640.5  32571.34 99 
095641.0  32571.54 99 
095641.5  32571.70 99 
095642.0  32571.91 99 
095642.5  32572.65 99 
095643.0  32571.35 99 
095643.5  32571.67 99 
095644.0  32572.07 99 
095644.5  32571.54 99 
095645.0  32571.10 99 
095645.5  32571.86 99 
095646.0  32571.59 99 
095646.5  32571.33 99 
095647.0  32571.55 99 
095647.5  32571.43 99 
095648.0  32571.71 99 
095648.5  32571.65 99 
095649.0  32571.63 99 
095649.5  32571.71 99 
095650.0  32571.60 99 
095650.5  32571.56 99 
095651.0  32571.56 99 
095651.5  32571.52 99 
095652.0  32571.47 99 
095652.5  32571.29 99 
095653.0  32571.68 99 
095653.5  32571.75 99 
095654.0  32571.66 99 
095654.5  32571.54 99 
095655.0  32571.42 99 
095655.5  32571.41 99 
095656.0  32571.44 99 
095656.5  32571.78 99 
095657.0  32571.31 99 
095657.5  32571.56 99 
095658.0  32571.88 99 
095658.5  32571.73 99 
095659.0  32571.53 99 
095659.5  32571.78 99 
095700.0  32571.33 99 
095700.5  32570.99 99 
095701.0  32571.88 99 
095701.5  32571.72 99 
095702.0  32571.39 99 
095702.5  32571.85 99 
095703.0  32571.69 99 
095703.5  32571.68 99 
095704.0  32571.91 99 
095704.5  32571.67 99 
095705.0  32571.43 99 
095705.5  32571.51 99 
095706.0  32571.37 99 
095706.5  32571.80 99 
095707.0  32571.58 99 
095707.5  32571.75 99 
095708.0  32571.25 99 
095708.5  32571.52 99 
095709.0  32571.97 99 
095709.5  32571.72 99 
095710.0  32571.90 99 
095710.5  32571.87 99 
095711.0  32571.61 99 
095711.5  32571.60 99 
095712.0  32571.72 99 
095712.5  32571.59 99 
095713.0  32571.04 99 
095713.5  32571.39 99 
095714.0  32571.62 99 
095714.5  32571.78 99 
095715.0  32571.83 99 
095715.5  32572.04 99 
095716.0  32571.36 99 
095716.5  32571.55 99 
095717.0  32571.46 99 
095717.5  32571.67 99 
095718.0  32571.48 99 
095718.5  32571.87 99 
095719.0  32571.31 99 
095719.5  32571.57 99 
095720.0  32572.18 99 
095720.5  32571.86 99 
095721.0  32571.57 99 
095721.5  32571.55 99 
095722.0  32571.72 99 
095722.5  32571.30 99 
095723.0  32571.48 99 
095723.5  32571.86 99 
095724.0  32571.75 99 
095724.5  32571.78 99 
095725.0  32571.75 99 
095725.5  32571.78 99 
095726.0  32571.73 99 
095726.5  32571.52 99 
095727.0  32571.67 99 
095727.5  32571.67 99 
095728.0  32571.65 99 
095728.5  32571.80 99 
095729.0  32571.44 99 
095729.5  32571.58 99 
095730.0  32571.40 99 
095730.5  32571.68 99 
095731.0  32571.57 99 
095731.5  32572.03 99 
095732.0  32571.57 99 
095732.5  32571.61 99 
095733.0  32571.83 99 
095733.5  32571.70 99 
095734.0  32571.87 99 
095734.5  32571.54 99 
095735.0  32571.46 99 
095735.5  32571.93 99 
095736.0  32571.79 99 
095736.5  32571.79 99 
095737.0  32571.81 99 
095737.5  32571.95 99 
095738.0  32571.92 99 
095738.5  32571.62 99 
095739.0  32571.72 99 
095739.5  32571.96 99 
095740.0  32571.56 99 
095740.5  32571.49 99 
095741.0  32571.80 99 
095741.5  32571.92 99 
095742.0  32571.56 99 
095742.5  32571.84 99 
095743.0  32572.15 99 
095743.5  32571.56 99 
095744.0  32571.61 99 
095744.5  32571.62 99 
095745.0  32571.52 99 
095745.5  32571.78 99 
095746.0  32571.88 99 
095746.5  32571.72 99 
095747.0  32571.74 99 
095747.5  32571.58 99 
095748.0  32571.84 99 
095748.5  32571.86 99 
095749.0  32571.59 99 
095749.5  32572.07 99 
095750.0  32571.84 99 
095750.5  32571.89 99 
095751.0  32572.14 99 
095751.5  32571.41 99 
095752.0  32571.64 99 
095752.5  32571.76 99 
095753.0  32571.82 99 
095753.5  32571.80 99 
095754.0  32571.74 99 
095754.5  32572.37 99 
095755.0  32571.79 99 
095755.5  32571.48 99 
095756.0  32571.81 99 
095756.5  32571.71 99 
095757.0  32571.99 99 
095757.5  32571.83 99 
095758.0  32571.91 99 
095758.5  32571.76 99 
095759.0  32571.93 99 
095759.5  32571.92 99 
095800.0  32571.62 99 
095800.5  32571.27 99 
095801.0  32572.04 99 
095801.5  32571.93 99 
095802.0  32571.90 99 
095802.5  32571.87 99 
095803.0  32572.08 99 
095803.5  32572.03 99 
095804.0  32571.94 99 
095804.5  32571.74 99 
095805.0  32571.51 99 
095805.5  32571.91 99 
095806.0  32571.60 99 
095806.5  32571.73 99 
095807.0  32571.74 99 
095807.5  32571.61 99 
095808.0  32572.00 99 
095808.5  32571.81 99 
095809.0  32571.87 99 
095809.5  32571.86 99 
095810.0  32571.81 99 
095810.5  32571.70 99 
095811.0  32571.81 99 
095811.5  32571.83 99 
095812.0  32571.86 99 
095812.5  32571.94 99 
095813.0  32571.86 99 
095813.5  32571.60 99 
095814.0  32571.86 99 
095814.5  32571.94 99 
095815.0  32571.95 99 
095815.5  32572.15 99 
095816.0  32571.89 99 
095816.5  32571.48 99 
095817.0  32571.74 99 
095817.5  32571.76 99 
095818.0  32571.83 99 
095818.5  32571.94 99 
095819.0  32571.44 99 
095819.5  32571.87 99 
095820.0  32572.27 99 
095820.5  32571.91 99 
095821.0  32571.96 99 
095821.5  32571.70 99 
095822.0  32571.83 99 
095822.5  32572.26 99 
095823.0  32571.47 99 
095823.5  32572.62 99 
095824.0  32572.16 99 
095824.5  32571.96 99 
095825.0  32572.09 99 
095825.5  32571.59 99 
095826.0  32571.70 99 
095826.5  32571.84 99 
095827.0  32572.09 99 
095827.5  32571.87 99 
095828.0  32571.81 99 
095828.5  32571.66 99 
095829.0  32571.90 99 
095829.5  32571.91 99 
095830.0  32571.84 99 
095830.5  32572.01 99 
095831.0  32571.58 99 
095831.5  32572.00 99 
095832.0  32571.73 99 
095832.5  32572.12 99 
095833.0  32571.80 99 
095833.5  32571.88 99 
095834.0  32571.90 99 
095834.5  32571.92 99 
095835.0  32572.18 99 
095835.5  32571.80 99 
095836.0  32572.08 99 
095836.5  32572.01 99 
095837.0  32571.79 99 
095837.5  32572.02 99 
095838.0  32571.89 99 
095838.5  32571.70 99 
095839.0  32571.62 99 
095839.5  32571.95 99 
095840.0  32572.25 99 
095840.5  32571.57 99 
095841.0  32572.05 99 
095841.5  32571.78 99 
095842.0  32572.19 99 
095842.5  32571.93 99 
095843.0  32571.71 99 
095843.5  32571.51 99 
095844.0  32572.08 99 
095844.5  32572.14 99 
095845.0  32571.64 99 
095845.5  32572.20 99 
095846.0  32572.54 99 
095846.5  32572.17 99 
095847.0  32571.93 99 
095847.5  32571.82 99 
095848.0  32571.89 99 
095848.5  32571.89 99 
095849.0  32571.94 99 
095849.5  32572.23 99 
095850.0  32571.54 99 
095850.5  32572.16 99 
095851.0  32571.86 99 
095851.5  32572.19 99 
095852.0  32572.05 99 
095852.5  32571.88 99 
095853.0  32572.04 99 
095853.5  32571.96 99 
095854.0  32572.18 99 
095854.5  32572.14 99 
095855.0  32572.29 99 
095855.5  32572.33 99 
095856.0  32572.21 99 
095856.5  32571.98 99 
095857.0  32572.03 99 
095857.5  32572.02 99 
095858.0  32572.19 99 
095858.5  32572.34 99 
095859.0  32572.29 99 
095859.5  32572.03 99 
095900.0  32572.35 99 
095900.5  32572.20 99 
095901.0  32572.47 99 
095901.5  32571.86 99 
095902.0  32571.98 99 
095902.5  32571.97 99 
095903.0  32572.10 99 
095903.5  32572.28 99 
095904.0  32571.84 99 
095904.5  32572.00 99 
095905.0  32572.38 99 
095905.5  32571.68 99 
095906.0  32571.93 99 
095906.5  32572.04 99 
095907.0  32572.26 99 
095907.5  32572.03 99 
095908.0  32571.98 99 
095908.5  32572.00 99 
095909.0  32572.33 99 
095909.5  32571.84 99 
095910.0  32572.08 99 
095910.5  32571.79 99 
095911.0  32571.80 99 
095911.5  32572.12 99 
095912.0  32571.84 99 
095912.5  32571.89 99 
095913.0  32571.78 99 
095913.5  32571.84 99 
095914.0  32571.68 99 
095914.5  32571.88 99 
095915.0  32571.78 99 
095915.5  32571.94 99 
095916.0  32571.96 99 
095916.5  32572.19 99 
095917.0  32572.32 99 
095917.5  32572.19 99 
095918.0  32572.40 99 
095918.5  32571.76 99 
095919.0  32572.26 99 
095919.5  32571.95 99 
095920.0  32572.09 99 
095920.5  32572.01 99 
095921.0  32572.32 99 
095921.5  32572.18 99 
095922.0  32571.87 99 
095922.5  32572.41 99 
095923.0  32571.88 99 
095923.5  32572.28 99 
095924.0  32572.29 99 
095924.5  32572.27 99 
095925.0  32571.89 99 
095925.5  32572.12 99 
095926.0  32572.07 99 
095926.5  32572.30 99 
095927.0  32572.40 99 
095927.5  32571.74 99 
095928.0  32572.24 99 
095928.5  32572.15 99 
095929.0  32571.99 99 
095929.5  32571.85 99 
095930.0  32572.08 99 
095930.5  32572.20 99 
095931.0  32572.21 99 
095931.5  32571.79 99 
095932.0  32572.00 99 
095932.5  32572.10 99 
095933.0  32571.63 99 
095933.5  32571.94 99 
095934.0  32571.94 99 
095934.5  32572.38 99 
095935.0  32572.60 99 
095935.5  32572.05 99 
095936.0  32572.07 99 
095936.5  32571.98 99 
095937.0  32571.96 99 
095937.5  32572.07 99 
095938.0  32571.86 99 
095938.5  32572.04 99 
095939.0  32571.81 99 
095939.5  32572.53 99 
095940.0  32572.03 99 
095940.5  32572.25 99 
095941.0  32571.93 99 
095941.5  32571.84 99 
095942.0  32572.11 99 
095942.5  32571.85 99 
095943.0  32571.90 99 
095943.5  32572.04 99 
095944.0  32572.12 99 
095944.5  32572.17 99 
095945.0  32572.26 99 
095945.5  32572.23 99 
095946.0  32572.12 99 
095946.5  32572.10 99 
095947.0  32572.23 99 
095947.5  32572.21 99 
095948.0  32572.29 99 
095948.5  32571.88 99 
095949.0  32571.92 99 
095949.5  32571.95 99 
095950.0  32571.99 99 
095950.5  32571.89 99 
095951.0  32572.02 99 
095951.5  32572.16 99 
095952.0  32571.98 99 
095952.5  32572.21 99 
095953.0  32572.10 99 
095953.5  32572.70 99 
095954.0  32571.91 99 
095954.5  32571.94 99 
095955.0  32572.13 99 
095955.5  32572.25 99 
095956.0  32571.92 99 
095956.5  32572.23 99 
095957.0  32572.24 99 
095957.5  32572.12 99 
095958.0  32572.12 99 
095958.5  32572.30 99 
095959.0  32572.56 99 
095959.5  32572.43 99 
100000.0  32571.88 99 
100000.5  32572.39 99 
100001.0  32571.80 99 
100001.5  32572.10 99 
100002.0  32572.13 99 
100002.5  32571.85 99 
100003.0  32571.84 99 
100003.5  32572.79 99 
100004.0  32573.01 99 
100004.5  32572.67 99 
100005.0  32570.92 99 
100005.5  32572.70 99 
100006.0  32572.83 99 
100006.5  32571.55 99 
100007.0  32571.85 99 
100007.5  32572.20 99 
100008.0  32572.05 99 
100008.5  32572.41 99 
100009.0  32572.00 99 
100009.5  32572.55 99 
100010.0  32572.17 99 
100010.5  32572.07 99 
100011.0  32572.17 99 
100011.5  32572.09 99 
100012.0  32572.04 99 
100012.5  32572.21 99 
100013.0  32571.91 99 
100013.5  32571.93 99 
100014.0  32572.42 99 
100014.5  32572.29 99 
100015.0  32572.16 99 
100015.5  32572.44 99 
100016.0  32572.20 99 
100016.5  32572.58 99 
100017.0  32572.11 99 
100017.5  32572.27 99 
100018.0  32572.04 99 
100018.5  32572.29 99 
100019.0  32572.10 99 
100019.5  32572.48 99 
100020.0  32572.21 99 
100020.5  32572.29 99 
100021.0  32571.83 99 
100021.5  32572.00 99 
100022.0  32572.27 99 
100022.5  32572.25 99 
100023.0  32571.61 99 
100023.5  32572.28 99 
100024.0  32572.14 99 
100024.5  32572.00 99 
100025.0  32572.18 99 
100025.5  32572.06 99 
100026.0  32572.17 99 
100026.5  32572.13 99 
100027.0  32572.03 99 
100027.5  32572.41 99 
100028.0  32572.16 99 
100028.5  32572.42 99 
100029.0  32572.25 99 
100029.5  32572.48 99 
100030.0  32572.08 99 
100030.5  32571.90 99 
100031.0  32572.48 99 
100031.5  32572.19 99 
100032.0  32572.25 99 
100032.5  32572.05 99 
100033.0  32572.01 99 
100033.5  32572.75 99 
100034.0  32572.41 99 
100034.5  32572.22 99 
100035.0  32572.19 99 
100035.5  32572.03 99 
100036.0  32572.13 99 
100036.5  32572.15 99 
100037.0  32572.22 99 
100037.5  32572.14 99 
100038.0  32572.15 99 
100038.5  32572.69 99 
100039.0  32571.83 99 
100039.5  32572.23 99 
100040.0  32571.83 99 
100040.5  32571.83 99 
100041.0  32572.22 99 
100041.5  32571.81 99 
100042.0  32572.29 99 
100042.5  32571.94 99 
100043.0  32572.24 99 
100043.5  32572.43 99 
100044.0  32571.61 99 
100044.5  32572.12 99 
100045.0  32572.06 99 
100045.5  32572.05 99 
100046.0  32572.18 99 
100046.5  32571.96 99 
100047.0  32572.38 99 
100047.5  32572.31 99 
100048.0  32571.95 99 
100048.5  32572.27 99 
100049.0  32571.69 99 
100049.5  32572.19 99 
100050.0  32572.23 99 
100050.5  32572.15 99 
100051.0  32572.48 99 
100051.5  32572.31 99 
100052.0  32572.05 99 
100052.5  32572.15 99 
100053.0  32572.39 99 
100053.5  32572.25 99 
100054.0  32572.25 99 
100054.5  32572.00 99 
100055.0  32572.17 99 
100055.5  32572.40 99 
100056.0  32572.36 99 
100056.5  32572.08 99 
100057.0  32572.15 99 
100057.5  32572.08 99 
100058.0  32572.11 99 
100058.5  32571.82 99 
100059.0  32572.43 99 
100059.5  32572.28 99 
100100.0  32571.90 99 
100100.5  32571.90 99 
100101.0  32571.94 99 
100101.5  32572.47 99 
100102.0  32572.33 99 
100102.5  32572.22 99 
100103.0  32572.39 99 
100103.5  32572.22 99 
100104.0  32572.12 99 
100104.5  32572.30 99 
100105.0  32572.09 99 
100105.5  32572.54 99 
100106.0  32571.83 99 
100106.5  32572.25 99 
100107.0  32572.06 99 
100107.5  32572.33 99 
100108.0  32572.55 99 
100108.5  32572.22 99 
100109.0  32571.97 99 
100109.5  32572.01 99 
100110.0  32572.47 99 
100110.5  32572.40 99 
100111.0  32572.33 99 
100111.5  32572.32 99 
100112.0  32572.28 99 
100112.5  32572.06 99 
100113.0  32572.16 99 
100113.5  32572.27 99 
100114.0  32572.42 99 
100114.5  32572.43 99 
100115.0  32572.48 99 
100115.5  32571.86 99 
100116.0  32572.13 99 
100116.5  32572.29 99 
100117.0  32572.10 99 
100117.5  32572.63 99 
100118.0  32572.38 99 
100118.5  32572.50 99 
100119.0  32571.98 99 
100119.5  32571.93 99 
100120.0  32571.85 99 
100120.5  32571.85 99 
100121.0  32572.23 99 
100121.5  32572.32 99 
100122.0  32572.18 99 
100122.5  32572.56 99 
100123.0  32572.23 99 
100123.5  32572.05 99 
100124.0  32572.43 99 
100124.5  32572.62 99 
100125.0  32572.35 99 
100125.5  32572.51 99 
100126.0  32572.64 99 
100126.5  32572.55 99 
100127.0  32572.61 99 
100127.5  32572.54 99 
100128.0  32572.47 99 
100128.5  32572.60 99 
100129.0  32572.42 99 
100129.5  32572.85 99 
100130.0  32572.37 99 
100130.5  32572.63 99 
100131.0  32572.54 99 
100131.5  32572.40 99 
100132.0  32572.31 99 
100132.5  32572.93 99 
100133.0  32572.02 99 
100133.5  32572.46 99 
100134.0  32572.39 99 
100134.5  32572.69 99 
100135.0  32572.27 99 
100135.5  32572.45 99 
100136.0  32572.80 99 
100136.5  32572.59 99 
100137.0  32572.92 99 
100137.5  32573.08 99 
100138.0  32572.51 99 
100138.5  32572.73 99 
100139.0  32572.34 99 
100139.5  32572.38 99 
100140.0  32572.87 99 
100140.5  32572.44 99 
100141.0  32572.22 99 
100141.5  32572.68 99 
100142.0  32572.85 99 
100142.5  32572.65 99 
100143.0  32572.40 99 
100143.5  32572.40 99 
100144.0  32572.89 99 
100144.5  32572.29 99 
100145.0  32572.28 99 
100145.5  32572.47 99 
100146.0  32572.61 99 
100146.5  32572.21 99 
100147.0  32572.84 99 
100147.5  32572.32 99 
100148.0  32572.58 99 
100148.5  32572.80 99 
100149.0  32572.49 99 
100149.5  32572.41 99 
100150.0  32572.29 99 
100150.5  32572.32 99 
100151.0  32572.47 99 
100151.5  32572.87 99 
100152.0  32572.64 99 
100152.5  32572.59 99 
100153.0  32572.38 99 
100153.5  32572.82 99 
100154.0  32572.70 99 
100154.5  32572.78 99 
100155.0  32572.55 99 
100155.5  32572.44 99 
100156.0  32572.68 99 
100156.5  32572.41 99 
100157.0  32572.42 99 
100157.5  32572.67 99 
100158.0  32572.53 99 
100158.5  32572.61 99 
100159.0  32572.61 99 
100159.5  32572.61 99 
100200.0  32572.62 99 
100200.5  32572.72 99 
100201.0  32572.01 99 
100201.5  32572.37 99 
100202.0  32572.40 99 
100202.5  32572.57 99 
100203.0  32572.59 99 
100203.5  32572.39 99 
100204.0  32572.22 99 
100204.5  32572.59 99 
100205.0  32572.40 99 
100205.5  32572.65 99 
100206.0  32572.72 99 
100206.5  32572.54 99 
100207.0  32572.69 99 
100207.5  32572.79 99 
100208.0  32572.89 99 
100208.5  32572.32 99 
100209.0  32572.64 99 
100209.5  32572.79 99 
100210.0  32572.56 99 
100210.5  32572.50 99 
100211.0  32572.66 99 
100211.5  32572.45 99 
100212.0  32572.72 99 
100212.5  32572.41 99 
100213.0  32572.60 99 
100213.5  32572.35 99 
100214.0  32572.66 99 
100214.5  32572.53 99 
100215.0  32573.03 99 
100215.5  32572.68 99 
100216.0  32572.46 99 
100216.5  32572.93 99 
100217.0  32572.50 99 
100217.5  32572.32 99 
100218.0  32573.03 99 
100218.5  32572.28 99 
100219.0  32572.69 99 
100219.5  32572.37 99 
100220.0  32572.33 99 
100220.5  32572.50 99 
100221.0  32572.68 99 
100221.5  32572.74 99 
100222.0  32572.52 99 
100222.5  32572.19 99 
100223.0  32572.29 99 
100223.5  32572.70 99 
100224.0  32572.94 99 
100224.5  32572.42 99 
100225.0  32572.63 99 
100225.5  32572.47 99 
100226.0  32572.53 99 
100226.5  32572.67 99 
100227.0  32572.56 99 
100227.5  32572.69 99 
100228.0  32572.55 99 
100228.5  32572.64 99 
100229.0  32572.39 99 
100229.5  32572.48 99 
100230.0  32572.84 99 
100230.5  32572.29 99 
100231.0  32572.39 99 
100231.5  32572.70 99 
100232.0  32572.59 99 
100232.5  32572.48 99 
100233.0  32572.57 99 
100233.5  32572.47 99 
100234.0  32572.69 99 
100234.5  32572.01 99 
100235.0  32572.41 99 
100235.5  32572.97 99 
100236.0  32572.68 99 
100236.5  32572.35 99 
100237.0  32572.31 99 
100237.5  32572.78 99 
100238.0  32572.73 99 
100238.5  32572.61 99 
100239.0  32572.35 99 
100239.5  32572.37 99 
100240.0  32572.96 99 
100240.5  32572.89 99 
100241.0  32572.75 99 
100241.5  32572.56 99 
100242.0  32572.86 99 
100242.5  32572.63 99 
100243.0  32572.34 99 
100243.5  32572.43 99 
100244.0  32572.57 99 
100244.5  32572.64 99 
100245.0  32572.63 99 
100245.5  32573.06 99 
100246.0  32573.15 99 
100246.5  32572.58 99 
100247.0  32572.41 99 
100247.5  32572.99 99 
100248.0  32572.54 99 
100248.5  32572.75 99 
100249.0  32572.63 99 
100249.5  32572.14 99 
100250.0  32572.91 99 
100250.5  32572.84 99 
100251.0  32573.06 99 
100251.5  32572.74 99 
100252.0  32572.43 99 
100252.5  32572.89 99 
100253.0  32572.54 99 
100253.5  32572.82 99 
100254.0  32573.42 99 
100254.5  32572.48 99 
100255.0  32572.74 99 
100255.5  32572.93 99 
100256.0  32572.79 99 
100256.5  32572.45 99 
100257.0  32572.63 99 
100257.5  32572.77 99 
100258.0  32572.49 99 
100258.5  32572.35 99 
100259.0  32572.37 99 
100259.5  32573.05 99 
100300.0  32572.34 99 
100300.5  32573.18 99 
100301.0  32572.36 99 
100301.5  32572.68 99 
100302.0  32572.57 99 
100302.5  32572.94 99 
100303.0  32572.63 99 
100303.5  32572.57 99 
100304.0  32572.61 99 
100304.5  32572.19 99 
100305.0  32572.79 99 
100305.5  32572.91 99 
100306.0  32573.00 99 
100306.5  32572.80 99 
100307.0  32573.12 99 
100307.5  32573.13 99 
100308.0  32572.51 99 
100308.5  32573.04 99 
100309.0  32572.93 99 
100309.5  32572.26 99 
100310.0  32572.77 99 
100310.5  32572.54 99 
100311.0  32572.25 99 
100311.5  32572.76 99 
100312.0  32572.77 99 
100312.5  32572.20 99 
100313.0  32573.03 99 
100313.5  32573.00 99 
100314.0  32572.36 99 
100314.5  32573.05 99 
100315.0  32572.66 99 
100315.5  32572.95 99 
100316.0  32572.71 99 
100316.5  32572.60 99 
100317.0  32572.88 99 
100317.5  32572.67 99 
100318.0  32572.88 99 
100318.5  32572.93 99 
100319.0  32572.95 99 
100319.5  32572.69 99 
100320.0  32572.60 99 
100320.5  32572.39 99 
100321.0  32572.26 99 
100321.5  32572.53 99 
100322.0  32572.38 99 
100322.5  32572.57 99 
100323.0  32572.73 99 
100323.5  32572.53 99 
100324.0  32572.68 99 
100324.5  32572.58 99 
100325.0  32572.58 99 
100325.5  32572.50 99 
100326.0  32572.70 99 
100326.5  32572.08 99 
100327.0  32572.01 99 
100327.5  32573.52 99 
100328.0  32573.05 99 
100328.5  32572.58 99 
100329.0  32572.85 99 
100329.5  32572.27 99 
100330.0  32572.77 99 
100330.5  32572.58 99 
100331.0  32572.48 99 
100331.5  32572.52 99 
100332.0  32572.42 99 
100332.5  32572.50 99 
100333.0  32572.72 99 
100333.5  32572.32 99 
100334.0  32572.59 99 
100334.5  32572.68 99 
100335.0  32572.46 99 
100335.5  32572.51 99 
100336.0  32572.39 99 
100336.5  32572.96 99 
100337.0  32572.98 99 
100337.5  32572.49 99 
100338.0  32572.35 99 
100338.5  32572.74 99 
100339.0  32572.78 99 
100339.5  32572.33 99 
100340.0  32572.76 99 
100340.5  32572.79 99 
100341.0  32572.44 99 
100341.5  32572.58 99 
100342.0  32572.74 99 
100342.5  32572.97 99 
100343.0  32572.68 99 
100343.5  32572.63 99 
100344.0  32572.55 99 
100344.5  32572.41 99 
100345.0  32572.48 99 
100345.5  32572.69 99 
100346.0  32572.59 99 
100346.5  32572.90 99 
100347.0  32573.02 99 
100347.5  32572.42 99 
100348.0  32572.44 99 
100348.5  32572.42 99 
100349.0  32572.58 99 
100349.5  32572.51 99 
100350.0  32572.25 99 
100350.5  32572.73 99 
100351.0  32572.53 99 
100351.5  32572.43 99 
100352.0  32572.39 99 
100352.5  32572.73 99 
100353.0  32572.26 99 
100353.5  32572.29 99 
100354.0  32572.70 99 
100354.5  32573.08 99 
100355.0  32572.91 99 
100355.5  32572.86 99 
100356.0  32572.42 99 
100356.5  32572.66 99 
100357.0  32572.75 99 
100357.5  32572.61 99 
100358.0  32572.63 99 
100358.5  32572.41 99 
100359.0  32572.37 99 
100359.5  32572.97 99 
100400.0  32572.42 99 
100400.5  32572.79 99 
100401.0  32572.77 99 
100401.5  32572.67 99 
100402.0  32572.69 99 
100402.5  32572.89 99 
100403.0  32572.53 99 
100403.5  32572.52 99 
100404.0  32572.61 99 
100404.5  32572.60 99 
100405.0  32572.84 99 
100405.5  32572.36 99 
100406.0  32572.62 99 
100406.5  32572.92 99 
100407.0  32572.61 99 
100407.5  32572.50 99 
100408.0  32572.80 99 
100408.5  32572.62 99 
100409.0  32572.68 99 
100409.5  32572.50 99 
100410.0  32572.99 99 
100410.5  32572.47 99 
100411.0  32572.26 99 
100411.5  32572.40 99 
100412.0  32572.28 99 
100412.5  32572.64 99 
100413.0  32573.12 99 
100413.5  32572.69 99 
100414.0  32572.47 99 
100414.5  32572.62 99 
100415.0  32572.56 99 
100415.5  32572.61 99 
100416.0  32573.14 99 
100416.5  32572.15 99 
100417.0  32572.72 99 
100417.5  32572.54 99 
100418.0  32572.46 99 
100418.5  32572.36 99 
100419.0  32572.43 99 
100419.5  32572.69 99 
100420.0  32572.54 99 
100420.5  32572.33 99 
100421.0  32572.54 99 
100421.5  32572.46 99 
100422.0  32572.40 99 
100422.5  32572.58 99 
100423.0  32572.89 99 
100423.5  32572.56 99 
100424.0  32572.63 99 
100424.5  32572.93 99 
100425.0  32572.60 99 
100425.5  32572.62 99 
100426.0  32572.89 99 
100426.5  32572.53 99 
100427.0  32572.51 99 
100427.5  32572.29 99 
100428.0  32572.49 99 
100428.5  32572.72 99 
100429.0  32572.59 99 
100429.5  32572.43 99 
100430.0  32572.42 99 
100430.5  32572.51 99 
100431.0  32572.62 99 
100431.5  32572.41 99 
100432.0  32572.60 99 
100432.5  32572.62 99 
100433.0  32572.46 99 
100433.5  32572.90 99 
100434.0  32572.65 99 
100434.5  32573.19 99 
100435.0  32572.87 99 
100435.5  32572.38 99 
100436.0  32572.49 99 
100436.5  32572.65 99 
100437.0  32572.78 99 
100437.5  32573.01 99 
100438.0  32572.13 99 
100438.5  32572.58 99 
100439.0  32573.03 99 
100439.5  32572.74 99 
100440.0  32572.84 99 
100440.5  32572.43 99 
100441.0  32572.58 99 
100441.5  32573.09 99 
100442.0  32572.50 99 
100442.5  32572.30 99 
100443.0  32572.57 99 
100443.5  32572.50 99 
100444.0  32572.28 99 
100444.5  32572.52 99 
100445.0  32572.30 99 
100445.5  32572.28 99 
100446.0  32572.27 99 
100446.5  32572.66 99 
100447.0  32572.54 99 
100447.5  32572.40 99 
100448.0  32572.47 99 
100448.5  32572.51 99 
100449.0  32572.54 99 
100449.5  32572.46 99 
100450.0  32572.63 99 
100450.5  32572.74 99 
100451.0  32572.56 99 
100451.5  32573.15 99 
100452.0  32572.72 99 
100452.5  32572.70 99 
100453.0  32572.63 99 
100453.5  32572.88 99 
100454.0  32572.66 99 
100454.5  32572.71 99 
100455.0  32572.89 99 
100455.5  32572.85 99 
100456.0  32572.58 99 
100456.5  32572.47 99 
100457.0  32572.44 99 
100457.5  32572.43 99 
100458.0  32572.76 99 
100458.5  32572.69 99 
100459.0  32572.68 99 
100459.5  32572.95 99 
100500.0  32572.42 99 
100500.5  32572.74 99 
100501.0  32572.67 99 
100501.5  32573.07 99 
100502.0  32572.54 99 
100502.5  32572.63 99 
100503.0  32572.52 99 
100503.5  32572.84 99 
100504.0  32572.81 99 
100504.5  32572.55 99 
100505.0  32572.47 99 
100505.5  32572.62 99 
100506.0  32572.31 99 
100506.5  32572.95 99 
100507.0  32572.78 99 
100507.5  32572.56 99 
100508.0  32572.53 99 
100508.5  32572.11 99 
100509.0  32572.57 99 
100509.5  32572.23 99 
100510.0  32572.35 99 
100510.5  32572.44 99 
100511.0  32572.58 99 
100511.5  32572.45 99 
100512.0  32572.65 99 
100512.5  32572.25 99 
100513.0  32572.49 99 
100513.5  32572.70 99 
100514.0  32572.41 99 
100514.5  32572.45 99 
100515.0  32572.62 99 
100515.5  32572.64 99 
100516.0  32572.50 99 
100516.5  32572.63 99 
100517.0  32572.54 99 
100517.5  32572.36 99 
100518.0  32572.60 99 
100518.5  32572.57 99 
100519.0  32572.83 99 
100519.5  32572.99 99 
100520.0  32572.58 99 
100520.5  32572.61 99 
100521.0  32572.54 99 
100521.5  32572.61 99 
100522.0  32572.48 99 
100522.5  32572.73 99 
100523.0  32572.11 99 
100523.5  32572.39 99 
100524.0  32572.40 99 
100524.5  32572.77 99 
100525.0  32571.99 99 
100525.5  32572.93 99 
100526.0  32572.59 99 
100526.5  32572.53 99 
100527.0  32572.72 99 
100527.5  32572.64 99 
100528.0  32572.60 99 
100528.5  32572.32 99 
100529.0  32572.51 99 
100529.5  32572.35 99 
100530.0  32572.72 99 
100530.5  32572.51 99 
100531.0  32572.54 99 
100531.5  32572.29 99 
100532.0  32572.58 99 
100532.5  32572.52 99 
100533.0  32572.93 99 
100533.5  32572.70 99 
100534.0  32572.54 99 
100534.5  32572.65 99 
100535.0  32572.55 99 
100535.5  32572.96 99 
100536.0  32572.80 99 
100536.5  32572.81 99 
100537.0  32572.75 99 
100537.5  32572.78 99 
100538.0  32572.91 99 
100538.5  32572.71 99 
100539.0  32572.79 99 
100539.5  32572.72 99 
100540.0  32572.54 99 
100540.5  32572.64 99 
100541.0  32572.61 99 
100541.5  32573.05 99 
100542.0  32572.91 99 
100542.5  32572.62 99 
100543.0  32573.19 99 
100543.5  32572.65 99 
100544.0  32572.54 99 
100544.5  32572.70 99 
100545.0  32573.03 99 
100545.5  32572.92 99 
100546.0  32572.57 99 
100546.5  32572.46 99 
100547.0  32572.66 99 
100547.5  32572.57 99 
100548.0  32573.05 99 
100548.5  32572.81 99 
100549.0  32572.48 99 
100549.5  32572.93 99 
100550.0  32572.79 99 
100550.5  32572.88 99 
100551.0  32572.54 99 
100551.5  32572.40 99 
100552.0  32572.96 99 
100552.5  32572.71 99 
100553.0  32572.87 99 
100553.5  32572.63 99 
100554.0  32572.80 99 
100554.5  32572.46 99 
100555.0  32572.55 99 
100555.5  32572.66 99 
100556.0  32572.95 99 
100556.5  32572.39 99 
100557.0  32572.83 99 
100557.5  32572.78 99 
100558.0  32572.40 99 
100558.5  32572.74 99 
100559.0  32572.82 99 
100559.5  32572.36 99 
100600.0  32572.69 99 
100600.5  32572.60 99 
100601.0  32572.63 99 
100601.5  32572.59 99 
100602.0  32572.67 99 
100602.5  32573.01 99 
100603.0  32572.81 99 
100603.5  32573.01 99 
100604.0  32572.57 99 
100604.5  32573.05 99 
100605.0  32572.78 99 
100605.5  32572.68 99 
100606.0  32572.47 99 
100606.5  32572.45 99 
100607.0  32572.74 99 
100607.5  32572.52 99 
100608.0  32572.84 99 
100608.5  32572.81 99 
100609.0  32572.22 99 
100609.5  32572.59 99 
100610.0  32572.75 99 
100610.5  32572.81 99 
100611.0  32572.54 99 
100611.5  32572.10 99 
100612.0  32572.80 99 
100612.5  32572.37 99 
100613.0  32572.68 99 
100613.5  32572.49 99 
100614.0  32572.74 99 
100614.5  32572.75 99 
100615.0  32572.64 99 
100615.5  32572.81 99 
100616.0  32572.62 99 
100616.5  32572.56 99 
100617.0  32572.34 99 
100617.5  32572.82 99 
100618.0  32572.70 99 
100618.5  32572.76 99 
100619.0  32572.81 99 
100619.5  32572.51 99 
100620.0  32572.58 99 
100620.5  32572.80 99 
100621.0  32572.94 99 
100621.5  32572.90 99 
100622.0  32573.10 99 
100622.5  32572.93 99 
100623.0  32572.65 99 
100623.5  32572.93 99 
100624.0  32572.90 99 
100624.5  32572.67 99 
100625.0  32573.00 99 
100625.5  32572.69 99 
100626.0  32572.59 99 
100626.5  32573.07 99 
100627.0  32572.63 99 
100627.5  32572.65 99 
100628.0  32572.92 99 
100628.5  32572.60 99 
100629.0  32572.85 99 
100629.5  32572.95 99 
100630.0  32572.78 99 
100630.5  32572.99 99 
100631.0  32572.87 99 
100631.5  32573.15 99 
100632.0  32572.62 99 
100632.5  32572.39 99 
100633.0  32572.60 99 
100633.5  32572.63 99 
100634.0  32572.69 99 
100634.5  32572.69 99 
100635.0  32572.99 99 
100635.5  32573.21 99 
100636.0  32572.81 99 
100636.5  32572.44 99 
100637.0  32572.57 99 
100637.5  32572.53 99 
100638.0  32572.43 99 
100638.5  32572.67 99 
100639.0  32572.51 99 
100639.5  32573.18 99 
100640.0  32572.99 99 
100640.5  32572.88 99 
100641.0  32572.85 99 
100641.5  32572.78 99 
100642.0  32572.90 99 
100642.5  32572.65 99 
100643.0  32572.91 99 
100643.5  32572.68 99 
100644.0  32572.56 99 
100644.5  32572.57 99 
100645.0  32572.77 99 
100645.5  32572.55 99 
100646.0  32572.61 99 
100646.5  32572.54 99 
100647.0  32572.86 99 
100647.5  32572.29 99 
100648.0  32572.50 99 
100648.5  32572.66 99 
100649.0  32572.70 99 
100649.5  32572.39 99 
100650.0  32573.24 99 
100650.5  32572.54 99 
100651.0  32572.76 99 
100651.5  32573.06 99 
100652.0  32572.61 99 
100652.5  32572.51 99 
100653.0  32572.90 99 
100653.5  32573.08 99 
100654.0  32572.70 99 
100654.5  32572.58 99 
100655.0  32572.39 99 
100655.5  32572.74 99 
100656.0  32572.87 99 
100656.5  32572.63 99 
100657.0  32572.58 99 
100657.5  32572.93 99 
100658.0  32572.89 99 
100658.5  32572.54 99 
100659.0  32572.67 99 
100659.5  32572.88 99 
100700.0  32572.82 99 
100700.5  32572.31 99 
100701.0  32572.98 99 
100701.5  32572.69 99 
100702.0  32572.56 99 
100702.5  32572.42 99 
100703.0  32572.64 99 
100703.5  32573.09 99 
100704.0  32572.76 99 
100704.5  32572.66 99 
100705.0  32572.79 99 
100705.5  32572.70 99 
100706.0  32573.07 99 
100706.5  32573.07 99 
100707.0  32572.78 99 
100707.5  32573.11 99 
100708.0  32572.97 99 
100708.5  32572.71 99 
100709.0  32573.03 99 
100709.5  32572.98 99 
100710.0  32573.11 99 
100710.5  32572.76 99 
100711.0  32572.58 99 
100711.5  32572.75 99 
100712.0  32572.87 99 
100712.5  32573.06 99 
100713.0  32572.87 99 
100713.5  32572.34 99 
100714.0  32573.18 99 
100714.5  32572.98 99 
100715.0  32572.67 99 
100715.5  32572.98 99 
100716.0  32573.17 99 
100716.5  32572.62 99 
100717.0  32572.83 99 
100717.5  32572.91 99 
100718.0  32572.98 99 
100718.5  32573.06 99 
100719.0  32572.82 99 
100719.5  32572.73 99 
100720.0  32573.10 99 
100720.5  32572.59 99 
100721.0  32572.70 99 
100721.5  32572.81 99 
100722.0  32572.93 99 
100722.5  32572.77 99 
100723.0  32572.83 99 
100723.5  32573.04 99 
100724.0  32573.18 99 
100724.5  32573.13 99 
100725.0  32573.02 99 
100725.5  32572.92 99 
100726.0  32572.98 99 
100726.5  32572.94 99 
100727.0  32572.98 99 
100727.5  32572.80 99 
100728.0  32572.41 99 
100728.5  32572.92 99 
100729.0  32573.24 99 
100729.5  32573.03 99 
100730.0  32572.81 99 
100730.5  32573.42 99 
100731.0  32573.08 99 
100731.5  32572.84 99 
100732.0  32572.96 99 
100732.5  32572.85 99 
100733.0  32573.05 99 
100733.5  32573.19 99 
100734.0  32572.90 99 
100734.5  32572.87 99 
100735.0  32572.67 99 
100735.5  32572.73 99 
100736.0  32572.92 99 
100736.5  32572.83 99 
100737.0  32572.80 99 
100737.5  32572.96 99 
100738.0  32572.97 99 
100738.5  32572.79 99 
100739.0  32572.83 99 
100739.5  32572.61 99 
100740.0  32572.88 99 
100740.5  32573.29 99 
100741.0  32572.72 99 
100741.5  32573.15 99 
100742.0  32573.13 99 
100742.5  32573.05 99 
100743.0  32572.80 99 
100743.5  32572.85 99 
100744.0  32572.97 99 
100744.5  32572.92 99 
100745.0  32573.21 99 
100745.5  32573.42 99 
100746.0  32573.56 99 
100746.5  32572.84 99 
100747.0  32572.93 99 
100747.5  32573.06 99 
100748.0  32572.95 99 
100748.5  32573.07 99 
100749.0  32573.13 99 
100749.5  32573.05 99 
100750.0  32573.14 99 
100750.5  32572.91 99 
100751.0  32573.15 99 
100751.5  32572.97 99 
100752.0  32573.16 99 
100752.5  32572.71 99 
100753.0  32572.94 99 
100753.5  32573.17 99 
100754.0  32573.27 99 
100754.5  32572.97 99 
100755.0  32573.19 99 
100755.5  32572.85 99 
100756.0  32572.90 99 
100756.5  32573.10 99 
100757.0  32573.24 99 
100757.5  32573.27 99 
100758.0  32573.10 99 
100758.5  32572.85 99 
100759.0  32572.71 99 
100759.5  32573.18 99 
100800.0  32573.02 99 
100800.5  32572.75 99 
100801.0  32573.05 99 
100801.5  32573.30 99 
100802.0  32573.16 99 
100802.5  32573.15 99 
100803.0  32573.25 99 
100803.5  32573.15 99 
100804.0  32573.43 99 
100804.5  32573.37 99 
100805.0  32573.18 99 
100805.5  32573.05 99 
100806.0  32573.28 99 
100806.5  32573.58 99 
100807.0  32573.13 99 
100807.5  32573.09 99 
100808.0  32573.02 99 
100808.5  32573.25 99 
100809.0  32573.11 99 
100809.5  32573.13 99 
100810.0  32573.04 99 
100810.5  32573.30 99 
100811.0  32573.35 99 
100811.5  32573.04 99 
100812.0  32573.27 99 
100812.5  32572.65 99 
100813.0  32573.14 99 
100813.5  32573.18 99 
100814.0  32573.27 99 
100814.5  32573.35 99 
100815.0  32573.24 99 
100815.5  32572.96 99 
100816.0  32573.27 99 
100816.5  32573.06 99 
100817.0  32573.24 99 
100817.5  32573.22 99 
100818.0  32573.40 99 
100818.5  32573.27 99 
100819.0  32573.42 99 
100819.5  32573.23 99 
100820.0  32573.63 99 
100820.5  32572.66 99 
100821.0  32573.32 99 
100821.5  32573.18 99 
100822.0  32573.34 99 
100822.5  32573.49 99 
100823.0  32573.03 99 
100823.5  32573.16 99 
100824.0  32573.03 99 
100824.5  32573.00 99 
100825.0  32573.33 99 
100825.5  32573.35 99 
100826.0  32573.15 99 
100826.5  32573.00 99 
100827.0  32572.92 99 
100827.5  32573.53 99 
100828.0  32572.81 99 
100828.5  32573.00 99 
100829.0  32573.14 99 
100829.5  32572.87 99 
100830.0  32573.42 99 
100830.5  32573.26 99 
100831.0  32573.32 99 
100831.5  32573.29 99 
100832.0  32572.92 99 
100832.5  32572.99 99 
100833.0  32573.02 99 
100833.5  32573.08 99 
100834.0  32573.30 99 
100834.5  32573.39 99 
100835.0  32573.59 99 
100835.5  32573.24 99 
100836.0  32572.79 99 
100836.5  32573.43 99 
100837.0  32573.14 99 
100837.5  32573.02 99 
100838.0  32573.21 99 
100838.5  32572.94 99 
100839.0  32573.31 99 
100839.5  32573.17 99 
100840.0  32573.27 99 
100840.5  32573.39 99 
100841.0  32572.79 99 
100841.5  32572.95 99 
100842.0  32573.41 99 
100842.5  32573.30 99 
100843.0  32573.33 99 
100843.5  32573.11 99 
100844.0  32573.48 99 
100844.5  32572.90 99 
100845.0  32573.02 99 
100845.5  32573.43 99 
100846.0  32573.34 99 
100846.5  32573.34 99 
100847.0  32573.33 99 
100847.5  32573.35 99 
100848.0  32573.52 99 
100848.5  32573.39 99 
100849.0  32573.08 99 
100849.5  32573.19 99 
100850.0  32572.66 99 
100850.5  32573.07 99 
100851.0  32572.94 99 
100851.5  32573.11 99 
100852.0  32573.33 99 
100852.5  32573.27 99 
100853.0  32573.27 99 
100853.5  32573.50 99 
100854.0  32573.59 99 
100854.5  32573.22 99 
100855.0  32573.64 99 
100855.5  32573.39 99 
100856.0  32573.43 99 
100856.5  32573.22 99 
100857.0  32573.22 99 
100857.5  32573.11 99 
100858.0  32573.26 99 
100858.5  32573.11 99 
100859.0  32573.38 99 
100859.5  32573.10 99 
100900.0  32573.01 99 
100900.5  32573.04 99 
100901.0  32573.33 99 
100901.5  32572.99 99 
100902.0  32572.89 99 
100902.5  32573.43 99 
100903.0  32573.27 99 
100903.5  32573.16 99 
100904.0  32573.05 99 
100904.5  32573.10 99 
100905.0  32573.32 99 
100905.5  32573.55 99 
100906.0  32573.50 99 
100906.5  32573.08 99 
100907.0  32573.63 99 
100907.5  32573.42 99 
100908.0  32573.38 99 
100908.5  32573.27 99 
100909.0  32573.01 99 
100909.5  32573.23 99 
100910.0  32573.32 99 
100910.5  32573.15 99 
100911.0  32573.28 99 
100911.5  32573.25 99 
100912.0  32573.23 99 
100912.5  32572.93 99 
100913.0  32573.64 99 
100913.5  32573.46 99 
100914.0  32573.13 99 
100914.5  32572.90 99 
100915.0  32573.37 99 
100915.5  32573.30 99 
100916.0  32573.32 99 
100916.5  32573.27 99 
100917.0  32573.43 99 
100917.5  32573.61 99 
100918.0  32573.37 99 
100918.5  32573.40 99 
100919.0  32573.61 99 
100919.5  32573.46 99 
100920.0  32573.09 99 
100920.5  32573.60 99 
100921.0  32572.74 99 
100921.5  32573.67 99 
100922.0  32573.16 99 
100922.5  32573.52 99 
100923.0  32573.42 99 
100923.5  32573.35 99 
100924.0  32573.34 99 
100924.5  32573.25 99 
100925.0  32573.32 99 
100925.5  32573.54 99 
100926.0  32573.38 99 
100926.5  32573.28 99 
100927.0  32572.97 99 
100927.5  32573.35 99 
100928.0  32573.52 99 
100928.5  32573.31 99 
100929.0  32572.92 99 
100929.5  32573.11 99 
100930.0  32572.88 99 
100930.5  32573.26 99 
100931.0  32573.04 99 
100931.5  32573.31 99 
100932.0  32573.49 99 
100932.5  32573.06 99 
100933.0  32573.44 99 
100933.5  32573.33 99 
100934.0  32573.48 99 
100934.5  32573.19 99 
100935.0  32573.21 99 
100935.5  32573.21 99 
100936.0  32573.32 99 
100936.5  32573.37 99 
100937.0  32573.30 99 
100937.5  32573.20 99 
100938.0  32573.40 99 
100938.5  32573.55 99 
100939.0  32573.41 99 
100939.5  32573.47 99 
100940.0  32573.25 99 
100940.5  32573.45 99 
100941.0  32573.34 99 
100941.5  32573.33 99 
100942.0  32573.15 99 
100942.5  32573.19 99 
100943.0  32573.22 99 
100943.5  32573.54 99 
100944.0  32572.76 99 
100944.5  32573.23 99 
100945.0  32572.95 99 
100945.5  32573.12 99 
100946.0  32573.52 99 
100946.5  32573.12 99 
100947.0  32573.36 99 
100947.5  32573.32 99 
100948.0  32573.66 99 
100948.5  32573.34 99 
100949.0  32573.42 99 
100949.5  32573.19 99 
100950.0  32573.75 99 
100950.5  32573.32 99 
100951.0  32573.48 99 
100951.5  32573.50 99 
100952.0  32573.29 99 
100952.5  32573.32 99 
100953.0  32573.26 99 
100953.5  32573.63 99 
100954.0  32573.40 99 
100954.5  32573.38 99 
100955.0  32573.20 99 
100955.5  32573.20 99 
100956.0  32573.44 99 
100956.5  32573.40 99 
100957.0  32573.45 99 
100957.5  32573.37 99 
100958.0  32573.76 99 
100958.5  32573.36 99 
100959.0  32573.36 99 
100959.5  32573.63 99 
101000.0  32573.29 99 
101000.5  32573.47 99 
101001.0  32573.79 99 
101001.5  32573.30 99 
101002.0  32573.52 99 
101002.5  32573.57 99 
101003.0  32573.45 99 
101003.5  32573.45 99 
101004.0  32573.86 99 
101004.5  32573.28 99 
101005.0  32573.04 99 
101005.5  32573.39 99 
101006.0  32573.02 99 
101006.5  32573.57 99 
101007.0  32573.41 99 
101007.5  32573.35 99 
101008.0  32573.42 99 
101008.5  32573.77 99 
101009.0  32573.69 99 
101009.5  32573.06 99 
101010.0  32573.27 99 
101010.5  32573.31 99 
101011.0  32573.32 99 
101011.5  32573.14 99 
101012.0  32573.23 99 
101012.5  32573.29 99 
101013.0  32573.38 99 
101013.5  32573.82 99 
101014.0  32573.43 99 
101014.5  32573.55 99 
101015.0  32573.29 99 
101015.5  32573.36 99 
101016.0  32573.56 99 
101016.5  32573.13 99 
101017.0  32573.05 99 
101017.5  32573.38 99 
101018.0  32573.87 99 
101018.5  32573.78 99 
101019.0  32573.74 99 
101019.5  32573.46 99 
101020.0  32573.25 99 
101020.5  32573.56 99 
101021.0  32573.58 99 
101021.5  32573.30 99 
101022.0  32573.27 99 
101022.5  32573.76 99 
101023.0  32573.44 99 
101023.5  32573.54 99 
101024.0  32573.29 99 
101024.5  32573.19 99 
101025.0  32573.49 99 
101025.5  32573.73 99 
101026.0  32573.65 99 
101026.5  32573.39 99 
101027.0  32573.51 99 
101027.5  32573.41 99 
101028.0  32573.33 99 
101028.5  32573.34 99 
101029.0  32573.33 99 
101029.5  32573.34 99 
101030.0  32573.60 99 
101030.5  32573.67 99 
101031.0  32573.24 99 
101031.5  32573.45 99 
101032.0  32573.41 99 
101032.5  32572.94 99 
101033.0  32573.44 99 
101033.5  32573.45 99 
101034.0  32573.47 99 
101034.5  32573.37 99 
101035.0  32573.55 99 
101035.5  32573.57 99 
101036.0  32573.54 99 
101036.5  32573.61 99 
101037.0  32573.45 99 
101037.5  32573.88 99 
101038.0  32573.33 99 
101038.5  32573.57 99 
101039.0  32573.17 99 
101039.5  32573.66 99 
101040.0  32573.39 99 
101040.5  32573.42 99 
101041.0  32573.41 99 
101041.5  32573.95 99 
101042.0  32573.21 99 
101042.5  32573.43 99 
101043.0  32573.59 99 
101043.5  32573.72 99 
101044.0  32573.18 99 
101044.5  32573.14 99 
101045.0  32573.68 99 
101045.5  32573.96 99 
101046.0  32573.48 99 
101046.5  32573.68 99 
101047.0  32573.16 99 
101047.5  32573.70 99 
101048.0  32573.46 99 
101048.5  32573.42 99 
101049.0  32573.70 99 
101049.5  32573.66 99 
101050.0  32573.67 99 
101050.5  32573.26 99 
101051.0  32573.84 99 
101051.5  32573.73 99 
101052.0  32573.83 99 
101052.5  32573.49 99 
101053.0  32573.32 99 
101053.5  32573.46 99 
101054.0  32573.59 99 
101054.5  32573.53 99 
101055.0  32573.48 99 
101055.5  32573.61 99 
101056.0  32573.74 99 
101056.5  32573.33 99 
101057.0  32573.26 99 
101057.5  32573.62 99 
101058.0  32573.65 99 
101058.5  32573.30 99 
101059.0  32573.51 99 
101059.5  32573.62 99 
101100.0  32573.81 99 
101100.5  32573.16 99 
101101.0  32573.38 99 
101101.5  32573.21 99 
101102.0  32573.38 99 
101102.5  32573.43 99 
101103.0  32573.59 99 
101103.5  32573.85 99 
101104.0  32573.50 99 
101104.5  32573.71 99 
101105.0  32573.08 99 
101105.5  32573.40 99 
101106.0  32573.57 99 
101106.5  32574.12 99 
101107.0  32573.67 99 
101107.5  32574.23 99 
101108.0  32573.75 99 
101108.5  32573.79 99 
101109.0  32573.73 99 
101109.5  32574.23 99 
101110.0  32573.38 99 
101110.5  32573.80 99 
101111.0  32573.50 99 
101111.5  32572.98 99 
101112.0  32573.96 99 
101112.5  32573.78 99 
101113.0  32573.92 99 
101113.5  32573.51 99 
101114.0  32573.61 99 
101114.5  32573.58 99 
101115.0  32573.85 99 
101115.5  32573.49 99 
101116.0  32573.65 99 
101116.5  32573.42 99 
101117.0  32574.11 99 
101117.5  32573.72 99 
101118.0  32573.96 99 
101118.5  32573.66 99 
101119.0  32573.47 99 
101119.5  32573.75 99 
101120.0  32573.87 99 
101120.5  32573.62 99 
101121.0  32573.67 99 
101121.5  32574.00 99 
101122.0  32574.12 99 
101122.5  32573.32 99 
101123.0  32573.75 99 
101123.5  32573.56 99 
101124.0  32573.36 99 
101124.5  32573.88 99 
101125.0  32573.67 99 
101125.5  32573.69 99 
101126.0  32573.45 99 
101126.5  32573.90 99 
101127.0  32573.94 99 
101127.5  32574.09 99 
101128.0  32573.85 99 
101128.5  32573.90 99 
101129.0  32573.70 99 
101129.5  32573.46 99 
101130.0  32573.83 99 
101130.5  32573.89 99 
101131.0  32573.49 99 
101131.5  32573.68 99 
101132.0  32573.72 99 
101132.5  32573.55 99 
101133.0  32573.77 99 
101133.5  32573.49 99 
101134.0  32573.54 99 
101134.5  32574.02 99 
101135.0  32573.65 99 
101135.5  32573.40 99 
101136.0  32573.74 99 
101136.5  32573.82 99 
101137.0  32573.40 99 
101137.5  32573.48 99 
101138.0  32573.76 99 
101138.5  32573.48 99 
101139.0  32573.75 99 
101139.5  32573.27 99 
101140.0  32573.69 99 
101140.5  32573.41 99 
101141.0  32573.14 99 
101141.5  32573.50 99 
101142.0  32573.29 99 
101142.5  32574.33 99 
101143.0  32573.95 99 
101143.5  32573.77 99 
101144.0  32573.84 99 
101144.5  32573.85 99 
101145.0  32573.43 99 
101145.5  32573.67 99 
101146.0  32573.92 99 
101146.5  32573.61 99 
101147.0  32573.40 99 
101147.5  32573.61 99 
101148.0  32573.39 99 
101148.5  32573.67 99 
101149.0  32573.94 99 
101149.5  32573.38 99 
101150.0  32573.90 99 
101150.5  32573.53 99 
101151.0  32573.63 99 
101151.5  32573.35 99 
101152.0  32573.68 99 
101152.5  32573.67 99 
101153.0  32573.35 99 
101153.5  32573.67 99 
101154.0  32573.51 99 
101154.5  32573.72 99 
101155.0  32573.59 99 
101155.5  32573.87 99 
101156.0  32573.74 99 
101156.5  32573.54 99 
101157.0  32573.72 99 
101157.5  32573.62 99 
101158.0  32573.47 99 
101158.5  32573.30 99 
101159.0  32573.32 99 
101159.5  32573.73 99 
101200.0  32573.62 99 
101200.5  32574.05 99 
101201.0  32573.87 99 
101201.5  32573.77 99 
101202.0  32574.05 99 
101202.5  32573.57 99 
101203.0  32573.68 99 
101203.5  32573.63 99 
101204.0  32573.86 99 
101204.5  32573.42 99 
101205.0  32573.53 99 
101205.5  32573.67 99 
101206.0  32574.02 99 
101206.5  32573.64 99 
101207.0  32573.37 99 
101207.5  32573.69 99 
101208.0  32573.49 99 
101208.5  32573.73 99 
101209.0  32573.72 99 
101209.5  32573.78 99 
101210.0  32573.93 99 
101210.5  32574.02 99 
101211.0  32574.22 99 
101211.5  32573.54 99 
101212.0  32573.57 99 
101212.5  32573.76 99 
101213.0  32574.18 99 
101213.5  32573.65 99 
101214.0  32573.76 99 
101214.5  32573.84 99 
101215.0  32573.76 99 
101215.5  32573.85 99 
101216.0  32573.28 99 
101216.5  32573.93 99 
101217.0  32573.57 99 
101217.5  32573.59 99 
101218.0  32573.38 99 
101218.5  32573.83 99 
101219.0  32573.88 99 
101219.5  32573.54 99 
101220.0  32573.91 99 
101220.5  32573.70 99 
101221.0  32573.69 99 
101221.5  32573.81 99 
101222.0  32573.74 99 
101222.5  32573.79 99 
101223.0  32573.68 99 
101223.5  32573.63 99 
101224.0  32573.92 99 
101224.5  32573.90 99 
101225.0  32573.93 99 
101225.5  32573.52 99 
101226.0  32573.38 99 
101226.5  32573.61 99 
101227.0  32573.76 99 
101227.5  32574.15 99 
101228.0  32573.54 99 
101228.5  32573.66 99 
101229.0  32573.97 99 
101229.5  32573.74 99 
101230.0  32573.79 99 
101230.5  32573.59 99 
101231.0  32573.23 99 
101231.5  32573.67 99 
101232.0  32573.74 99 
101232.5  32574.04 99 
101233.0  32573.93 99 
101233.5  32573.69 99 
101234.0  32573.57 99 
101234.5  32573.75 99 
101235.0  32573.63 99 
101235.5  32573.47 99 
101236.0  32573.65 99 
101236.5  32573.37 99 
101237.0  32573.74 99 
101237.5  32573.59 99 
101238.0  32573.67 99 
101238.5  32573.77 99 
101239.0  32573.93 99 
101239.5  32573.93 99 
101240.0  32573.89 99 
101240.5  32574.00 99 
101241.0  32573.84 99 
101241.5  32573.84 99 
101242.0  32573.77 99 
101242.5  32573.70 99 
101243.0  32573.91 99 
101243.5  32574.01 99 
101244.0  32573.32 99 
101244.5  32573.57 99 
101245.0  32573.88 99 
101245.5  32573.94 99 
101246.0  32574.08 99 
101246.5  32573.38 99 
101247.0  32573.97 99 
101247.5  32573.44 99 
101248.0  32573.77 99 
101248.5  32573.88 99 
101249.0  32573.20 99 
101249.5  32573.75 99 
101250.0  32573.87 99 
101250.5  32573.90 99 
101251.0  32573.96 99 
101251.5  32573.95 99 
101252.0  32573.99 99 
101252.5  32573.90 99 
101253.0  32574.11 99 
101253.5  32573.44 99 
101254.0  32574.50 99 
101254.5  32573.43 99 
101255.0  32573.84 99 
101255.5  32573.78 99 
101256.0  32573.66 99 
101256.5  32573.80 99 
101257.0  32573.95 99 
101257.5  32574.11 99 
101258.0  32573.66 99 
101258.5  32573.88 99 
101259.0  32573.91 99 
101259.5  32573.48 99 
101300.0  32573.84 99 
101300.5  32574.06 99 
101301.0  32573.53 99 
101301.5  32573.72 99 
101302.0  32573.66 99 
101302.5  32573.74 99 
101303.0  32573.80 99 
101303.5  32573.93 99 
101304.0  32573.99 99 
101304.5  32573.82 99 
101305.0  32573.92 99 
101305.5  32573.88 99 
101306.0  32573.98 99 
101306.5  32573.81 99 
101307.0  32574.27 99 
101307.5  32574.15 99 
101308.0  32573.77 99 
101308.5  32573.78 99 
101309.0  32573.67 99 
101309.5  32573.76 99 
101310.0  32573.74 99 
101310.5  32573.76 99 
101311.0  32573.99 99 
101311.5  32574.09 99 
101312.0  32574.71 99 
101312.5  32573.94 99 
101313.0  32574.58 99 
101313.5  32574.51 99 
101314.0  32573.91 99 
101314.5  32573.61 99 
101315.0  32573.75 99 
101315.5  32573.98 99 
101316.0  32574.38 99 
101316.5  32573.87 99 
101317.0  32573.83 99 
101317.5  32573.82 99 
101318.0  32573.96 99 
101318.5  32573.93 99 
101319.0  32574.07 99 
101319.5  32573.35 99 
101320.0  32574.01 99 
101320.5  32573.68 99 
101321.0  32574.39 99 
101321.5  32573.53 99 
101322.0  32573.62 99 
101322.5  32573.45 99 
101323.0  32573.71 99 
101323.5  32574.22 99 
101324.0  32573.28 99 
101324.5  32573.84 99 
101325.0  32574.22 99 
101325.5  32573.88 99 
101326.0  32574.03 99 
101326.5  32574.41 99 
101327.0  32574.27 99 
101327.5  32574.06 99 
101328.0  32573.58 99 
101328.5  32573.69 99 
101329.0  32573.43 99 
101329.5  32573.75 99 
101330.0  32573.60 99 
101330.5  32573.63 99 
101331.0  32573.57 99 
101331.5  32573.65 99 
101332.0  32573.81 99 
101332.5  32573.69 99 
101333.0  32573.95 99 
101333.5  32573.84 99 
101334.0  32573.71 99 
101334.5  32574.23 99 
101335.0  32573.75 99 
101335.5  32573.56 99 
101336.0  32573.89 99 
101336.5  32573.86 99 
101337.0  32573.84 99 
101337.5  32574.13 99 
101338.0  32574.13 99 
101338.5  32574.05 99 
101339.0  32573.49 99 
101339.5  32574.17 99 
101340.0  32573.24 99 
101340.5  32574.19 99 
101341.0  32573.79 99 
101341.5  32573.83 99 
101342.0  32573.14 99 
101342.5  32573.90 99 
101343.0  32573.91 99 
101343.5  32573.86 99 
101344.0  32573.96 99 
101344.5  32574.05 99 
101345.0  32574.03 99 
101345.5  32574.13 99 
101346.0  32574.08 99 
101346.5  32573.87 99 
101347.0  32573.86 99 
101347.5  32574.13 99 
101348.0  32573.83 99 
101348.5  32573.98 99 
101349.0  32573.73 99 
101349.5  32573.82 99 
101350.0  32573.65 99 
101350.5  32573.84 99 
101351.0  32573.76 99 
101351.5  32573.81 99 
101352.0  32574.09 99 
101352.5  32573.96 99 
101353.0  32573.94 99 
101353.5  32573.66 99 
101354.0  32574.06 99 
101354.5  32573.79 99 
101355.0  32574.04 99 
101355.5  32574.06 99 
101356.0  32573.85 99 
101356.5  32574.41 99 
101357.0  32574.26 99 
101357.5  32574.31 99 
101358.0  32574.19 99 
101358.5  32573.73 99 
101359.0  32573.76 99 
101359.5  32573.93 99 
101400.0  32573.79 99 
101400.5  32574.14 99 
101401.0  32573.93 99 
101401.5  32573.69 99 
101402.0  32573.79 99 
101402.5  32573.78 99 
101403.0  32574.16 99 
101403.5  32573.72 99 
101404.0  32573.93 99 
101404.5  32573.53 99 
101405.0  32574.17 99 
101405.5  32573.76 99 
101406.0  32573.88 99 
101406.5  32574.20 99 
101407.0  32573.91 99 
101407.5  32573.92 99 
101408.0  32573.88 99 
101408.5  32573.70 99 
101409.0  32573.90 99 
101409.5  32573.47 99 
101410.0  32573.67 99 
101410.5  32574.44 99 
101411.0  32573.82 99 
101411.5  32574.25 99 
101412.0  32574.45 99 
101412.5  32573.89 99 
101413.0  32574.26 99 
101413.5  32574.01 99 
101414.0  32574.01 99 
101414.5  32574.31 99 
101415.0  32574.03 99 
101415.5  32573.94 99 
101416.0  32574.05 99 
101416.5  32573.78 99 
101417.0  32573.89 99 
101417.5  32573.67 99 
101418.0  32573.82 99 
101418.5  32574.42 99 
101419.0  32573.89 99 
101419.5  32573.67 99 
101420.0  32573.77 99 
101420.5  32573.91 99 
101421.0  32574.04 99 
101421.5  32574.28 99 
101422.0  32574.23 99 
101422.5  32573.75 99 
101423.0  32573.99 99 
101423.5  32574.16 99 
101424.0  32573.89 99 
101424.5  32573.60 99 
101425.0  32573.89 99 
101425.5  32574.17 99 
101426.0  32574.08 99 
101426.5  32573.97 99 
101427.0  32574.06 99 
101427.5  32574.11 99 
101428.0  32574.26 99 
101428.5  32573.99 99 
101429.0  32573.98 99 
101429.5  32574.05 99 
101430.0  32574.15 99 
101430.5  32573.69 99 
101431.0  32574.38 99 
101431.5  32574.45 99 
101432.0  32574.01 99 
101432.5  32574.01 99 
101433.0  32573.33 99 
101433.5  32574.18 99 
101434.0  32573.75 99 
101434.5  32574.30 99 
101435.0  32574.14 99 
101435.5  32574.44 99 
101436.0  32573.91 99 
101436.5  32573.91 99 
101437.0  32573.61 99 
101437.5  32574.32 99 
101438.0  32574.26 99 
101438.5  32574.15 99 
101439.0  32574.17 99 
101439.5  32573.81 99 
101440.0  32573.73 99 
101440.5  32573.97 99 
101441.0  32573.83 99 
101441.5  32574.05 99 
101442.0  32574.01 99 
101442.5  32573.71 99 
101443.0  32574.28 99 
101443.5  32574.21 99 
101444.0  32573.98 99 
101444.5  32573.56 99 
101445.0  32574.00 99 
101445.5  32574.26 99 
101446.0  32573.87 99 
101446.5  32573.67 99 
101447.0  32574.38 99 
101447.5  32574.24 99 
101448.0  32574.35 99 
101448.5  32574.05 99 
101449.0  32573.90 99 
101449.5  32573.89 99 
101450.0  32573.88 99 
101450.5  32574.16 99 
101451.0  32573.85 99 
101451.5  32573.94 99 
101452.0  32574.20 99 
101452.5  32574.46 99 
101453.0  32574.23 99 
101453.5  32574.46 99 
101454.0  32574.38 99 
101454.5  32573.73 99 
101455.0  32574.01 99 
101455.5  32573.92 99 
101456.0  32574.25 99 
101456.5  32574.12 99 
101457.0  32573.93 99 
101457.5  32574.24 99 
101458.0  32574.38 99 
101458.5  32574.11 99 
101459.0  32574.05 99 
101459.5  32574.21 99 
101500.0  32573.79 99 
101500.5  32574.63 99 
101501.0  32573.93 99 
101501.5  32574.34 99 
101502.0  32573.91 99 
101502.5  32574.05 99 
101503.0  32573.89 99 
101503.5  32574.01 99 
101504.0  32573.90 99 
101504.5  32574.34 99 
101505.0  32574.29 99 
101505.5  32574.00 99 
101506.0  32574.13 99 
101506.5  32574.19 99 
101507.0  32574.25 99 
101507.5  32573.97 99 
101508.0  32574.08 99 
101508.5  32573.97 99 
101509.0  32573.92 99 
101509.5  32574.24 99 
101510.0  32574.52 99 
101510.5  32573.82 99 
101511.0  32574.27 99 
101511.5  32573.82 99 
101512.0  32574.02 99 
101512.5  32574.61 99 
101513.0  32574.19 99 
101513.5  32574.01 99 
101514.0  32574.18 99 
101514.5  32573.81 99 
101515.0  32574.14 99 
101515.5  32573.54 99 
101516.0  32574.16 99 
101516.5  32574.31 99 
101517.0  32574.24 99 
101517.5  32574.09 99 
101518.0  32574.03 99 
101518.5  32574.37 99 
101519.0  32574.01 99 
101519.5  32573.91 99 
101520.0  32573.96 99 
101520.5  32573.70 99 
101521.0  32573.81 99 
101521.5  32574.09 99 
101522.0  32574.39 99 
101522.5  32574.65 99 
101523.0  32573.94 99 
101523.5  32574.20 99 
101524.0  32573.67 99 
101524.5  32574.56 99 
101525.0  32574.29 99 
101525.5  32573.94 99 
101526.0  32574.28 99 
101526.5  32574.11 99 
101527.0  32574.80 99 
101527.5  32573.86 99 
101528.0  32574.30 99 
101528.5  32573.85 99 
101529.0  32574.42 99 
101529.5  32573.77 99 
101530.0  32574.20 99 
101530.5  32574.27 99 
101531.0  32574.14 99 
101531.5  32574.32 99 
101532.0  32573.79 99 
101532.5  32574.17 99 
101533.0  32574.01 99 
101533.5  32574.20 99 
101534.0  32573.94 99 
101534.5  32574.24 99 
101535.0  32574.16 99 
101535.5  32574.67 99 
101536.0  32574.02 99 
101536.5  32574.27 99 
101537.0  32573.89 99 
101537.5  32573.98 99 
101538.0  32574.10 99 
101538.5  32574.23 99 
101539.0  32573.76 99 
101539.5  32574.06 99 
101540.0  32574.48 99 
101540.5  32574.23 99 
101541.0  32574.04 99 
101541.5  32574.10 99 
101542.0  32574.00 99 
101542.5  32574.77 99 
101543.0  32573.86 99 
101543.5  32574.15 99 
101544.0  32574.75 99 
101544.5  32574.05 99 
101545.0  32573.65 99 
101545.5  32574.02 99 
101546.0  32574.11 99 
101546.5  32574.16 99 
101547.0  32573.94 99 
101547.5  32574.47 99 
101548.0  32574.17 99 
101548.5  32573.37 99 
101549.0  32573.85 99 
101549.5  32574.38 99 
101550.0  32574.05 99 
101550.5  32573.84 99 
101551.0  32574.00 99 
101551.5  32574.24 99 
101552.0  32574.45 99 
101552.5  32574.11 99 
101553.0  32573.96 99 
101553.5  32574.17 99 
101554.0  32573.92 99 
101554.5  32574.28 99 
101555.0  32574.16 99 
101555.5  32574.32 99 
101556.0  32574.15 99 
101556.5  32574.21 99 
101557.0  32574.19 99 
101557.5  32573.85 99 
101558.0  32574.12 99 
101558.5  32574.43 99 
101559.0  32574.02 99 
101559.5  32574.32 99 
101600.0  32574.36 99 
101600.5  32574.28 99 
101601.0  32574.49 99 
101601.5  32574.18 99 
101602.0  32574.22 99 
101602.5  32575.14 99 
101603.0  32574.47 99 
101603.5  32574.89 99 
101604.0  32574.67 99 
101604.5  32574.19 99 
101605.0  32574.42 99 
101605.5  32574.71 99 
101606.0  32574.42 99 
101606.5  32574.36 99 
101607.0  32574.25 99 
101607.5  32574.20 99 
101608.0  32574.29 99 
101608.5  32574.30 99 
101609.0  32574.03 99 
101609.5  32574.64 99 
101610.0  32574.23 99 
101610.5  32574.35 99 
101611.0  32574.52 99 
101611.5  32574.47 99 
101612.0  32574.35 99 
101612.5  32574.11 99 
101613.0  32574.66 99 
101613.5  32574.67 99 
101614.0  32574.60 99 
101614.5  32574.53 99 
101615.0  32574.39 99 
101615.5  32574.27 99 
101616.0  32574.27 99 
101616.5  32574.26 99 
101617.0  32574.25 99 
101617.5  32573.80 99 
101618.0  32574.25 99 
101618.5  32574.69 99 
101619.0  32574.31 99 
101619.5  32574.07 99 
101620.0  32574.35 99 
101620.5  32574.51 99 
101621.0  32574.15 99 
101621.5  32574.38 99 
101622.0  32574.32 99 
101622.5  32573.96 99 
101623.0  32573.88 99 
101623.5  32574.20 99 
101624.0  32574.38 99 
101624.5  32574.18 99 
101625.0  32574.13 99 
101625.5  32574.20 99 
101626.0  32574.37 99 
101626.5  32574.58 99 
101627.0  32574.38 99 
101627.5  32574.47 99 
101628.0  32574.44 99 
101628.5  32574.57 99 
101629.0  32574.11 99 
101629.5  32574.31 99 
101630.0  32574.30 99 
101630.5  32574.30 99 
101631.0  32574.64 99 
101631.5  32574.10 99 
101632.0  32574.12 99 
101632.5  32574.36 99 
101633.0  32574.09 99 
101633.5  32574.37 99 
101634.0  32574.09 99 
101634.5  32574.33 99 
101635.0  32574.48 99 
101635.5  32574.04 99 
101636.0  32574.58 99 
101636.5  32574.10 99 
101637.0  32574.45 99 
101637.5  32574.12 99 
101638.0  32574.20 99 
101638.5  32574.47 99 
101639.0  32574.39 99 
101639.5  32574.47 99 
101640.0  32574.18 99 
101640.5  32574.31 99 
101641.0  32574.68 99 
101641.5  32574.53 99 
101642.0  32574.50 99 
101642.5  32573.94 99 
101643.0  32574.04 99 
101643.5  32574.34 99 
101644.0  32574.54 99 
101644.5  32574.57 99 
101645.0  32574.70 99 
101645.5  32574.14 99 
101646.0  32574.52 99 
101646.5  32574.59 99 
101647.0  32574.18 99 
101647.5  32574.47 99 
101648.0  32574.35 99 
101648.5  32574.31 99 
101649.0  32574.50 99 
101649.5  32574.46 99 
101650.0  32574.16 99 
101650.5  32574.67 99 
101651.0  32574.52 99 
101651.5  32574.51 99 
101652.0  32574.68 99 
101652.5  32574.59 99 
101653.0  32574.29 99 
101653.5  32574.49 99 
101654.0  32574.38 99 
101654.5  32574.56 99 
101655.0  32574.09 99 
101655.5  32574.64 99 
101656.0  32574.40 99 
101656.5  32574.20 99 
101657.0  32574.35 99 
101657.5  32574.35 99 
101658.0  32574.75 99 
101658.5  32574.50 99 
101659.0  32574.54 99 
101659.5  32574.38 99 
101700.0  32574.36 99 
101700.5  32574.22 99 
101701.0  32574.61 99 
101701.5  32574.54 99 
101702.0  32574.57 99 
101702.5  32574.65 99 
101703.0  32574.55 99 
101703.5  32574.47 99 
101704.0  32574.31 99 
101704.5  32574.75 99 
101705.0  32574.64 99 
101705.5  32574.34 99 
101706.0  32574.64 99 
101706.5  32574.42 99 
101707.0  32574.59 99 
101707.5  32574.47 99 
101708.0  32574.91 99 
101708.5  32574.68 99 
101709.0  32574.29 99 
101709.5  32574.64 99 
101710.0  32574.80 99 
101710.5  32574.07 99 
101711.0  32574.72 99 
101711.5  32574.40 99 
101712.0  32574.48 99 
101712.5  32574.52 99 
101713.0  32574.08 99 
101713.5  32574.40 99 
101714.0  32574.29 99 
101714.5  32574.54 99 
101715.0  32574.95 99 
101715.5  32574.88 99 
101716.0  32574.54 99 
101716.5  32574.67 99 
101717.0  32574.84 99 
101717.5  32575.08 99 
101718.0  32574.06 99 
101718.5  32574.46 99 
101719.0  32574.60 99 
101719.5  32574.61 99 
101720.0  32574.72 99 
101720.5  32574.32 99 
101721.0  32575.12 99 
101721.5  32574.61 99 
101722.0  32573.97 99 
101722.5  32574.32 99 
101723.0  32574.45 99 
101723.5  32575.01 99 
101724.0  32574.37 99 
101724.5  32574.92 99 
101725.0  32574.56 99 
101725.5  32574.84 99 
101726.0  32574.53 99 
101726.5  32574.30 99 
101727.0  32574.81 99 
101727.5  32574.29 99 
101728.0  32574.67 99 
101728.5  32574.74 99 
101729.0  32574.58 99 
101729.5  32574.62 99 
101730.0  32574.21 99 
101730.5  32574.90 99 
101731.0  32574.75 99 
101731.5  32574.65 99 
101732.0  32574.62 99 
101732.5  32574.80 99 
101733.0  32574.74 99 
101733.5  32574.33 99 
101734.0  32573.87 99 
101734.5  32574.82 99 
101735.0  32574.49 99 
101735.5  32574.61 99 
101736.0  32574.36 99 
101736.5  32574.51 99 
101737.0  32574.69 99 
101737.5  32574.67 99 
101738.0  32574.70 99 
101738.5  32574.66 99 
101739.0  32574.05 99 
101739.5  32574.69 99 
101740.0  32574.81 99 
101740.5  32574.61 99 
101741.0  32574.91 99 
101741.5  32574.38 99 
101742.0  32574.50 99 
101742.5  32574.61 99 
101743.0  32574.88 99 
101743.5  32574.23 99 
101744.0  32574.58 99 
101744.5  32574.17 99 
101745.0  32575.13 99 
101745.5  32574.40 99 
101746.0  32574.90 99 
101746.5  32574.96 99 
101747.0  32574.60 99 
101747.5  32574.43 99 
101748.0  32574.89 99 
101748.5  32574.74 99 
101749.0  32574.15 99 
101749.5  32574.94 99 
101750.0  32574.71 99 
101750.5  32574.58 99 
101751.0  32574.40 99 
101751.5  32575.26 99 
101752.0  32574.64 99 
101752.5  32574.78 99 
101753.0  32574.69 99 
101753.5  32574.49 99 
101754.0  32574.94 99 
101754.5  32574.73 99 
101755.0  32574.89 99 
101755.5  32574.59 99 
101756.0  32574.91 99 
101756.5  32574.55 99 
101757.0  32574.72 99 
101757.5  32574.84 99 
101758.0  32574.82 99 
101758.5  32574.50 99 
101759.0  32574.73 99 
101759.5  32574.43 99 
101800.0  32574.91 99 
101800.5  32574.77 99 
101801.0  32575.05 99 
101801.5  32575.07 99 
101802.0  32575.12 99 
101802.5  32574.95 99 
101803.0  32575.01 99 
101803.5  32575.16 99 
101804.0  32575.00 99 
101804.5  32575.60 99 
101805.0  32574.83 99 
101805.5  32574.75 99 
101806.0  32574.76 99 
101806.5  32574.70 99 
101807.0  32574.23 99 
101807.5  32574.68 99 
101808.0  32575.15 99 
101808.5  32575.12 99 
101809.0  32574.16 99 
101809.5  32574.77 99 
101810.0  32575.24 99 
101810.5  32574.79 99 
101811.0  32574.90 99 
101811.5  32575.01 99 
101812.0  32574.88 99 
101812.5  32574.37 99 
101813.0  32574.87 99 
101813.5  32575.25 99 
101814.0  32575.00 99 
101814.5  32574.78 99 
101815.0  32574.33 99 
101815.5  32574.64 99 
101816.0  32575.01 99 
101816.5  32575.08 99 
101817.0  32574.79 99 
101817.5  32574.51 99 
101818.0  32574.33 99 
101818.5  32575.13 99 
101819.0  32575.05 99 
101819.5  32574.63 99 
101820.0  32574.70 99 
101820.5  32575.10 99 
101821.0  32574.66 99 
101821.5  32575.24 99 
101822.0  32575.18 99 
101822.5  32574.47 99 
101823.0  32575.09 99 
101823.5  32575.12 99 
101824.0  32574.90 99 
101824.5  32574.78 99 
101825.0  32574.97 99 
101825.5  32574.73 99 
101826.0  32574.76 99 
101826.5  32575.37 99 
101827.0  32574.89 99 
101827.5  32574.66 99 
101828.0  32574.92 99 
101828.5  32574.97 99 
101829.0  32574.83 99 
101829.5  32575.12 99 
101830.0  32574.76 99 
101830.5  32574.89 99 
101831.0  32575.12 99 
101831.5  32574.76 99 
101832.0  32574.94 99 
101832.5  32574.37 99 
101833.0  32574.78 99 
101833.5  32574.77 99 
101834.0  32575.12 99 
101834.5  32575.02 99 
101835.0  32574.46 99 
101835.5  32575.03 99 
101836.0  32575.66 99 
101836.5  32575.01 99 
101837.0  32575.12 99 
101837.5  32574.96 99 
101838.0  32575.22 99 
101838.5  32574.82 99 
101839.0  32574.92 99 
101839.5  32575.01 99 
101840.0  32575.03 99 
101840.5  32574.68 99 
101841.0  32575.02 99 
101841.5  32575.29 99 
101842.0  32574.98 99 
101842.5  32575.31 99 
101843.0  32574.89 99 
101843.5  32574.60 99 
101844.0  32575.03 99 
101844.5  32574.87 99 
101845.0  32574.87 99 
101845.5  32574.69 99 
101846.0  32574.77 99 
101846.5  32574.65 99 
101847.0  32574.58 99 
101847.5  32574.90 99 
101848.0  32575.17 99 
101848.5  32575.12 99 
101849.0  32574.63 99 
101849.5  32574.43 99 
101850.0  32574.95 99 
101850.5  32574.71 99 
101851.0  32575.04 99 
101851.5  32574.82 99 
101852.0  32575.10 99 
101852.5  32574.72 99 
101853.0  32575.53 99 
101853.5  32575.01 99 
101854.0  32575.04 99 
101854.5  32575.33 99 
101855.0  32575.37 99 
101855.5  32574.66 99 
101856.0  32574.85 99 
101856.5  32575.05 99 
101857.0  32575.17 99 
101857.5  32574.56 99 
101858.0  32575.06 99 
101858.5  32575.19 99 
101859.0  32575.05 99 
101859.5  32575.31 99 
101900.0  32575.49 99 
101900.5  32575.07 99 
101901.0  32575.06 99 
101901.5  32575.12 99 
101902.0  32575.02 99 
101902.5  32575.51 99 
101903.0  32574.80 99 
101903.5  32575.04 99 
101904.0  32574.81 99 
101904.5  32575.05 99 
101905.0  32574.60 99 
101905.5  32574.76 99 
101906.0  32574.76 99 
101906.5  32574.95 99 
101907.0  32574.93 99 
101907.5  32575.34 99 
101908.0  32574.66 99 
101908.5  32574.76 99 
101909.0  32575.45 99 
101909.5  32575.23 99 
101910.0  32575.30 99 
101910.5  32576.04 99 
101911.0  32575.46 99 
101911.5  32574.81 99 
101912.0  32575.41 99 
101912.5  32575.19 99 
101913.0  32575.26 99 
101913.5  32574.78 99 
101914.0  32574.24 99 
101914.5  32574.94 99 
101915.0  32574.94 99 
101915.5  32575.25 99 
101916.0  32575.17 99 
101916.5  32575.32 99 
101917.0  32575.03 99 
101917.5  32575.11 99 
101918.0  32575.51 99 
101918.5  32575.71 99 
101919.0  32574.89 99 
101919.5  32575.28 99 
101920.0  32575.08 99 
101920.5  32575.24 99 
101921.0  32575.25 99 
101921.5  32575.07 99 
101922.0  32574.94 99 
101922.5  32574.74 99 
101923.0  32575.07 99 
101923.5  32575.38 99 
101924.0  32575.03 99 
101924.5  32575.24 99 
101925.0  32575.60 99 
101925.5  32575.38 99 
101926.0  32575.13 99 
101926.5  32575.13 99 
101927.0  32574.75 99 
101927.5  32575.08 99 
101928.0  32575.43 99 
101928.5  32575.00 99 
101929.0  32574.76 99 
101929.5  32574.95 99 
101930.0  32575.18 99 
101930.5  32575.18 99 
101931.0  32574.85 99 
101931.5  32574.87 99 
101932.0  32575.30 99 
101932.5  32574.91 99 
101933.0  32574.82 99 
101933.5  32575.18 99 
101934.0  32575.10 99 
101934.5  32575.39 99 
101935.0  32575.53 99 
101935.5  32574.76 99 
101936.0  32575.05 99 
101936.5  32575.05 99 
101937.0  32575.57 99 
101937.5  32575.17 99 
101938.0  32575.19 99 
101938.5  32575.07 99 
101939.0  32575.14 99 
101939.5  32575.16 99 
101940.0  32575.21 99 
101940.5  32574.88 99 
101941.0  32575.30 99 
101941.5  32574.63 99 
101942.0  32575.33 99 
101942.5  32575.50 99 
101943.0  32575.65 99 
101943.5  32574.73 99 
101944.0  32574.95 99 
101944.5  32575.49 99 
101945.0  32574.91 99 
101945.5  32574.96 99 
101946.0  32575.20 99 
101946.5  32575.39 99 
101947.0  32575.00 99 
101947.5  32575.16 99 
101948.0  32574.96 99 
101948.5  32575.39 99 
101949.0  32575.42 99 
101949.5  32575.40 99 
101950.0  32575.22 99 
101950.5  32575.17 99 
101951.0  32575.59 99 
101951.5  32575.25 99 
101952.0  32575.62 99 
101952.5  32575.48 99 
101953.0  32575.16 99 
101953.5  32575.24 99 
101954.0  32575.56 99 
101954.5  32575.04 99 
101955.0  32575.25 99 
101955.5  32575.43 99 
101956.0  32574.96 99 
101956.5  32575.78 99 
101957.0  32574.49 99 
101957.5  32575.21 99 
101958.0  32575.20 99 
101958.5  32575.31 99 
101959.0  32575.60 99 
101959.5  32575.17 99 
102000.0  32575.12 99 
102000.5  32574.68 99 
102001.0  32575.83 99 
102001.5  32575.39 99 
102002.0  32575.60 99 
102002.5  32575.81 99 
102003.0  32575.21 99 
102003.5  32575.47 99 
102004.0  32575.27 99 
102004.5  32575.59 99 
102005.0  32574.85 99 
102005.5  32575.02 99 
102006.0  32575.49 99 
102006.5  32575.05 99 
102007.0  32574.81 99 
102007.5  32575.40 99 
102008.0  32575.33 99 
102008.5  32575.45 99 
102009.0  32574.94 99 
102009.5  32575.36 99 
102010.0  32575.41 99 
102010.5  32575.09 99 
102011.0  32575.42 99 
102011.5  32575.96 99 
102012.0  32575.28 99 
102012.5  32575.07 99 
102013.0  32575.37 99 
102013.5  32575.41 99 
102014.0  32575.19 99 
102014.5  32575.70 99 
102015.0  32574.99 99 
102015.5  32574.79 99 
102016.0  32575.30 99 
102016.5  32575.12 99 
102017.0  32574.98 99 
102017.5  32575.56 99 
102018.0  32575.57 99 
102018.5  32575.17 99 
102019.0  32575.37 99 
102019.5  32575.43 99 
102020.0  32575.68 99 
102020.5  32575.64 99 
102021.0  32575.00 99 
102021.5  32575.26 99 
102022.0  32575.15 99 
102022.5  32575.09 99 
102023.0  32575.45 99 
102023.5  32575.31 99 
102024.0  32575.25 99 
102024.5  32575.18 99 
102025.0  32575.53 99 
102025.5  32575.05 99 
102026.0  32575.34 99 
102026.5  32575.16 99 
102027.0  32575.34 99 
102027.5  32575.34 99 
102028.0  32575.60 99 
102028.5  32574.94 99 
102029.0  32575.07 99 
102029.5  32574.82 99 
102030.0  32575.61 99 
102030.5  32575.21 99 
102031.0  32575.23 99 
102031.5  32575.09 99 
102032.0  32575.26 99 
102032.5  32575.44 99 
102033.0  32575.09 99 
102033.5  32575.00 99 
102034.0  32574.93 99 
102034.5  32575.44 99 
102035.0  32574.95 99 
102035.5  32575.74 99 
102036.0  32575.03 99 
102036.5  32575.11 99 
102037.0  32575.48 99 
102037.5  32575.61 99 
102038.0  32575.03 99 
102038.5  32574.98 99 
102039.0  32575.33 99 
102039.5  32575.72 99 
102040.0  32575.29 99 
102040.5  32575.11 99 
102041.0  32575.03 99 
102041.5  32575.76 99 
102042.0  32575.16 99 
102042.5  32575.49 99 
102043.0  32575.55 99 
102043.5  32575.05 99 
102044.0  32575.54 99 
102044.5  32575.39 99 
102045.0  32575.36 99 
102045.5  32575.69 99 
102046.0  32575.30 99 
102046.5  32575.12 99 
102047.0  32575.38 99 
102047.5  32575.26 99 
102048.0  32575.23 99 
102048.5  32575.24 99 
102049.0  32575.64 99 
102049.5  32575.02 99 
102050.0  32575.47 99 
102050.5  32575.43 99 
102051.0  32575.43 99 
102051.5  32575.14 99 
102052.0  32575.47 99 
102052.5  32575.12 99 
102053.0  32575.12 99 
102053.5  32575.48 99 
102054.0  32575.15 99 
102054.5  32575.27 99 
102055.0  32575.16 99 
102055.5  32575.93 99 
102056.0  32574.99 99 
102056.5  32575.59 99 
102057.0  32575.49 99 
102057.5  32574.80 99 
102058.0  32575.72 99 
102058.5  32575.36 99 
102059.0  32575.55 99 
102059.5  32575.46 99 
102100.0  32575.66 99 
102100.5  32575.49 99 
102101.0  32575.54 99 
102101.5  32575.52 99 
102102.0  32576.17 99 
102102.5  32575.73 99 
102103.0  32575.02 99 
102103.5  32575.65 99 
102104.0  32575.55 99 
102104.5  32575.59 99 
102105.0  32574.96 99 
102105.5  32575.40 99 
102106.0  32575.54 99 
102106.5  32576.01 99 
102107.0  32575.39 99 
102107.5  32575.52 99 
102108.0  32575.56 99 
102108.5  32575.43 99 
102109.0  32575.87 99 
102109.5  32575.79 99 
102110.0  32575.78 99 
102110.5  32576.08 99 
102111.0  32575.54 99 
102111.5  32575.62 99 
102112.0  32575.36 99 
102112.5  32575.59 99 
102113.0  32575.92 99 
102113.5  32575.28 99 
102114.0  32575.37 99 
102114.5  32575.72 99 
102115.0  32575.56 99 
102115.5  32574.99 99 
102116.0  32575.76 99 
102116.5  32575.63 99 
102117.0  32575.12 99 
102117.5  32575.31 99 
102118.0  32574.93 99 
102118.5  32575.94 99 
102119.0  32575.44 99 
102119.5  32575.68 99 
102120.0  32575.63 99 
102120.5  32575.79 99 
102121.0  32575.56 99 
102121.5  32575.65 99 
102122.0  32575.72 99 
102122.5  32575.74 99 
102123.0  32575.48 99 
102123.5  32575.74 99 
102124.0  32575.55 99 
102124.5  32575.14 99 
102125.0  32575.66 99 
102125.5  32575.98 99 
102126.0  32575.99 99 
102126.5  32575.33 99 
102127.0  32575.73 99 
102127.5  32575.60 99 
102128.0  32575.60 99 
102128.5  32575.51 99 
102129.0  32575.87 99 
102129.5  32575.41 99 
102130.0  32575.83 99 
102130.5  32575.23 99 
102131.0  32575.67 99 
102131.5  32575.59 99 
102132.0  32575.10 99 
102132.5  32575.69 99 
102133.0  32575.62 99 
102133.5  32576.07 99 
102134.0  32575.45 99 
102134.5  32575.38 99 
102135.0  32575.84 99 
102135.5  32575.66 99 
102136.0  32575.68 99 
102136.5  32575.65 99 
102137.0  32575.42 99 
102137.5  32576.05 99 
102138.0  32575.59 99 
102138.5  32575.61 99 
102139.0  32575.86 99 
102139.5  32575.60 99 
102140.0  32575.53 99 
102140.5  32575.55 99 
102141.0  32575.45 99 
102141.5  32575.60 99 
102142.0  32575.48 99 
102142.5  32575.74 99 
102143.0  32575.47 99 
102143.5  32575.27 99 
102144.0  32575.46 99 
102144.5  32576.01 99 
102145.0  32575.30 99 
102145.5  32575.50 99 
102146.0  32575.96 99 
102146.5  32575.78 99 
102147.0  32575.10 99 
102147.5  32575.50 99 
102148.0  32576.00 99 
102148.5  32575.63 99 
102149.0  32575.78 99 
102149.5  32575.74 99 
102150.0  32575.29 99 
102150.5  32575.38 99 
102151.0  32576.26 99 
102151.5  32575.52 99 
102152.0  32575.83 99 
102152.5  32575.91 99 
102153.0  32575.03 99 
102153.5  32576.08 99 
102154.0  32576.21 99 
102154.5  32575.93 99 
102155.0  32575.42 99 
102155.5  32576.29 99 
102156.0  32575.74 99 
102156.5  32575.78 99 
102157.0  32575.80 99 
102157.5  32575.79 99 
102158.0  32575.80 99 
102158.5  32575.28 99 
102159.0  32575.85 99 
102159.5  32576.02 99 
102200.0  32575.81 99 
102200.5  32576.31 99 
102201.0  32575.73 99 
102201.5  32575.62 99 
102202.0  32575.87 99 
102202.5  32575.66 99 
102203.0  32576.10 99 
102203.5  32576.29 99 
102204.0  32575.84 99 
102204.5  32575.67 99 
102205.0  32575.82 99 
102205.5  32576.14 99 
102206.0  32575.69 99 
102206.5  32575.97 99 
102207.0  32575.58 99 
102207.5  32575.51 99 
102208.0  32576.45 99 
102208.5  32575.89 99 
102209.0  32575.68 99 
102209.5  32575.54 99 
102210.0  32575.68 99 
102210.5  32575.44 99 
102211.0  32575.41 99 
102211.5  32575.83 99 
102212.0  32576.13 99 
102212.5  32575.92 99 
102213.0  32576.08 99 
102213.5  32575.76 99 
102214.0  32575.59 99 
102214.5  32575.65 99 
102215.0  32576.31 99 
102215.5  32575.69 99 
102216.0  32575.96 99 
102216.5  32575.72 99 
102217.0  32575.66 99 
102217.5  32575.84 99 
102218.0  32576.35 99 
102218.5  32575.83 99 
102219.0  32575.82 99 
102219.5  32575.86 99 
102220.0  32575.74 99 
102220.5  32575.73 99 
102221.0  32575.71 99 
102221.5  32575.86 99 
102222.0  32575.49 99 
102222.5  32576.08 99 
102223.0  32575.66 99 
102223.5  32576.05 99 
102224.0  32576.00 99 
102224.5  32576.03 99 
102225.0  32575.27 99 
102225.5  32575.87 99 
102226.0  32576.19 99 
102226.5  32575.91 99 
102227.0  32576.39 99 
102227.5  32576.07 99 
102228.0  32576.33 99 
102228.5  32575.88 99 
102229.0  32575.99 99 
102229.5  32575.50 99 
102230.0  32575.60 99 
102230.5  32575.92 99 
102231.0  32575.57 99 
102231.5  32575.83 99 
102232.0  32576.23 99 
102232.5  32576.08 99 
102233.0  32575.75 99 
102233.5  32576.69 99 
102234.0  32576.14 99 
102234.5  32576.55 99 
102235.0  32575.78 99 
102235.5  32576.03 99 
102236.0  32575.77 99 
102236.5  32575.71 99 
102237.0  32575.94 99 
102237.5  32575.90 99 
102238.0  32576.49 99 
102238.5  32575.99 99 
102239.0  32575.54 99 
102239.5  32575.70 99 
102240.0  32575.97 99 
102240.5  32575.71 99 
102241.0  32575.37 99 
102241.5  32575.86 99 
102242.0  32576.36 99 
102242.5  32576.21 99 
102243.0  32575.55 99 
102243.5  32576.23 99 
102244.0  32576.47 99 
102244.5  32575.74 99 
102245.0  32576.22 99 
102245.5  32575.94 99 
102246.0  32575.90 99 
102246.5  32575.90 99 
102247.0  32575.57 99 
102247.5  32575.92 99 
102248.0  32576.38 99 
102248.5  32576.30 99 
102249.0  32576.48 99 
102249.5  32576.01 99 
102250.0  32575.85 99 
102250.5  32575.75 99 
102251.0  32576.12 99 
102251.5  32576.07 99 
102252.0  32575.72 99 
102252.5  32575.97 99 
102253.0  32575.97 99 
102253.5  32576.34 99 
102254.0  32575.93 99 
102254.5  32576.11 99 
102255.0  32575.77 99 
102255.5  32576.38 99 
102256.0  32576.02 99 
102256.5  32576.07 99 
102257.0  32576.22 99 
102257.5  32576.33 99 
102258.0  32576.39 99 
102258.5  32576.22 99 
102259.0  32576.26 99 
102259.5  32575.96 99 
102300.0  32575.99 99 
102300.5  32575.59 99 
102301.0  32575.89 99 
102301.5  32575.87 99 
102302.0  32575.75 99 
102302.5  32575.86 99 
102303.0  32575.73 99 
102303.5  32576.19 99 
102304.0  32575.86 99 
102304.5  32575.62 99 
102305.0  32576.16 99 
102305.5  32575.53 99 
102306.0  32575.69 99 
102306.5  32576.18 99 
102307.0  32575.84 99 
102307.5  32576.15 99 
102308.0  32576.15 99 
102308.5  32575.86 99 
102309.0  32575.92 99 
102309.5  32575.58 99 
102310.0  32575.21 99 
102310.5  32576.20 99 
102311.0  32575.73 99 
102311.5  32575.94 99 
102312.0  32576.16 99 
102312.5  32576.23 99 
102313.0  32576.19 99 
102313.5  32575.92 99 
102314.0  32576.22 99 
102314.5  32575.47 99 
102315.0  32575.90 99 
102315.5  32575.90 99 
102316.0  32575.62 99 
102316.5  32575.82 99 
102317.0  32575.91 99 
102317.5  32575.74 99 
102318.0  32576.09 99 
102318.5  32575.87 99 
102319.0  32575.96 99 
102319.5  32576.22 99 
102320.0  32575.87 99 
102320.5  32575.73 99 
102321.0  32576.07 99 
102321.5  32575.90 99 
102322.0  32575.77 99 
102322.5  32575.80 99 
102323.0  32576.22 99 
102323.5  32575.39 99 
102324.0  32576.34 99 
102324.5  32575.87 99 
102325.0  32575.69 99 
102325.5  32576.11 99 
102326.0  32575.76 99 
102326.5  32575.97 99 
102327.0  32575.81 99 
102327.5  32575.89 99 
102328.0  32576.15 99 
102328.5  32575.91 99 
102329.0  32574.98 99 
102329.5  32575.72 99 
102330.0  32575.54 99 
102330.5  32575.58 99 
102331.0  32575.74 99 
102331.5  32575.44 99 
102332.0  32575.75 99 
102332.5  32576.22 99 
102333.0  32575.94 99 
102333.5  32576.10 99 
102334.0  32576.17 99 
102334.5  32576.80 99 
102335.0  32575.77 99 
102335.5  32575.73 99 
102336.0  32576.12 99 
102336.5  32575.93 99 
102337.0  32576.23 99 
102337.5  32575.96 99 
102338.0  32575.92 99 
102338.5  32576.46 99 
102339.0  32576.10 99 
102339.5  32576.29 99 
102340.0  32576.19 99 
102340.5  32576.42 99 
102341.0  32575.79 99 
102341.5  32576.42 99 
102342.0  32575.65 99 
102342.5  32576.09 99 
102343.0  32576.11 99 
102343.5  32575.96 99 
102344.0  32576.12 99 
102344.5  32576.02 99 
102345.0  32575.45 99 
102345.5  32575.84 99 
102346.0  32575.84 99 
102346.5  32575.81 99 
102347.0  32575.57 99 
102347.5  32576.12 99 
102348.0  32576.28 99 
102348.5  32575.76 99 
102349.0  32575.80 99 
102349.5  32575.93 99 
102350.0  32575.69 99 
102350.5  32575.78 99 
102351.0  32575.83 99 
102351.5  32575.55 99 
102352.0  32575.87 99 
102352.5  32576.30 99 
102353.0  32575.62 99 
102353.5  32575.99 99 
102354.0  32576.34 99 
102354.5  32575.89 99 
102355.0  32575.71 99 
102355.5  32575.84 99 
102356.0  32576.21 99 
102356.5  32575.91 99 
102357.0  32576.29 99 
102357.5  32575.84 99 
102358.0  32575.70 99 
102358.5  32576.33 99 
102359.0  32575.74 99 
102359.5  32576.11 99 
102400.0  32576.26 99 
102400.5  32575.92 99 
102401.0  32575.92 99 
102401.5  32576.28 99 
102402.0  32576.05 99 
102402.5  32575.66 99 
102403.0  32575.96 99 
102403.5  32576.18 99 
102404.0  32575.68 99 
102404.5  32576.20 99 
102405.0  32576.19 99 
102405.5  32576.08 99 
102406.0  32576.12 99 
102406.5  32576.06 99 
102407.0  32575.78 99 
102407.5  32576.24 99 
102408.0  32575.54 99 
102408.5  32576.15 99 
102409.0  32576.42 99 
102409.5  32575.89 99 
102410.0  32575.91 99 
102410.5  32575.93 99 
102411.0  32576.52 99 
102411.5  32576.03 99 
102412.0  32575.85 99 
102412.5  32575.60 99 
102413.0  32576.18 99 
102413.5  32576.55 99 
102414.0  32575.93 99 
102414.5  32576.05 99 
102415.0  32575.93 99 
102415.5  32576.00 99 
102416.0  32575.75 99 
102416.5  32575.77 99 
102417.0  32576.45 99 
102417.5  32576.00 99 
102418.0  32575.85 99 
102418.5  32576.41 99 
102419.0  32575.87 99 
102419.5  32575.69 99 
102420.0  32575.65 99 
102420.5  32575.80 99 
102421.0  32576.27 99 
102421.5  32576.17 99 
102422.0  32575.62 99 
102422.5  32576.23 99 
102423.0  32575.49 99 
102423.5  32575.60 99 
102424.0  32576.21 99 
102424.5  32576.21 99 
102425.0  32576.33 99 
102425.5  32575.82 99 
102426.0  32576.16 99 
102426.5  32575.85 99 
102427.0  32575.49 99 
102427.5  32575.96 99 
102428.0  32575.51 99 
102428.5  32575.42 99 
102429.0  32575.93 99 
102429.5  32575.94 99 
102430.0  32575.71 99 
102430.5  32576.15 99 
102431.0  32576.01 99 
102431.5  32575.68 99 
102432.0  32576.23 99 
102432.5  32575.58 99 
102433.0  32575.97 99 
102433.5  32576.13 99 
102434.0  32575.83 99 
102434.5  32575.91 99 
102435.0  32576.09 99 
102435.5  32576.38 99 
102436.0  32576.49 99 
102436.5  32575.93 99 
102437.0  32575.97 99 
102437.5  32575.74 99 
102438.0  32575.66 99 
102438.5  32575.75 99 
102439.0  32575.58 99 
102439.5  32576.12 99 
102440.0  32575.91 99 
102440.5  32575.96 99 
102441.0  32576.35 99 
102441.5  32576.01 99 
102442.0  32575.87 99 
102442.5  32576.15 99 
102443.0  32575.61 99 
102443.5  32575.76 99 
102444.0  32576.70 99 
102444.5  32576.32 99 
102445.0  32576.43 99 
102445.5  32575.88 99 
102446.0  32576.04 99 
102446.5  32575.93 99 
102447.0  32576.18 99 
102447.5  32576.07 99 
102448.0  32575.60 99 
102448.5  32575.99 99 
102449.0  32575.43 99 
102449.5  32576.71 99 
102450.0  32576.13 99 
102450.5  32576.06 99 
102451.0  32576.14 99 
102451.5  32575.93 99 
102452.0  32575.95 99 
102452.5  32575.89 99 
102453.0  32575.40 99 
102453.5  32576.09 99 
102454.0  32575.88 99 
102454.5  32576.11 99 
102455.0  32576.35 99 
102455.5  32575.59 99 
102456.0  32576.10 99 
102456.5  32575.96 99 
102457.0  32575.97 99 
102457.5  32575.92 99 
102458.0  32575.80 99 
102458.5  32575.52 99 
102459.0  32575.88 99 
102459.5  32576.10 99 
102500.0  32575.98 99 
102500.5  32576.02 99 
102501.0  32575.77 99 
102501.5  32575.88 99 
102502.0  32575.71 99 
102502.5  32575.47 99 
102503.0  32576.09 99 
102503.5  32576.15 99 
102504.0  32575.91 99 
102504.5  32575.90 99 
102505.0  32575.72 99 
102505.5  32575.76 99 
102506.0  32576.25 99 
102506.5  32576.03 99 
102507.0  32575.48 99 
102507.5  32576.26 99 
102508.0  32575.82 99 
102508.5  32576.18 99 
102509.0  32576.18 99 
102509.5  32576.17 99 
102510.0  32575.69 99 
102510.5  32575.80 99 
102511.0  32576.03 99 
102511.5  32576.04 99 
102512.0  32576.08 99 
102512.5  32575.79 99 
102513.0  32575.86 99 
102513.5  32576.37 99 
102514.0  32575.78 99 
102514.5  32575.92 99 
102515.0  32576.14 99 
102515.5  32575.85 99 
102516.0  32575.89 99 
102516.5  32575.65 99 
102517.0  32575.78 99 
102517.5  32575.93 99 
102518.0  32576.04 99 
102518.5  32576.10 99 
102519.0  32575.85 99 
102519.5  32575.61 99 
102520.0  32575.90 99 
102520.5  32575.69 99 
102521.0  32575.96 99 
102521.5  32575.43 99 
102522.0  32576.07 99 
102522.5  32575.81 99 
102523.0  32575.49 99 
102523.5  32576.44 99 
102524.0  32575.92 99 
102524.5  32576.24 99 
102525.0  32576.28 99 
102525.5  32575.66 99 
102526.0  32575.76 99 
102526.5  32576.08 99 
102527.0  32575.49 99 
102527.5  32575.86 99 
102528.0  32575.94 99 
102528.5  32576.05 99 
102529.0  32575.58 99 
102529.5  32575.85 99 
102530.0  32575.83 99 
102530.5  32576.07 99 
102531.0  32575.23 99 
102531.5  32575.74 99 
102532.0  32576.03 99 
102532.5  32576.04 99 
102533.0  32576.01 99 
102533.5  32575.52 99 
102534.0  32575.67 99 
102534.5  32575.61 99 
102535.0  32575.72 99 
102535.5  32575.58 99 
102536.0  32576.17 99 
102536.5  32575.85 99 
102537.0  32575.54 99 
102537.5  32576.14 99 
102538.0  32575.64 99 
102538.5  32576.01 99 
102539.0  32575.67 99 
102539.5  32576.06 99 
102540.0  32575.91 99 
102540.5  32575.99 99 
102541.0  32575.78 99 
102541.5  32575.74 99 
102542.0  32575.99 99 
102542.5  32575.45 99 
102543.0  32575.88 99 
102543.5  32575.52 99 
102544.0  32576.11 99 
102544.5  32576.05 99 
102545.0  32576.14 99 
102545.5  32575.71 99 
102546.0  32576.00 99 
102546.5  32575.95 99 
102547.0  32575.70 99 
102547.5  32575.87 99 
102548.0  32575.68 99 
102548.5  32575.58 99 
102549.0  32576.41 99 
102549.5  32576.36 99 
102550.0  32575.80 99 
102550.5  32576.29 99 
102551.0  32576.00 99 
102551.5  32576.06 99 
102552.0  32575.52 99 
102552.5  32575.94 99 
102553.0  32576.16 99 
102553.5  32576.05 99 
102554.0  32575.95 99 
102554.5  32575.99 99 
102555.0  32575.95 99 
102555.5  32576.06 99 
102556.0  32576.05 99 
102556.5  32575.80 99 
102557.0  32575.55 99 
102557.5  32576.50 99 
102558.0  32576.26 99 
102558.5  32576.01 99 
102559.0  32576.07 99 
102559.5  32576.27 99 
102600.0  32575.73 99 
102600.5  32576.49 99 
102601.0  32575.72 99 
102601.5  32576.10 99 
102602.0  32575.68 99 
102602.5  32575.66 99 
102603.0  32576.30 99 
102603.5  32575.48 99 
102604.0  32575.77 99 
102604.5  32575.74 99 
102605.0  32575.73 99 
102605.5  32576.07 99 
102606.0  32575.90 99 
102606.5  32576.46 99 
102607.0  32575.79 99 
102607.5  32576.10 99 
102608.0  32575.57 99 
102608.5  32575.39 99 
102609.0  32576.18 99 
102609.5  32575.64 99 
102610.0  32575.50 99 
102610.5  32575.97 99 
102611.0  32575.92 99 
102611.5  32576.10 99 
102612.0  32575.98 99 
102612.5  32575.86 99 
102613.0  32575.40 99 
102613.5  32575.75 99 
102614.0  32575.83 99 
102614.5  32576.08 99 
102615.0  32576.15 99 
102615.5  32575.60 99 
102616.0  32575.71 99 
102616.5  32575.66 99 
102617.0  32575.71 99 
102617.5  32575.79 99 
102618.0  32575.83 99 
102618.5  32575.57 99 
102619.0  32575.42 99 
102619.5  32575.58 99 
102620.0  32575.94 99 
102620.5  32576.06 99 
102621.0  32575.84 99 
102621.5  32575.83 99 
102622.0  32575.29 99 
102622.5  32576.15 99 
102623.0  32575.82 99 
102623.5  32575.75 99 
102624.0  32575.62 99 
102624.5  32575.80 99 
102625.0  32575.93 99 
102625.5  32575.62 99 
102626.0  32575.93 99 
102626.5  32575.88 99 
102627.0  32575.77 99 
102627.5  32576.03 99 
102628.0  32576.18 99 
102628.5  32575.85 99 
102629.0  32575.80 99 
102629.5  32576.08 99 
102630.0  32575.62 99 
102630.5  32575.93 99 
102631.0  32575.78 99 
102631.5  32575.84 99 
102632.0  32575.81 99 
102632.5  32575.97 99 
102633.0  32575.65 99 
102633.5  32576.00 99 
102634.0  32575.93 99 
102634.5  32575.62 99 
102635.0  32575.73 99 
102635.5  32575.51 99 
102636.0  32575.91 99 
102636.5  32575.74 99 
102637.0  32575.70 99 
102637.5  32576.14 99 
102638.0  32575.72 99 
102638.5  32575.96 99 
102639.0  32576.14 99 
102639.5  32575.80 99 
102640.0  32575.89 99 
102640.5  32575.86 99 
102641.0  32575.65 99 
102641.5  32575.18 99 
102642.0  32576.02 99 
102642.5  32576.26 99 
102643.0  32575.89 99 
102643.5  32575.75 99 
102644.0  32575.96 99 
102644.5  32575.93 99 
102645.0  32575.81 99 
102645.5  32575.82 99 
102646.0  32575.77 99 
102646.5  32575.62 99 
102647.0  32575.83 99 
102647.5  32575.49 99 
102648.0  32575.90 99 
102648.5  32575.51 99 
102649.0  32575.72 99 
102649.5  32575.84 99 
102650.0  32575.79 99 
102650.5  32576.25 99 
102651.0  32575.55 99 
102651.5  32575.60 99 
102652.0  32575.85 99 
102652.5  32575.47 99 
102653.0  32576.32 99 
102653.5  32575.90 99 
102654.0  32575.38 99 
102654.5  32575.98 99 
102655.0  32576.07 99 
102655.5  32575.79 99 
102656.0  32575.71 99 
102656.5  32575.98 99 
102657.0  32575.74 99 
102657.5  32575.79 99 
102658.0  32576.00 99 
102658.5  32575.93 99 
102659.0  32576.11 99 
102659.5  32575.66 99 
102700.0  32575.77 99 
102700.5  32575.33 99 
102701.0  32575.57 99 
102701.5  32575.83 99 
102702.0  32575.93 99 
102702.5  32575.89 99 
102703.0  32575.83 99 
102703.5  32575.79 99 
102704.0  32576.15 99 
102704.5  32575.74 99 
102705.0  32575.89 99 
102705.5  32575.45 99 
102706.0  32575.89 99 
102706.5  32575.42 99 
102707.0  32575.51 99 
102707.5  32575.44 99 
102708.0  32575.89 99 
102708.5  32575.88 99 
102709.0  32576.07 99 
102709.5  32575.72 99 
102710.0  32575.95 99 
102710.5  32575.65 99 
102711.0  32575.76 99 
102711.5  32575.83 99 
102712.0  32575.84 99 
102712.5  32575.58 99 
102713.0  32575.78 99 
102713.5  32575.69 99 
102714.0  32575.87 99 
102714.5  32575.94 99 
102715.0  32575.89 99 
102715.5  32575.65 99 
102716.0  32575.71 99 
102716.5  32575.75 99 
102717.0  32575.90 99 
102717.5  32575.87 99 
102718.0  32575.71 99 
102718.5  32576.08 99 
102719.0  32576.00 99 
102719.5  32575.82 99 
102720.0  32575.59 99 
102720.5  32576.13 99 
102721.0  32575.76 99 
102721.5  32575.80 99 
102722.0  32575.54 99 
102722.5  32575.87 99 
102723.0  32575.76 99 
102723.5  32576.43 99 
102724.0  32575.76 99 
102724.5  32575.66 99 
102725.0  32576.15 99 
102725.5  32575.97 99 
102726.0  32575.66 99 
102726.5  32575.92 99 
102727.0  32575.88 99 
102727.5  32576.03 99 
102728.0  32575.87 99 
102728.5  32575.73 99 
102729.0  32575.85 99 
102729.5  32576.07 99 
102730.0  32575.43 99 
102730.5  32576.01 99 
102731.0  32575.89 99 
102731.5  32576.10 99 
102732.0  32575.37 99 
102732.5  32575.79 99 
102733.0  32576.13 99 
102733.5  32575.67 99 
102734.0  32576.12 99 
102734.5  32575.85 99 
102735.0  32575.68 99 
102735.5  32575.66 99 
102736.0  32575.37 99 
102736.5  32575.52 99 
102737.0  32575.67 99 
102737.5  32575.76 99 
102738.0  32575.86 99 
102738.5  32576.21 99 
102739.0  32576.01 99 
102739.5  32575.34 99 
102740.0  32575.72 99 
102740.5  32575.43 99 
102741.0  32575.89 99 
102741.5  32576.28 99 
102742.0  32575.84 99 
102742.5  32575.99 99 
102743.0  32576.06 99 
102743.5  32576.24 99 
102744.0  32575.81 99 
102744.5  32576.11 99 
102745.0  32576.01 99 
102745.5  32575.50 99 
102746.0  32576.15 99 
102746.5  32576.07 99 
102747.0  32575.62 99 
102747.5  32576.17 99 
102748.0  32576.34 99 
102748.5  32575.85 99 
102749.0  32576.17 99 
102749.5  32575.96 99 
102750.0  32576.24 99 
102750.5  32576.08 99 
102751.0  32575.86 99 
102751.5  32575.77 99 
102752.0  32576.29 99 
102752.5  32575.64 99 
102753.0  32575.83 99 
102753.5  32576.01 99 
102754.0  32575.98 99 
102754.5  32575.89 99 
102755.0  32575.88 99 
102755.5  32575.71 99 
102756.0  32575.70 99 
102756.5  32575.93 99 
102757.0  32575.75 99 
102757.5  32576.27 99 
102758.0  32576.08 99 
102758.5  32575.97 99 
102759.0  32575.61 99 
102759.5  32575.89 99 
102800.0  32576.19 99 
102800.5  32575.85 99 
102801.0  32575.85 99 
102801.5  32576.28 99 
102802.0  32576.13 99 
102802.5  32575.68 99 
102803.0  32575.87 99 
102803.5  32575.92 99 
102804.0  32576.29 99 
102804.5  32576.05 99 
102805.0  32575.88 99 
102805.5  32576.08 99 
102806.0  32575.78 99 
102806.5  32575.89 99 
102807.0  32575.79 99 
102807.5  32576.31 99 
102808.0  32575.55 99 
102808.5  32576.07 99 
102809.0  32575.89 99 
102809.5  32576.04 99 
102810.0  32576.13 99 
102810.5  32576.06 99 
102811.0  32575.90 99 
102811.5  32575.98 99 
102812.0  32575.96 99 
102812.5  32575.85 99 
102813.0  32576.30 99 
102813.5  32576.10 99 
102814.0  32575.74 99 
102814.5  32576.19 99 
102815.0  32575.95 99 
102815.5  32576.15 99 
102816.0  32575.88 99 
102816.5  32575.69 99 
102817.0  32576.08 99 
102817.5  32575.81 99 
102818.0  32575.86 99 
102818.5  32575.79 99 
102819.0  32576.00 99 
102819.5  32575.98 99 
102820.0  32575.63 99 
102820.5  32576.04 99 
102821.0  32576.24 99 
102821.5  32576.08 99 
102822.0  32575.90 99 
102822.5  32575.92 99 
102823.0  32576.23 99 
102823.5  32575.89 99 
102824.0  32575.90 99 
102824.5  32576.05 99 
102825.0  32576.35 99 
102825.5  32576.21 99 
102826.0  32576.12 99 
102826.5  32575.68 99 
102827.0  32576.03 99 
102827.5  32575.84 99 
102828.0  32576.17 99 
102828.5  32575.70 99 
102829.0  32576.25 99 
102829.5  32575.76 99 
102830.0  32575.81 99 
102830.5  32575.85 99 
102831.0  32576.22 99 
102831.5  32576.10 99 
102832.0  32576.09 99 
102832.5  32575.84 99 
102833.0  32576.25 99 
102833.5  32575.85 99 
102834.0  32576.05 99 
102834.5  32576.23 99 
102835.0  32575.77 99 
102835.5  32575.71 99 
102836.0  32575.93 99 
102836.5  32576.05 99 
102837.0  32575.85 99 
102837.5  32575.83 99 
102838.0  32576.03 99 
102838.5  32576.11 99 
102839.0  32576.19 99 
102839.5  32575.93 99 
102840.0  32575.83 99 
102840.5  32576.05 99 
102841.0  32575.51 99 
102841.5  32575.82 99 
102842.0  32576.07 99 
102842.5  32575.62 99 
102843.0  32576.20 99 
102843.5  32576.05 99 
102844.0  32576.11 99 
102844.5  32576.07 99 
102845.0  32576.17 99 
102845.5  32576.33 99 
102846.0  32576.29 99 
102846.5  32575.77 99 
102847.0  32576.16 99 
102847.5  32575.80 99 
102848.0  32576.21 99 
102848.5  32576.40 99 
102849.0  32576.13 99 
102849.5  32576.34 99 
102850.0  32575.67 99 
102850.5  32575.64 99 
102851.0  32576.12 99 
102851.5  32575.77 99 
102852.0  32576.07 99 
102852.5  32575.89 99 
102853.0  32576.45 99 
102853.5  32576.22 99 
102854.0  32575.72 99 
102854.5  32575.80 99 
102855.0  32575.68 99 
102855.5  32576.16 99 
102856.0  32575.91 99 
102856.5  32576.31 99 
102857.0  32576.36 99 
102857.5  32576.47 99 
102858.0  32575.89 99 
102858.5  32576.31 99 
102859.0  32576.21 99 
102859.5  32576.08 99 
102900.0  32575.87 99 
102900.5  32576.28 99 
102901.0  32576.38 99 
102901.5  32576.01 99 
102902.0  32576.12 99 
102902.5  32576.19 99 
102903.0  32575.70 99 
102903.5  32575.52 99 
102904.0  32576.12 99 
102904.5  32576.30 99 
102905.0  32575.85 99 
102905.5  32576.07 99 
102906.0  32576.11 99 
102906.5  32576.12 99 
102907.0  32576.01 99 
102907.5  32576.45 99 
102908.0  32576.02 99 
102908.5  32575.99 99 
102909.0  32576.06 99 
102909.5  32576.29 99 
102910.0  32575.99 99 
102910.5  32576.22 99 
102911.0  32575.98 99 
102911.5  32575.90 99 
102912.0  32575.98 99 
102912.5  32576.31 99 
102913.0  32575.81 99 
102913.5  32576.43 99 
102914.0  32575.71 99 
102914.5  32576.11 99 
102915.0  32575.78 99 
102915.5  32575.70 99 
102916.0  32576.61 99 
102916.5  32575.79 99 
102917.0  32576.17 99 
102917.5  32576.03 99 
102918.0  32576.15 99 
102918.5  32576.04 99 
102919.0  32576.05 99 
102919.5  32576.04 99 
102920.0  32575.77 99 
102920.5  32575.74 99 
102921.0  32576.11 99 
102921.5  32576.25 99 
102922.0  32575.84 99 
102922.5  32575.77 99 
102923.0  32575.96 99 
102923.5  32576.06 99 
102924.0  32576.05 99 
102924.5  32576.33 99 
102925.0  32575.69 99 
102925.5  32576.45 99 
102926.0  32575.81 99 
102926.5  32576.38 99 
102927.0  32576.18 99 
102927.5  32576.08 99 
102928.0  32575.94 99 
102928.5  32576.31 99 
102929.0  32576.09 99 
102929.5  32576.34 99 
102930.0  32575.87 99 
102930.5  32575.95 99 
102931.0  32576.32 99 
102931.5  32576.04 99 
102932.0  32575.85 99 
102932.5  32575.96 99 
102933.0  32576.06 99 
102933.5  32575.98 99 
102934.0  32575.97 99 
102934.5  32575.95 99 
102935.0  32576.23 99 
102935.5  32575.95 99 
102936.0  32576.34 99 
102936.5  32576.26 99 
102937.0  32575.95 99 
102937.5  32575.85 99 
102938.0  32576.41 99 
102938.5  32576.35 99 
102939.0  32576.39 99 
102939.5  32575.85 99 
102940.0  32575.96 99 
102940.5  32576.25 99 
102941.0  32576.39 99 
102941.5  32576.13 99 
102942.0  32576.06 99 
102942.5  32576.31 99 
102943.0  32576.31 99 
102943.5  32576.10 99 
102944.0  32576.09 99 
102944.5  32576.29 99 
102945.0  32576.37 99 
102945.5  32576.09 99 
102946.0  32576.28 99 
102946.5  32576.26 99 
102947.0  32576.57 99 
102947.5  32576.18 99 
102948.0  32575.95 99 
102948.5  32575.80 99 
102949.0  32575.92 99 
102949.5  32576.00 99 
102950.0  32576.33 99 
102950.5  32575.92 99 
102951.0  32576.10 99 
102951.5  32576.29 99 
102952.0  32575.68 99 
102952.5  32576.67 99 
102953.0  32576.27 99 
102953.5  32576.51 99 
102954.0  32576.30 99 
102954.5  32575.82 99 
102955.0  32576.00 99 
102955.5  32575.73 99 
102956.0  32576.44 99 
102956.5  32575.86 99 
102957.0  32576.04 99 
102957.5  32576.30 99 
102958.0  32576.33 99 
102958.5  32576.60 99 
102959.0  32576.47 99 
102959.5  32576.39 99 
103000.0  32576.02 99 
103000.5  32576.12 99 
103001.0  32576.35 99 
103001.5  32575.96 99 
103002.0  32576.01 99 
103002.5  32576.54 99 
103003.0  32576.05 99 
103003.5  32575.75 99 
103004.0  32576.42 99 
103004.5  32576.29 99 
103005.0  32576.22 99 
103005.5  32576.35 99 
103006.0  32576.23 99 
103006.5  32575.93 99 
103007.0  32576.46 99 
103007.5  32575.87 99 
103008.0  32576.06 99 
103008.5  32576.41 99 
103009.0  32575.91 99 
103009.5  32575.98 99 
103010.0  32575.82 99 
103010.5  32576.12 99 
103011.0  32576.09 99 
103011.5  32576.12 99 
103012.0  32576.46 99 
103012.5  32576.40 99 
103013.0  32575.60 99 
103013.5  32576.04 99 
103014.0  32575.91 99 
103014.5  32576.20 99 
103015.0  32576.22 99 
103015.5  32576.47 99 
103016.0  32576.29 99 
103016.5  32576.18 99 
103017.0  32575.86 99 
103017.5  32576.10 99 
103018.0  32575.78 99 
103018.5  32576.14 99 
103019.0  32576.11 99 
103019.5  32575.85 99 
103020.0  32576.39 99 
103020.5  32576.23 99 
103021.0  32576.16 99 
103021.5  32576.03 99 
103022.0  32575.57 99 
103022.5  32576.11 99 
103023.0  32575.98 99 
103023.5  32575.96 99 
103024.0  32576.18 99 
103024.5  32575.92 99 
103025.0  32575.93 99 
103025.5  32576.03 99 
103026.0  32575.72 99 
103026.5  32575.89 99 
103027.0  32576.08 99 
103027.5  32575.89 99 
103028.0  32576.00 99 
103028.5  32575.49 99 
103029.0  32576.13 99 
103029.5  32576.30 99 
103030.0  32576.05 99 
103030.5  32576.03 99 
103031.0  32576.24 99 
103031.5  32576.10 99 
103032.0  32575.91 99 
103032.5  32575.74 99 
103033.0  32576.31 99 
103033.5  32576.07 99 
103034.0  32576.10 99 
103034.5  32576.16 99 
103035.0  32575.94 99 
103035.5  32575.67 99 
103036.0  32575.95 99 
103036.5  32576.11 99 
103037.0  32576.26 99 
103037.5  32575.56 99 
103038.0  32576.40 99 
103038.5  32575.66 99 
103039.0  32575.67 99 
103039.5  32575.64 99 
103040.0  32575.65 99 
103040.5  32575.85 99 
103041.0  32575.67 99 
103041.5  32576.02 99 
103042.0  32575.90 99 
103042.5  32576.07 99 
103043.0  32575.98 99 
103043.5  32575.97 99 
103044.0  32575.73 99 
103044.5  32575.85 99 
103045.0  32575.72 99 
103045.5  32575.88 99 
103046.0  32575.92 99 
103046.5  32575.72 99 
103047.0  32575.96 99 
103047.5  32575.89 99 
103048.0  32575.93 99 
103048.5  32575.67 99 
103049.0  32576.01 99 
103049.5  32575.85 99 
103050.0  32576.25 99 
103050.5  32576.25 99 
103051.0  32576.08 99 
103051.5  32575.65 99 
103052.0  32576.51 99 
103052.5  32575.88 99 
103053.0  32575.64 99 
103053.5  32575.82 99 
103054.0  32575.98 99 
103054.5  32576.23 99 
103055.0  32576.34 99 
103055.5  32575.33 99 
103056.0  32576.20 99 
103056.5  32575.73 99 
103057.0  32576.46 99 
103057.5  32575.74 99 
103058.0  32576.03 99 
103058.5  32575.90 99 
103059.0  32575.94 99 
103059.5  32575.80 99 
103100.0  32576.53 99 
103100.5  32575.86 99 
103101.0  32575.70 99 
103101.5  32575.69 99 
103102.0  32575.57 99 
103102.5  32575.68 99 
103103.0  32575.85 99 
103103.5  32576.03 99 
103104.0  32575.89 99 
103104.5  32576.38 99 
103105.0  32576.06 99 
103105.5  32576.07 99 
103106.0  32575.79 99 
103106.5  32575.66 99 
103107.0  32575.56 99 
103107.5  32575.77 99 
103108.0  32575.74 99 
103108.5  32575.90 99 
103109.0  32576.37 99 
103109.5  32576.32 99 
103110.0  32576.00 99 
103110.5  32576.16 99 
103111.0  32576.06 99 
103111.5  32575.60 99 
103112.0  32576.16 99 
103112.5  32575.88 99 
103113.0  32576.05 99 
103113.5  32575.87 99 
103114.0  32575.83 99 
103114.5  32575.97 99 
103115.0  32575.99 99 
103115.5  32576.27 99 
103116.0  32576.17 99 
103116.5  32575.94 99 
103117.0  32575.97 99 
103117.5  32575.81 99 
103118.0  32575.93 99 
103118.5  32575.99 99 
103119.0  32576.03 99 
103119.5  32575.73 99 
103120.0  32576.07 99 
103120.5  32576.22 99 
103121.0  32575.68 99 
103121.5  32575.68 99 
103122.0  32576.23 99 
103122.5  32575.83 99 
103123.0  32575.57 99 
103123.5  32575.91 99 
103124.0  32575.86 99 
103124.5  32576.17 99 
103125.0  32576.08 99 
103125.5  32576.12 99 
103126.0  32576.01 99 
103126.5  32575.79 99 
103127.0  32576.07 99 
103127.5  32575.93 99 
103128.0  32575.78 99 
103128.5  32576.16 99 
103129.0  32576.17 99 
103129.5  32575.87 99 
103130.0  32575.78 99 
103130.5  32575.79 99 
103131.0  32576.09 99 
103131.5  32576.16 99 
103132.0  32576.02 99 
103132.5  32575.90 99 
103133.0  32576.05 99 
103133.5  32575.83 99 
103134.0  32576.39 99 
103134.5  32575.68 99 
103135.0  32576.24 99 
103135.5  32575.69 99 
103136.0  32575.97 99 
103136.5  32576.21 99 
103137.0  32576.32 99 
103137.5  32575.87 99 
103138.0  32576.04 99 
103138.5  32576.06 99 
103139.0  32575.87 99 
103139.5  32575.83 99 
103140.0  32576.06 99 
103140.5  32575.73 99 
103141.0  32576.20 99 
103141.5  32576.08 99 
103142.0  32575.82 99 
103142.5  32575.98 99 
103143.0  32576.04 99 
103143.5  32575.63 99 
103144.0  32575.59 99 
103144.5  32576.10 99 
103145.0  32576.42 99 
103145.5  32576.09 99 
103146.0  32575.67 99 
103146.5  32575.83 99 
103147.0  32575.90 99 
103147.5  32576.52 99 
103148.0  32575.81 99 
103148.5  32575.82 99 
103149.0  32575.90 99 
103149.5  32576.47 99 
103150.0  32575.84 99 
103150.5  32576.17 99 
103151.0  32576.09 99 
103151.5  32576.11 99 
103152.0  32576.32 99 
103152.5  32575.37 99 
103153.0  32576.50 99 
103153.5  32576.11 99 
103154.0  32576.05 99 
103154.5  32576.06 99 
103155.0  32575.97 99 
103155.5  32576.06 99 
103156.0  32575.67 99 
103156.5  32576.06 99 
103157.0  32576.26 99 
103157.5  32576.01 99 
103158.0  32575.82 99 
103158.5  32575.51 99 
103159.0  32575.93 99 
103159.5  32576.19 99 
103200.0  32575.41 99 
103200.5  32575.85 99 
103201.0  32575.90 99 
103201.5  32576.19 99 
103202.0  32576.07 99 
103202.5  32576.04 99 
103203.0  32575.87 99 
103203.5  32575.64 99 
103204.0  32576.16 99 
103204.5  32575.82 99 
103205.0  32575.98 99 
103205.5  32575.72 99 
103206.0  32575.82 99 
103206.5  32575.85 99 
103207.0  32575.63 99 
103207.5  32576.09 99 
103208.0  32576.16 99 
103208.5  32575.70 99 
103209.0  32576.52 99 
103209.5  32575.39 99 
103210.0  32575.99 99 
103210.5  32575.61 99 
103211.0  32576.04 99 
103211.5  32575.83 99 
103212.0  32575.70 99 
103212.5  32576.09 99 
103213.0  32575.89 99 
103213.5  32575.92 99 
103214.0  32576.18 99 
103214.5  32575.60 99 
103215.0  32575.90 99 
103215.5  32575.65 99 
103216.0  32575.61 99 
103216.5  32575.61 99 
103217.0  32575.79 99 
103217.5  32576.27 99 
103218.0  32575.45 99 
103218.5  32575.86 99 
103219.0  32576.11 99 
103219.5  32576.07 99 
103220.0  32575.85 99 
103220.5  32575.79 99 
103221.0  32576.21 99 
103221.5  32575.62 99 
103222.0  32576.05 99 
103222.5  32576.01 99 
103223.0  32576.15 99 
103223.5  32576.18 99 
103224.0  32575.78 99 
103224.5  32575.70 99 
103225.0  32576.29 99 
103225.5  32576.15 99 
103226.0  32576.03 99 
103226.5  32576.16 99 
103227.0  32576.14 99 
103227.5  32576.11 99 
103228.0  32576.03 99 
103228.5  32575.54 99 
103229.0  32575.93 99 
103229.5  32575.73 99 
103230.0  32576.23 99 
103230.5  32575.74 99 
103231.0  32575.72 99 
103231.5  32575.94 99 
103232.0  32576.23 99 
103232.5  32575.82 99 
103233.0  32576.39 99 
103233.5  32576.00 99 
103234.0  32575.94 99 
103234.5  32575.66 99 
103235.0  32576.11 99 
103235.5  32575.80 99 
103236.0  32575.87 99 
103236.5  32576.24 99 
103237.0  32576.01 99 
103237.5  32576.47 99 
103238.0  32576.23 99 
103238.5  32575.79 99 
103239.0  32576.01 99 
103239.5  32576.21 99 
103240.0  32576.26 99 
103240.5  32576.12 99 
103241.0  32576.14 99 
103241.5  32576.05 99 
103242.0  32576.02 99 
103242.5  32576.21 99 
103243.0  32576.14 99 
103243.5  32576.04 99 
103244.0  32575.91 99 
103244.5  32575.87 99 
103245.0  32575.96 99 
103245.5  32575.91 99 
103246.0  32576.05 99 
103246.5  32576.09 99 
103247.0  32576.05 99 
103247.5  32576.34 99 
103248.0  32576.21 99 
103248.5  32576.02 99 
103249.0  32576.04 99 
103249.5  32576.40 99 
103250.0  32576.23 99 
103250.5  32576.06 99 
103251.0  32576.03 99 
103251.5  32576.17 99 
103252.0  32576.48 99 
103252.5  32575.73 99 
103253.0  32575.84 99 
103253.5  32575.97 99 
103254.0  32575.93 99 
103254.5  32576.12 99 
103255.0  32576.24 99 
103255.5  32575.88 99 
103256.0  32576.10 99 
103256.5  32575.61 99 
103257.0  32575.71 99 
103257.5  32576.03 99 
103258.0  32576.22 99 
103258.5  32576.14 99 
103259.0  32576.51 99 
103259.5  32576.12 99 
103300.0  32575.66 99 
103300.5  32576.50 99 
103301.0  32575.68 99 
103301.5  32576.66 99 
103302.0  32576.55 99 
103302.5  32576.19 99 
103303.0  32576.03 99 
103303.5  32576.20 99 
103304.0  32575.81 99 
103304.5  32576.05 99 
103305.0  32576.24 99 
103305.5  32576.06 99 
103306.0  32576.56 99 
103306.5  32575.90 99 
103307.0  32576.44 99 
103307.5  32575.88 99 
103308.0  32576.03 99 
103308.5  32576.35 99 
103309.0  32575.97 99 
103309.5  32575.73 99 
103310.0  32576.26 99 
103310.5  32576.39 99 
103311.0  32576.17 99 
103311.5  32576.18 99 
103312.0  32576.17 99 
103312.5  32576.08 99 
103313.0  32575.94 99 
103313.5  32575.95 99 
103314.0  32576.32 99 
103314.5  32576.58 99 
103315.0  32576.58 99 
103315.5  32576.40 99 
103316.0  32576.06 99 
103316.5  32575.80 99 
103317.0  32576.48 99 
103317.5  32576.23 99 
103318.0  32576.39 99 
103318.5  32576.24 99 
103319.0  32576.29 99 
103319.5  32576.40 99 
103320.0  32575.85 99 
103320.5  32576.42 99 
103321.0  32576.24 99 
103321.5  32575.77 99 
103322.0  32575.83 99 
103322.5  32576.72 99 
103323.0  32576.17 99 
103323.5  32576.20 99 
103324.0  32576.28 99 
103324.5  32576.03 99 
103325.0  32576.66 99 
103325.5  32576.27 99 
103326.0  32576.08 99 
103326.5  32576.43 99 
103327.0  32575.87 99 
103327.5  32576.17 99 
103328.0  32576.28 99 
103328.5  32576.10 99 
103329.0  32576.44 99 
103329.5  32575.78 99 
103330.0  32576.36 99 
103330.5  32576.31 99 
103331.0  32576.46 99 
103331.5  32576.64 99 
103332.0  32575.90 99 
103332.5  32576.50 99 
103333.0  32575.91 99 
103333.5  32576.10 99 
103334.0  32576.33 99 
103334.5  32576.07 99 
103335.0  32576.66 99 
103335.5  32576.67 99 
103336.0  32576.38 99 
103336.5  32576.53 99 
103337.0  32576.34 99 
103337.5  32576.19 99 
103338.0  32576.35 99 
103338.5  32576.05 99 
103339.0  32576.66 99 
103339.5  32576.08 99 
103340.0  32575.94 99 
103340.5  32576.47 99 
103341.0  32576.74 99 
103341.5  32576.68 99 
103342.0  32576.61 99 
103342.5  32576.47 99 
103343.0  32576.38 99 
103343.5  32575.85 99 
103344.0  32576.63 99 
103344.5  32576.52 99 
103345.0  32576.11 99 
103345.5  32576.52 99 
103346.0  32576.30 99 
103346.5  32576.07 99 
103347.0  32576.71 99 
103347.5  32576.64 99 
103348.0  32576.21 99 
103348.5  32575.98 99 
103349.0  32576.38 99 
103349.5  32576.51 99 
103350.0  32576.29 99 
103350.5  32576.32 99 
103351.0  32576.74 99 
103351.5  32576.62 99 
103352.0  32576.14 99 
103352.5  32576.43 99 
103353.0  32576.39 99 
103353.5  32576.34 99 
103354.0  32576.34 99 
103354.5  32576.25 99 
103355.0  32576.40 99 
103355.5  32576.66 99 
103356.0  32576.45 99 
103356.5  32576.50 99 
103357.0  32576.29 99 
103357.5  32576.21 99 
103358.0  32576.69 99 
103358.5  32576.49 99 
103359.0  32576.38 99 
103359.5  32576.77 99 
103400.0  32576.56 99 
103400.5  32576.48 99 
103401.0  32576.01 99 
103401.5  32576.58 99 
103402.0  32576.18 99 
103402.5  32576.54 99 
103403.0  32576.33 99 
103403.5  32576.53 99 
103404.0  32576.61 99 
103404.5  32576.56 99 
103405.0  32576.54 99 
103405.5  32576.88 99 
103406.0  32576.31 99 
103406.5  32576.36 99 
103407.0  32576.48 99 
103407.5  32576.85 99 
103408.0  32576.63 99 
103408.5  32576.29 99 
103409.0  32576.61 99 
103409.5  32576.52 99 
103410.0  32576.55 99 
103410.5  32576.90 99 
103411.0  32576.45 99 
103411.5  32576.91 99 
103412.0  32576.58 99 
103412.5  32577.11 99 
103413.0  32576.26 99 
103413.5  32576.01 99 
103414.0  32576.65 99 
103414.5  32576.45 99 
103415.0  32576.47 99 
103415.5  32576.86 99 
103416.0  32576.44 99 
103416.5  32576.89 99 
103417.0  32576.84 99 
103417.5  32576.63 99 
103418.0  32576.80 99 
103418.5  32576.60 99 
103419.0  32576.16 99 
103419.5  32576.92 99 
103420.0  32576.43 99 
103420.5  32576.33 99 
103421.0  32577.20 99 
103421.5  32576.89 99 
103422.0  32576.80 99 
103422.5  32576.62 99 
103423.0  32576.76 99 
103423.5  32577.23 99 
103424.0  32576.88 99 
103424.5  32576.62 99 
103425.0  32577.35 99 
103425.5  32576.73 99 
103426.0  32576.76 99 
103426.5  32576.62 99 
103427.0  32575.91 99 
103427.5  32576.90 99 
103428.0  32576.45 99 
103428.5  32576.79 99 
103429.0  32576.51 99 
103429.5  32576.48 99 
103430.0  32577.12 99 
103430.5  32576.64 99 
103431.0  32576.98 99 
103431.5  32576.56 99 
103432.0  32576.61 99 
103432.5  32576.92 99 
103433.0  32576.72 99 
103433.5  32576.85 99 
103434.0  32576.54 99 
103434.5  32576.87 99 
103435.0  32576.70 99 
103435.5  32576.84 99 
103436.0  32576.60 99 
103436.5  32576.86 99 
103437.0  32576.94 99 
103437.5  32576.62 99 
103438.0  32576.43 99 
103438.5  32576.52 99 
103439.0  32576.93 99 
103439.5  32576.74 99 
103440.0  32576.72 99 
103440.5  32577.04 99 
103441.0  32576.78 99 
103441.5  32577.06 99 
103442.0  32576.50 99 
103442.5  32576.94 99 
103443.0  32576.84 99 
103443.5  32577.11 99 
103444.0  32576.76 99 
103444.5  32576.99 99 
103445.0  32577.38 99 
103445.5  32577.11 99 
103446.0  32576.84 99 
103446.5  32576.99 99 
103447.0  32577.21 99 
103447.5  32577.03 99 
103448.0  32576.98 99 
103448.5  32577.39 99 
103449.0  32577.25 99 
103449.5  32577.13 99 
103450.0  32577.38 99 
103450.5  32577.05 99 
103451.0  32577.32 99 
103451.5  32577.11 99 
103452.0  32576.93 99 
103452.5  32576.86 99 
103453.0  32577.13 99 
103453.5  32577.11 99 
103454.0  32577.10 99 
103454.5  32576.95 99 
103455.0  32577.27 99 
103455.5  32577.45 99 
103456.0  32577.21 99 
103456.5  32576.57 99 
103457.0  32577.18 99 
103457.5  32576.88 99 
103458.0  32577.05 99 
103458.5  32577.14 99 
103459.0  32576.88 99 
103459.5  32577.27 99 
103500.0  32577.00 99 
103500.5  32577.07 99 
103501.0  32577.21 99 
103501.5  32577.26 99 
103502.0  32577.57 99 
103502.5  32577.00 99 
103503.0  32576.72 99 
103503.5  32577.57 99 
103504.0  32576.69 99 
103504.5  32576.95 99 
103505.0  32577.42 99 
103505.5  32577.05 99 
103506.0  32577.09 99 
103506.5  32576.68 99 
103507.0  32577.17 99 
103507.5  32577.30 99 
103508.0  32577.18 99 
103508.5  32577.29 99 
103509.0  32576.93 99 
103509.5  32577.59 99 
103510.0  32577.30 99 
103510.5  32576.73 99 
103511.0  32577.09 99 
103511.5  32577.75 99 
103512.0  32577.61 99 
103512.5  32577.39 99 
103513.0  32577.83 99 
103513.5  32577.32 99 
103514.0  32577.48 99 
103514.5  32576.90 99 
103515.0  32577.30 99 
103515.5  32577.21 99 
103516.0  32577.46 99 
103516.5  32577.30 99 
103517.0  32577.11 99 
103517.5  32577.47 99 
103518.0  32577.23 99 
103518.5  32577.52 99 
103519.0  32577.50 99 
103519.5  32577.22 99 
103520.0  32577.28 99 
103520.5  32577.17 99 
103521.0  32577.37 99 
103521.5  32577.42 99 
103522.0  32577.62 99 
103522.5  32577.26 99 
103523.0  32577.06 99 
103523.5  32577.48 99 
103524.0  32577.09 99 
103524.5  32577.05 99 
103525.0  32577.02 99 
103525.5  32577.45 99 
103526.0  32577.20 99 
103526.5  32577.21 99 
103527.0  32577.14 99 
103527.5  32577.46 99 
103528.0  32576.85 99 
103528.5  32577.41 99 
103529.0  32577.52 99 
103529.5  32577.14 99 
103530.0  32577.56 99 
103530.5  32577.34 99 
103531.0  32577.59 99 
103531.5  32577.85 99 
103532.0  32577.92 99 
103532.5  32577.43 99 
103533.0  32577.31 99 
103533.5  32577.78 99 
103534.0  32577.65 99 
103534.5  32577.35 99 
103535.0  32577.13 99 
103535.5  32577.31 99 
103536.0  32577.51 99 
103536.5  32577.55 99 
103537.0  32577.35 99 
103537.5  32577.63 99 
103538.0  32577.61 99 
103538.5  32577.73 99 
103539.0  32577.57 99 
103539.5  32577.64 99 
103540.0  32577.21 99 
103540.5  32577.26 99 
103541.0  32577.53 99 
103541.5  32577.33 99 
103542.0  32577.07 99 
103542.5  32577.69 99 
103543.0  32577.69 99 
103543.5  32577.71 99 
103544.0  32578.22 99 
103544.5  32577.45 99 
103545.0  32577.72 99 
103545.5  32577.05 99 
103546.0  32577.91 99 
103546.5  32577.60 99 
103547.0  32577.35 99 
103547.5  32577.57 99 
103548.0  32577.50 99 
103548.5  32577.78 99 
103549.0  32577.62 99 
103549.5  32577.92 99 
103550.0  32577.33 99 
103550.5  32577.45 99 
103551.0  32578.00 99 
103551.5  32577.94 99 
103552.0  32577.97 99 
103552.5  32577.34 99 
103553.0  32577.89 99 
103553.5  32577.66 99 
103554.0  32578.03 99 
103554.5  32577.87 99 
103555.0  32577.44 99 
103555.5  32577.66 99 
103556.0  32577.77 99 
103556.5  32577.86 99 
103557.0  32577.35 99 
103557.5  32577.35 99 
103558.0  32577.83 99 
103558.5  32577.56 99 
103559.0  32577.56 99 
103559.5  32577.38 99 
103600.0  32577.89 99 
103600.5  32577.88 99 
103601.0  32577.77 99 
103601.5  32577.67 99 
103602.0  32577.36 99 
103602.5  32577.52 99 
103603.0  32577.68 99 
103603.5  32578.07 99 
103604.0  32577.90 99 
103604.5  32577.63 99 
103605.0  32578.20 99 
103605.5  32578.03 99 
103606.0  32578.03 99 
103606.5  32577.67 99 
103607.0  32577.86 99 
103607.5  32577.89 99 
103608.0  32577.61 99 
103608.5  32578.19 99 
103609.0  32577.85 99 
103609.5  32577.58 99 
103610.0  32577.70 99 
103610.5  32577.75 99 
103611.0  32577.89 99 
103611.5  32577.58 99 
103612.0  32577.94 99 
103612.5  32577.89 99 
103613.0  32578.31 99 
103613.5  32578.11 99 
103614.0  32577.91 99 
103614.5  32577.56 99 
103615.0  32576.85 99 
103615.5  32578.14 99 
103616.0  32578.20 99 
103616.5  32577.63 99 
103617.0  32577.96 99 
103617.5  32578.56 99 
103618.0  32577.69 99 
103618.5  32577.99 99 
103619.0  32578.31 99 
103619.5  32577.95 99 
103620.0  32577.92 99 
103620.5  32578.37 99 
103621.0  32577.87 99 
103621.5  32577.87 99 
103622.0  32578.02 99 
103622.5  32578.19 99 
103623.0  32577.91 99 
103623.5  32577.81 99 
103624.0  32578.22 99 
103624.5  32577.96 99 
103625.0  32577.94 99 
103625.5  32577.85 99 
103626.0  32577.97 99 
103626.5  32577.75 99 
103627.0  32577.64 99 
103627.5  32578.49 99 
103628.0  32578.17 99 
103628.5  32578.26 99 
103629.0  32578.02 99 
103629.5  32577.95 99 
103630.0  32578.05 99 
103630.5  32578.42 99 
103631.0  32578.26 99 
103631.5  32578.13 99 
103632.0  32577.85 99 
103632.5  32578.44 99 
103633.0  32577.90 99 
103633.5  32578.13 99 
103634.0  32577.88 99 
103634.5  32578.61 99 
103635.0  32578.36 99 
103635.5  32578.71 99 
103636.0  32578.30 99 
103636.5  32578.31 99 
103637.0  32578.05 99 
103637.5  32577.63 99 
103638.0  32577.81 99 
103638.5  32577.83 99 
103639.0  32577.96 99 
103639.5  32578.27 99 
103640.0  32578.02 99 
103640.5  32578.09 99 
103641.0  32578.12 99 
103641.5  32577.98 99 
103642.0  32578.40 99 
103642.5  32578.08 99 
103643.0  32578.18 99 
103643.5  32578.25 99 
103644.0  32577.97 99 
103644.5  32578.18 99 
103645.0  32578.18 99 
103645.5  32578.50 99 
103646.0  32578.27 99 
103646.5  32578.13 99 
103647.0  32577.91 99 
103647.5  32578.35 99 
103648.0  32578.02 99 
103648.5  32577.89 99 
103649.0  32578.44 99 
103649.5  32578.58 99 
103650.0  32578.07 99 
103650.5  32578.28 99 
103651.0  32578.29 99 
103651.5  32578.58 99 
103652.0  32578.57 99 
103652.5  32578.28 99 
103653.0  32577.83 99 
103653.5  32578.00 99 
103654.0  32577.91 99 
103654.5  32578.19 99 
103655.0  32578.03 99 
103655.5  32578.57 99 
103656.0  32578.81 99 
103656.5  32578.30 99 
103657.0  32578.26 99 
103657.5  32578.25 99 
103658.0  32578.73 99 
103658.5  32578.15 99 
103659.0  32578.04 99 
103659.5  32578.48 99 
103700.0  32578.32 99 
103700.5  32577.62 99 
103701.0  32578.45 99 
103701.5  32578.62 99 
103702.0  32577.80 99 
103702.5  32578.36 99 
103703.0  32578.11 99 
103703.5  32578.53 99 
103704.0  32577.88 99 
103704.5  32578.27 99 
103705.0  32578.18 99 
103705.5  32578.21 99 
103706.0  32578.29 99 
103706.5  32577.74 99 
103707.0  32578.55 99 
103707.5  32578.62 99 
103708.0  32578.27 99 
103708.5  32578.29 99 
103709.0  32578.60 99 
103709.5  32578.03 99 
103710.0  32578.51 99 
103710.5  32577.68 99 
103711.0  32578.26 99 
103711.5  32578.65 99 
103712.0  32578.13 99 
103712.5  32578.03 99 
103713.0  32577.94 99 
103713.5  32578.54 99 
103714.0  32578.31 99 
103714.5  32578.34 99 
103715.0  32578.63 99 
103715.5  32578.48 99 
103716.0  32578.25 99 
103716.5  32578.13 99 
103717.0  32578.46 99 
103717.5  32578.61 99 
103718.0  32578.69 99 
103718.5  32578.70 99 
103719.0  32578.36 99 
103719.5  32578.11 99 
103720.0  32578.52 99 
103720.5  32578.19 99 
103721.0  32578.07 99 
103721.5  32578.45 99 
103722.0  32578.22 99 
103722.5  32578.48 99 
103723.0  32578.06 99 
103723.5  32578.37 99 
103724.0  32578.30 99 
103724.5  32578.44 99 
103725.0  32578.40 99 
103725.5  32579.16 99 
103726.0  32578.33 99 
103726.5  32578.23 99 
103727.0  32578.28 99 
103727.5  32578.86 99 
103728.0  32578.49 99 
103728.5  32578.62 99 
103729.0  32578.41 99 
103729.5  32578.25 99 
103730.0  32578.59 99 
103730.5  32577.94 99 
103731.0  32578.24 99 
103731.5  32578.41 99 
103732.0  32578.41 99 
103732.5  32578.39 99 
103733.0  32578.78 99 
103733.5  32578.58 99 
103734.0  32578.92 99 
103734.5  32578.17 99 
103735.0  32578.44 99 
103735.5  32578.88 99 
103736.0  32578.34 99 
103736.5  32578.41 99 
103737.0  32578.66 99 
103737.5  32578.12 99 
103738.0  32578.41 99 
103738.5  32578.21 99 
103739.0  32578.34 99 
103739.5  32578.37 99 
103740.0  32578.48 99 
103740.5  32578.41 99 
103741.0  32578.42 99 
103741.5  32578.90 99 
103742.0  32578.68 99 
103742.5  32578.65 99 
103743.0  32578.29 99 
103743.5  32578.43 99 
103744.0  32578.30 99 
103744.5  32578.32 99 
103745.0  32578.19 99 
103745.5  32578.22 99 
103746.0  32578.59 99 
103746.5  32578.74 99 
103747.0  32578.23 99 
103747.5  32578.79 99 
103748.0  32578.42 99 
103748.5  32578.62 99 
103749.0  32578.79 99 
103749.5  32578.64 99 
103750.0  32578.48 99 
103750.5  32578.44 99 
103751.0  32578.32 99 
103751.5  32578.51 99 
103752.0  32578.41 99 
103752.5  32578.47 99 
103753.0  32578.45 99 
103753.5  32578.76 99 
103754.0  32578.38 99 
103754.5  32578.64 99 
103755.0  32578.72 99 
103755.5  32578.51 99 
103756.0  32578.81 99 
103756.5  32578.50 99 
103757.0  32578.83 99 
103757.5  32578.51 99 
103758.0  32578.65 99 
103758.5  32578.70 99 
103759.0  32578.42 99 
103759.5  32578.47 99 
103800.0  32578.35 99 
103800.5  32578.53 99 
103801.0  32578.45 99 
103801.5  32578.88 99 
103802.0  32578.83 99 
103802.5  32578.40 99 
103803.0  32578.89 99 
103803.5  32578.69 99 
103804.0  32578.27 99 
103804.5  32578.11 99 
103805.0  32579.02 99 
103805.5  32578.45 99 
103806.0  32578.57 99 
103806.5  32578.34 99 
103807.0  32578.46 99 
103807.5  32578.29 99 
103808.0  32578.66 99 
103808.5  32578.58 99 
103809.0  32578.76 99 
103809.5  32578.79 99 
103810.0  32578.66 99 
103810.5  32579.02 99 
103811.0  32579.00 99 
103811.5  32578.48 99 
103812.0  32579.00 99 
103812.5  32578.79 99 
103813.0  32578.63 99 
103813.5  32578.77 99 
103814.0  32579.04 99 
103814.5  32578.61 99 
103815.0  32578.46 99 
103815.5  32578.77 99 
103816.0  32578.78 99 
103816.5  32578.51 99 
103817.0  32578.59 99 
103817.5  32579.16 99 
103818.0  32578.44 99 
103818.5  32578.74 99 
103819.0  32578.69 99 
103819.5  32579.24 99 
103820.0  32578.84 99 
103820.5  32578.53 99 
103821.0  32578.58 99 
103821.5  32578.71 99 
103822.0  32578.60 99 
103822.5  32579.16 99 
103823.0  32578.38 99 
103823.5  32578.74 99 
103824.0  32579.06 99 
103824.5  32578.67 99 
103825.0  32578.16 99 
103825.5  32578.73 99 
103826.0  32578.92 99 
103826.5  32578.86 99 
103827.0  32578.54 99 
103827.5  32578.82 99 
103828.0  32578.83 99 
103828.5  32578.26 99 
103829.0  32578.67 99 
103829.5  32578.95 99 
103830.0  32578.57 99 
103830.5  32578.65 99 
103831.0  32578.77 99 
103831.5  32578.57 99 
103832.0  32578.78 99 
103832.5  32579.15 99 
103833.0  32578.66 99 
103833.5  32578.93 99 
103834.0  32578.85 99 
103834.5  32578.91 99 
103835.0  32578.93 99 
103835.5  32578.55 99 
103836.0  32579.11 99 
103836.5  32578.07 99 
103837.0  32578.93 99 
103837.5  32578.52 99 
103838.0  32578.36 99 
103838.5  32578.73 99 
103839.0  32579.12 99 
103839.5  32579.08 99 
103840.0  32578.55 99 
103840.5  32578.85 99 
103841.0  32579.24 99 
103841.5  32578.61 99 
103842.0  32578.40 99 
103842.5  32579.04 99 
103843.0  32578.52 99 
103843.5  32578.91 99 
103844.0  32578.66 99 
103844.5  32578.91 99 
103845.0  32578.86 99 
103845.5  32578.64 99 
103846.0  32578.83 99 
103846.5  32578.88 99 
103847.0  32578.74 99 
103847.5  32578.89 99 
103848.0  32578.60 99 
103848.5  32578.87 99 
103849.0  32578.48 99 
103849.5  32578.81 99 
103850.0  32578.72 99 
103850.5  32578.50 99 
103851.0  32579.16 99 
103851.5  32578.86 99 
103852.0  32578.94 99 
103852.5  32579.12 99 
103853.0  32578.27 99 
103853.5  32579.27 99 
103854.0  32578.70 99 
103854.5  32579.27 99 
103855.0  32579.13 99 
103855.5  32578.80 99 
103856.0  32578.63 99 
103856.5  32578.66 99 
103857.0  32579.05 99 
103857.5  32579.23 99 
103858.0  32579.12 99 
103858.5  32578.66 99 
103859.0  32578.78 99 
103859.5  32578.76 99 
103900.0  32578.60 99 
103900.5  32578.90 99 
103901.0  32579.06 99 
103901.5  32579.08 99 
103902.0  32578.65 99 
103902.5  32579.26 99 
103903.0  32579.01 99 
103903.5  32579.13 99 
103904.0  32579.16 99 
103904.5  32578.51 99 
103905.0  32578.85 99 
103905.5  32578.54 99 
103906.0  32578.97 99 
103906.5  32578.56 99 
103907.0  32578.92 99 
103907.5  32578.85 99 
103908.0  32578.63 99 
103908.5  32579.13 99 
103909.0  32578.73 99 
103909.5  32578.85 99 
103910.0  32579.18 99 
103910.5  32578.51 99 
103911.0  32578.85 99 
103911.5  32578.81 99 
103912.0  32579.43 99 
103912.5  32579.18 99 
103913.0  32579.08 99 
103913.5  32578.98 99 
103914.0  32579.19 99 
103914.5  32579.03 99 
103915.0  32578.70 99 
103915.5  32579.24 99 
103916.0  32579.56 99 
103916.5  32579.15 99 
103917.0  32578.99 99 
103917.5  32578.72 99 
103918.0  32579.12 99 
103918.5  32578.96 99 
103919.0  32578.92 99 
103919.5  32579.11 99 
103920.0  32578.93 99 
103920.5  32579.30 99 
103921.0  32579.03 99 
103921.5  32579.15 99 
103922.0  32578.89 99 
103922.5  32578.88 99 
103923.0  32578.86 99 
103923.5  32578.94 99 
103924.0  32579.07 99 
103924.5  32578.88 99 
103925.0  32578.62 99 
103925.5  32578.92 99 
103926.0  32578.90 99 
103926.5  32578.57 99 
103927.0  32579.55 99 
103927.5  32578.90 99 
103928.0  32579.18 99 
103928.5  32578.89 99 
103929.0  32578.98 99 
103929.5  32579.10 99 
103930.0  32579.31 99 
103930.5  32579.25 99 
103931.0  32579.15 99 
103931.5  32578.85 99 
103932.0  32578.95 99 
103932.5  32578.67 99 
103933.0  32579.10 99 
103933.5  32578.89 99 
103934.0  32578.71 99 
103934.5  32578.96 99 
103935.0  32579.33 99 
103935.5  32579.15 99 
103936.0  32578.55 99 
103936.5  32579.26 99 
103937.0  32579.44 99 
103937.5  32579.65 99 
103938.0  32579.61 99 
103938.5  32578.69 99 
103939.0  32579.10 99 
103939.5  32579.37 99 
103940.0  32579.03 99 
103940.5  32579.33 99 
103941.0  32579.14 99 
103941.5  32579.58 99 
103942.0  32579.15 99 
103942.5  32579.41 99 
103943.0  32578.68 99 
103943.5  32578.13 99 
103944.0  32579.34 99 
103944.5  32579.39 99 
103945.0  32578.52 99 
103945.5  32579.20 99 
103946.0  32579.34 99 
103946.5  32579.01 99 
103947.0  32579.29 99 
103947.5  32579.22 99 
103948.0  32579.19 99 
103948.5  32578.90 99 
103949.0  32579.35 99 
103949.5  32579.46 99 
103950.0  32579.05 99 
103950.5  32579.45 99 
103951.0  32578.83 99 
103951.5  32578.71 99 
103952.0  32579.24 99 
103952.5  32579.15 99 
103953.0  32579.14 99 
103953.5  32579.17 99 
103954.0  32579.05 99 
103954.5  32579.18 99 
103955.0  32579.05 99 
103955.5  32579.12 99 
103956.0  32578.87 99 
103956.5  32579.31 99 
103957.0  32579.46 99 
103957.5  32579.41 99 
103958.0  32579.55 99 
103958.5  32579.40 99 
103959.0  32579.49 99 
103959.5  32579.06 99 
104000.0  32578.82 99 
104000.5  32579.19 99 
104001.0  32579.27 99 
104001.5  32579.09 99 
104002.0  32579.27 99 
104002.5  32579.46 99 
104003.0  32579.04 99 
104003.5  32579.19 99 
104004.0  32579.30 99 
104004.5  32578.99 99 
104005.0  32579.33 99 
104005.5  32579.85 99 
104006.0  32579.41 99 
104006.5  32579.84 99 
104007.0  32579.02 99 
104007.5  32579.07 99 
104008.0  32579.07 99 
104008.5  32579.16 99 
104009.0  32579.20 99 
104009.5  32579.28 99 
104010.0  32579.04 99 
104010.5  32579.12 99 
104011.0  32579.11 99 
104011.5  32579.57 99 
104012.0  32579.29 99 
104012.5  32579.50 99 
104013.0  32578.93 99 
104013.5  32579.25 99 
104014.0  32579.29 99 
104014.5  32579.05 99 
104015.0  32579.11 99 
104015.5  32579.82 99 
104016.0  32578.63 99 
104016.5  32579.32 99 
104017.0  32579.31 99 
104017.5  32579.46 99 
104018.0  32579.31 99 
104018.5  32579.10 99 
104019.0  32578.68 99 
104019.5  32579.10 99 
104020.0  32579.05 99 
104020.5  32579.90 99 
104021.0  32579.12 99 
104021.5  32579.40 99 
104022.0  32579.46 99 
104022.5  32579.60 99 
104023.0  32579.18 99 
104023.5  32579.22 99 
104024.0  32579.39 99 
104024.5  32579.03 99 
104025.0  32579.36 99 
104025.5  32579.38 99 
104026.0  32579.09 99 
104026.5  32578.95 99 
104027.0  32579.21 99 
104027.5  32578.52 99 
104028.0  32579.32 99 
104028.5  32579.44 99 
104029.0  32579.53 99 
104029.5  32579.00 99 
104030.0  32579.42 99 
104030.5  32579.25 99 
104031.0  32579.01 99 
104031.5  32579.32 99 
104032.0  32579.67 99 
104032.5  32579.26 99 
104033.0  32579.06 99 
104033.5  32579.16 99 
104034.0  32579.46 99 
104034.5  32579.42 99 
104035.0  32578.85 99 
104035.5  32579.63 99 
104036.0  32579.43 99 
104036.5  32579.57 99 
104037.0  32579.28 99 
104037.5  32579.38 99 
104038.0  32579.56 99 
104038.5  32579.50 99 
104039.0  32579.10 99 
104039.5  32579.57 99 
104040.0  32579.20 99 
104040.5  32579.37 99 
104041.0  32579.58 99 
104041.5  32579.56 99 
104042.0  32579.41 99 
104042.5  32579.34 99 
104043.0  32579.55 99 
104043.5  32579.20 99 
104044.0  32578.94 99 
104044.5  32579.10 99 
104045.0  32578.67 99 
104045.5  32579.40 99 
104046.0  32579.52 99 
104046.5  32579.53 99 
104047.0  32579.32 99 
104047.5  32579.19 99 
104048.0  32579.22 99 
104048.5  32579.84 99 
104049.0  32579.45 99 
104049.5  32579.05 99 
104050.0  32579.37 99 
104050.5  32579.56 99 
104051.0  32579.61 99 
104051.5  32579.52 99 
104052.0  32579.77 99 
104052.5  32579.52 99 
104053.0  32579.59 99 
104053.5  32578.99 99 
104054.0  32579.51 99 
104054.5  32579.95 99 
104055.0  32579.47 99 
104055.5  32579.22 99 
104056.0  32579.36 99 
104056.5  32579.21 99 
104057.0  32579.19 99 
104057.5  32579.58 99 
104058.0  32579.18 99 
104058.5  32578.92 99 
104059.0  32579.05 99 
104059.5  32579.30 99 
104100.0  32579.56 99 
104100.5  32579.55 99 
104101.0  32579.11 99 
104101.5  32579.30 99 
104102.0  32579.68 99 
104102.5  32579.38 99 
104103.0  32579.45 99 
104103.5  32579.40 99 
104104.0  32579.46 99 
104104.5  32579.29 99 
104105.0  32579.15 99 
104105.5  32579.19 99 
104106.0  32579.46 99 
104106.5  32579.44 99 
104107.0  32579.54 99 
104107.5  32579.74 99 
104108.0  32578.72 99 
104108.5  32579.60 99 
104109.0  32579.40 99 
104109.5  32579.44 99 
104110.0  32579.21 99 
104110.5  32579.53 99 
104111.0  32579.29 99 
104111.5  32579.39 99 
104112.0  32579.29 99 
104112.5  32579.42 99 
104113.0  32579.16 99 
104113.5  32579.65 99 
104114.0  32579.70 99 
104114.5  32579.58 99 
104115.0  32579.18 99 
104115.5  32579.42 99 
104116.0  32579.44 99 
104116.5  32579.85 99 
104117.0  32579.56 99 
104117.5  32579.24 99 
104118.0  32579.71 99 
104118.5  32579.19 99 
104119.0  32579.58 99 
104119.5  32579.58 99 
104120.0  32579.60 99 
104120.5  32579.26 99 
104121.0  32579.54 99 
104121.5  32579.32 99 
104122.0  32579.64 99 
104122.5  32579.19 99 
104123.0  32579.76 99 
104123.5  32579.53 99 
104124.0  32579.52 99 
104124.5  32579.62 99 
104125.0  32579.43 99 
104125.5  32579.57 99 
104126.0  32579.74 99 
104126.5  32578.90 99 
104127.0  32579.33 99 
104127.5  32579.44 99 
104128.0  32579.38 99 
104128.5  32579.24 99 
104129.0  32579.20 99 
104129.5  32579.84 99 
104130.0  32579.76 99 
104130.5  32579.70 99 
104131.0  32579.81 99 
104131.5  32579.33 99 
104132.0  32579.47 99 
104132.5  32579.25 99 
104133.0  32579.09 99 
104133.5  32579.57 99 
104134.0  32579.45 99 
104134.5  32580.01 99 
104135.0  32579.66 99 
104135.5  32579.52 99 
104136.0  32579.26 99 
104136.5  32579.35 99 
104137.0  32579.56 99 
104137.5  32579.59 99 
104138.0  32579.53 99 
104138.5  32579.03 99 
104139.0  32579.16 99 
104139.5  32579.13 99 
104140.0  32578.68 99 
104140.5  32579.42 99 
104141.0  32579.66 99 
104141.5  32579.14 99 
104142.0  32579.02 99 
104142.5  32579.60 99 
104143.0  32578.95 99 
104143.5  32579.59 99 
104144.0  32578.67 99 
104144.5  32578.80 99 
104145.0  32579.51 99 
104145.5  32579.48 99 
104146.0  32579.64 99 
104146.5  32579.13 99 
104147.0  32579.36 99 
104147.5  32579.80 99 
104148.0  32579.01 99 
104148.5  32579.63 99 
104149.0  32579.32 99 
104149.5  32579.31 99 
104150.0  32579.06 99 
104150.5  32579.31 99 
104151.0  32579.55 99 
104151.5  32579.45 99 
104152.0  32579.19 99 
104152.5  32579.14 99 
104153.0  32579.39 99 
104153.5  32579.53 99 
104154.0  32579.58 99 
104154.5  32579.19 99 
104155.0  32579.22 99 
104155.5  32579.41 99 
104156.0  32579.32 99 
104156.5  32579.25 99 
104157.0  32579.45 99 
104157.5  32579.45 99 
104158.0  32579.24 99 
104158.5  32579.19 99 
104159.0  32579.52 99 
104159.5  32579.28 99 
104200.0  32579.30 99 
104200.5  32579.28 99 
104201.0  32579.43 99 
104201.5  32579.34 99 
104202.0  32579.14 99 
104202.5  32579.13 99 
104203.0  32579.31 99 
104203.5  32579.60 99 
104204.0  32579.71 99 
104204.5  32579.58 99 
104205.0  32579.37 99 
104205.5  32579.17 99 
104206.0  32579.53 99 
104206.5  32579.30 99 
104207.0  32578.94 99 
104207.5  32579.53 99 
104208.0  32578.53 99 
104208.5  32579.10 99 
104209.0  32579.27 99 
104209.5  32579.45 99 
104210.0  32578.95 99 
104210.5  32579.09 99 
104211.0  32579.26 99 
104211.5  32579.59 99 
104212.0  32578.67 99 
104212.5  32578.97 99 
104213.0  32579.32 99 
104213.5  32579.47 99 
104214.0  32578.93 99 
104214.5  32579.29 99 
104215.0  32579.07 99 
104215.5  32579.33 99 
104216.0  32579.13 99 
104216.5  32579.07 99 
104217.0  32578.75 99 
104217.5  32579.20 99 
104218.0  32579.75 99 
104218.5  32579.16 99 
104219.0  32578.86 99 
104219.5  32579.26 99 
104220.0  32579.32 99 
104220.5  32579.58 99 
104221.0  32579.22 99 
104221.5  32579.33 99 
104222.0  32579.35 99 
104222.5  32579.10 99 
104223.0  32579.27 99 
104223.5  32579.49 99 
104224.0  32579.49 99 
104224.5  32578.76 99 
104225.0  32579.47 99 
104225.5  32579.11 99 
104226.0  32578.62 99 
104226.5  32578.94 99 
104227.0  32578.75 99 
104227.5  32578.89 99 
104228.0  32579.13 99 
104228.5  32579.09 99 
104229.0  32579.61 99 
104229.5  32578.77 99 
104230.0  32578.99 99 
104230.5  32579.14 99 
104231.0  32579.17 99 
104231.5  32579.13 99 
104232.0  32579.11 99 
104232.5  32579.52 99 
104233.0  32579.05 99 
104233.5  32578.87 99 
104234.0  32579.03 99 
104234.5  32578.64 99 
104235.0  32579.21 99 
104235.5  32579.25 99 
104236.0  32579.22 99 
104236.5  32578.95 99 
104237.0  32579.32 99 
104237.5  32579.12 99 
104238.0  32579.34 99 
104238.5  32579.53 99 
104239.0  32578.83 99 
104239.5  32579.16 99 
104240.0  32578.71 99 
104240.5  32578.85 99 
104241.0  32579.41 99 
104241.5  32579.25 99 
104242.0  32579.25 99 
104242.5  32579.25 99 
104243.0  32579.63 99 
104243.5  32579.22 99 
104244.0  32579.16 99 
104244.5  32579.00 99 
104245.0  32579.36 99 
104245.5  32579.31 99 
104246.0  32579.06 99 
104246.5  32579.07 99 
104247.0  32578.98 99 
104247.5  32579.08 99 
104248.0  32579.27 99 
104248.5  32579.19 99 
104249.0  32578.84 99 
104249.5  32579.17 99 
104250.0  32579.26 99 
104250.5  32579.08 99 
104251.0  32579.10 99 
104251.5  32579.26 99 
104252.0  32579.18 99 
104252.5  32579.87 99 
104253.0  32578.92 99 
104253.5  32579.18 99 
104254.0  32579.35 99 
104254.5  32578.99 99 
104255.0  32579.52 99 
104255.5  32579.19 99 
104256.0  32579.03 99 
104256.5  32579.27 99 
104257.0  32579.25 99 
104257.5  32579.18 99 
104258.0  32579.53 99 
104258.5  32579.10 99 
104259.0  32578.73 99 
104259.5  32579.06 99 
104300.0  32578.90 99 
104300.5  32579.07 99 
104301.0  32579.50 99 
104301.5  32579.45 99 
104302.0  32579.15 99 
104302.5  32578.59 99 
104303.0  32579.09 99 
104303.5  32579.10 99 
104304.0  32579.30 99 
104304.5  32578.38 99 
104305.0  32579.18 99 
104305.5  32579.60 99 
104306.0  32579.08 99 
104306.5  32578.80 99 
104307.0  32579.03 99 
104307.5  32578.79 99 
104308.0  32579.09 99 
104308.5  32579.33 99 
104309.0  32579.18 99 
104309.5  32578.61 99 
104310.0  32579.21 99 
104310.5  32579.37 99 
104311.0  32579.27 99 
104311.5  32579.21 99 
104312.0  32579.09 99 
104312.5  32579.03 99 
104313.0  32579.09 99 
104313.5  32579.16 99 
104314.0  32579.16 99 
104314.5  32579.17 99 
104315.0  32579.18 99 
104315.5  32579.17 99 
104316.0  32579.42 99 
104316.5  32579.20 99 
104317.0  32579.24 99 
104317.5  32579.09 99 
104318.0  32579.23 99 
104318.5  32579.06 99 
104319.0  32579.14 99 
104319.5  32578.90 99 
104320.0  32579.22 99 
104320.5  32578.99 99 
104321.0  32578.89 99 
104321.5  32578.61 99 
104322.0  32579.22 99 
104322.5  32579.01 99 
104323.0  32579.20 99 
104323.5  32578.69 99 
104324.0  32578.84 99 
104324.5  32579.05 99 
104325.0  32578.86 99 
104325.5  32579.00 99 
104326.0  32579.18 99 
104326.5  32579.07 99 
104327.0  32578.66 99 
104327.5  32578.47 99 
104328.0  32578.95 99 
104328.5  32578.93 99 
104329.0  32578.92 99 
104329.5  32578.66 99 
104330.0  32578.65 99 
104330.5  32578.86 99 
104331.0  32579.32 99 
104331.5  32579.02 99 
104332.0  32579.20 99 
104332.5  32579.24 99 
104333.0  32578.74 99 
104333.5  32579.21 99 
104334.0  32579.49 99 
104334.5  32579.01 99 
104335.0  32579.38 99 
104335.5  32579.03 99 
104336.0  32578.79 99 
104336.5  32579.58 99 
104337.0  32578.95 99 
104337.5  32578.69 99 
104338.0  32579.10 99 
104338.5  32579.26 99 
104339.0  32579.36 99 
104339.5  32579.35 99 
104340.0  32578.59 99 
104340.5  32578.78 99 
104341.0  32578.98 99 
104341.5  32578.74 99 
104342.0  32579.07 99 
104342.5  32579.02 99 
104343.0  32578.69 99 
104343.5  32578.57 99 
104344.0  32578.90 99 
104344.5  32579.10 99 
104345.0  32578.83 99 
104345.5  32579.08 99 
104346.0  32579.08 99 
104346.5  32579.16 99 
104347.0  32579.03 99 
104347.5  32579.03 99 
104348.0  32578.79 99 
104348.5  32579.32 99 
104349.0  32578.73 99 
104349.5  32578.90 99 
104350.0  32579.04 99 
104350.5  32578.97 99 
104351.0  32578.82 99 
104351.5  32579.24 99 
104352.0  32578.68 99 
104352.5  32579.50 99 
104353.0  32578.69 99 
104353.5  32578.47 99 
104354.0  32578.79 99 
104354.5  32579.08 99 
104355.0  32578.79 99 
104355.5  32578.42 99 
104356.0  32578.82 99 
104356.5  32578.80 99 
104357.0  32578.62 99 
104357.5  32578.90 99 
104358.0  32578.43 99 
104358.5  32578.51 99 
104359.0  32578.44 99 
104359.5  32578.99 99 
104400.0  32579.13 99 
104400.5  32578.62 99 
104401.0  32578.35 99 
104401.5  32578.93 99 
104402.0  32578.79 99 
104402.5  32578.71 99 
104403.0  32578.54 99 
104403.5  32578.64 99 
104404.0  32578.39 99 
104404.5  32578.93 99 
104405.0  32578.68 99 
104405.5  32578.63 99 
104406.0  32578.93 99 
104406.5  32578.60 99 
104407.0  32578.72 99 
104407.5  32578.02 99 
104408.0  32578.53 99 
104408.5  32578.24 99 
104409.0  32579.01 99 
104409.5  32578.28 99 
104410.0  32578.69 99 
104410.5  32578.77 99 
104411.0  32578.42 99 
104411.5  32578.55 99 
104412.0  32578.41 99 
104412.5  32578.77 99 
104413.0  32578.63 99 
104413.5  32578.77 99 
104414.0  32578.37 99 
104414.5  32578.90 99 
104415.0  32578.45 99 
104415.5  32578.98 99 
104416.0  32578.69 99 
104416.5  32578.96 99 
104417.0  32579.02 99 
104417.5  32578.49 99 
104418.0  32578.84 99 
104418.5  32578.85 99 
104419.0  32578.80 99 
104419.5  32578.76 99 
104420.0  32578.54 99 
104420.5  32578.68 99 
104421.0  32578.76 99 
104421.5  32579.05 99 
104422.0  32578.60 99 
104422.5  32578.41 99 
104423.0  32579.10 99 
104423.5  32578.56 99 
104424.0  32578.75 99 
104424.5  32578.51 99 
104425.0  32578.35 99 
104425.5  32578.92 99 
104426.0  32578.48 99 
104426.5  32578.58 99 
104427.0  32578.93 99 
104427.5  32578.54 99 
104428.0  32578.80 99 
104428.5  32578.58 99 
104429.0  32578.45 99 
104429.5  32578.42 99 
104430.0  32578.47 99 
104430.5  32578.97 99 
104431.0  32578.94 99 
104431.5  32578.44 99 
104432.0  32578.67 99 
104432.5  32578.86 99 
104433.0  32578.82 99 
104433.5  32578.24 99 
104434.0  32578.67 99 
104434.5  32578.47 99 
104435.0  32578.80 99 
104435.5  32578.57 99 
104436.0  32578.22 99 
104436.5  32578.52 99 
104437.0  32578.15 99 
104437.5  32578.13 99 
104438.0  32578.64 99 
104438.5  32578.46 99 
104439.0  32578.01 99 
104439.5  32578.32 99 
104440.0  32578.50 99 
104440.5  32578.33 99 
104441.0  32579.03 99 
104441.5  32578.24 99 
104442.0  32578.58 99 
104442.5  32578.04 99 
104443.0  32578.50 99 
104443.5  32578.10 99 
104444.0  32578.20 99 
104444.5  32578.47 99 
104445.0  32578.45 99 
104445.5  32578.28 99 
104446.0  32578.04 99 
104446.5  32578.17 99 
104447.0  32578.33 99 
104447.5  32578.49 99 
104448.0  32578.89 99 
104448.5  32578.56 99 
104449.0  32578.23 99 
104449.5  32578.87 99 
104450.0  32578.31 99 
104450.5  32578.25 99 
104451.0  32578.56 99 
104451.5  32578.44 99 
104452.0  32578.40 99 
104452.5  32578.03 99 
104453.0  32578.31 99 
104453.5  32578.33 99 
104454.0  32578.41 99 
104454.5  32577.99 99 
104455.0  32577.98 99 
104455.5  32578.52 99 
104456.0  32578.58 99 
104456.5  32577.99 99 
104457.0  32578.27 99 
104457.5  32578.54 99 
104458.0  32578.42 99 
104458.5  32578.42 99 
104459.0  32577.98 99 
104459.5  32578.26 99 
104500.0  32578.43 99 
104500.5  32578.49 99 
104501.0  32578.17 99 
104501.5  32577.68 99 
104502.0  32578.49 99 
104502.5  32578.41 99 
104503.0  32578.25 99 
104503.5  32578.86 99 
104504.0  32577.99 99 
104504.5  32578.78 99 
104505.0  32578.36 99 
104505.5  32578.39 99 
104506.0  32578.38 99 
104506.5  32578.67 99 
104507.0  32578.60 99 
104507.5  32578.61 99 
104508.0  32578.16 99 
104508.5  32578.38 99 
104509.0  32578.63 99 
104509.5  32578.60 99 
104510.0  32578.57 99 
104510.5  32578.71 99 
104511.0  32577.89 99 
104511.5  32578.29 99 
104512.0  32578.30 99 
104512.5  32578.67 99 
104513.0  32578.18 99 
104513.5  32578.13 99 
104514.0  32578.34 99 
104514.5  32578.72 99 
104515.0  32578.02 99 
104515.5  32578.62 99 
104516.0  32578.10 99 
104516.5  32578.34 99 
104517.0  32578.05 99 
104517.5  32577.95 99 
104518.0  32578.59 99 
104518.5  32578.14 99 
104519.0  32577.87 99 
104519.5  32578.53 99 
104520.0  32578.48 99 
104520.5  32578.10 99 
104521.0  32578.00 99 
104521.5  32578.28 99 
104522.0  32578.22 99 
104522.5  32578.46 99 
104523.0  32578.51 99 
104523.5  32577.58 99 
104524.0  32578.87 99 
104524.5  32577.85 99 
104525.0  32577.96 99 
104525.5  32578.54 99 
104526.0  32578.39 99 
104526.5  32578.04 99 
104527.0  32578.52 99 
104527.5  32577.95 99 
104528.0  32577.83 99 
104528.5  32577.77 99 
104529.0  32578.14 99 
104529.5  32578.29 99 
104530.0  32578.08 99 
104530.5  32578.53 99 
104531.0  32577.83 99 
104531.5  32577.81 99 
104532.0  32578.62 99 
104532.5  32577.96 99 
104533.0  32578.66 99 
104533.5  32578.24 99 
104534.0  32578.36 99 
104534.5  32578.22 99 
104535.0  32577.98 99 
104535.5  32578.06 99 
104536.0  32578.65 99 
104536.5  32577.86 99 
104537.0  32577.87 99 
104537.5  32578.13 99 
104538.0  32578.40 99 
104538.5  32577.39 99 
104539.0  32578.43 99 
104539.5  32578.69 99 
104540.0  32577.53 99 
104540.5  32578.13 99 
104541.0  32578.30 99 
104541.5  32578.42 99 
104542.0  32578.15 99 
104542.5  32577.61 99 
104543.0  32578.05 99 
104543.5  32577.89 99 
104544.0  32577.96 99 
104544.5  32578.25 99 
104545.0  32578.05 99 
104545.5  32577.98 99 
104546.0  32578.24 99 
104546.5  32578.19 99 
104547.0  32578.04 99 
104547.5  32577.93 99 
104548.0  32578.10 99 
104548.5  32577.94 99 
104549.0  32577.79 99 
104549.5  32578.08 99 
104550.0  32578.41 99 
104550.5  32578.61 99 
104551.0  32577.92 99 
104551.5  32577.85 99 
104552.0  32578.24 99 
104552.5  32578.26 99 
104553.0  32578.01 99 
104553.5  32577.60 99 
104554.0  32577.95 99 
104554.5  32578.29 99 
104555.0  32578.16 99 
104555.5  32577.46 99 
104556.0  32577.85 99 
104556.5  32578.10 99 
104557.0  32578.03 99 
104557.5  32577.80 99 
104558.0  32578.11 99 
104558.5  32578.33 99 
104559.0  32577.75 99 
104559.5  32577.86 99 
104600.0  32577.61 99 
104600.5  32577.53 99 
104601.0  32577.83 99 
104601.5  32577.60 99 
104602.0  32578.08 99 
104602.5  32577.81 99 
104603.0  32578.01 99 
104603.5  32577.84 99 
104604.0  32578.04 99 
104604.5  32577.90 99 
104605.0  32577.76 99 
104605.5  32577.91 99 
104606.0  32578.35 99 
104606.5  32577.85 99 
104607.0  32578.07 99 
104607.5  32577.81 99 
104608.0  32577.43 99 
104608.5  32578.30 99 
104609.0  32577.68 99 
104609.5  32578.07 99 
104610.0  32578.39 99 
104610.5  32578.16 99 
104611.0  32577.84 99 
104611.5  32578.36 99 
104612.0  32577.98 99 
104612.5  32577.97 99 
104613.0  32577.63 99 
104613.5  32578.12 99 
104614.0  32577.71 99 
104614.5  32578.15 99 
104615.0  32577.50 99 
104615.5  32577.64 99 
104616.0  32578.33 99 
104616.5  32577.96 99 
104617.0  32578.11 99 
104617.5  32577.97 99 
104618.0  32577.37 99 
104618.5  32577.96 99 
104619.0  32577.61 99 
104619.5  32577.65 99 
104620.0  32577.68 99 
104620.5  32578.30 99 
104621.0  32577.89 99 
104621.5  32578.25 99 
104622.0  32578.06 99 
104622.5  32577.90 99 
104623.0  32577.59 99 
104623.5  32577.39 99 
104624.0  32577.83 99 
104624.5  32577.75 99 
104625.0  32577.82 99 
104625.5  32578.14 99 
104626.0  32578.18 99 
104626.5  32578.39 99 
104627.0  32577.82 99 
104627.5  32577.53 99 
104628.0  32577.98 99 
104628.5  32578.20 99 
104629.0  32577.75 99 
104629.5  32577.60 99 
104630.0  32578.12 99 
104630.5  32577.78 99 
104631.0  32577.80 99 
104631.5  32578.03 99 
104632.0  32578.38 99 
104632.5  32577.99 99 
104633.0  32578.02 99 
104633.5  32577.64 99 
104634.0  32577.56 99 
104634.5  32577.34 99 
104635.0  32577.90 99 
104635.5  32578.05 99 
104636.0  32577.80 99 
104636.5  32577.56 99 
104637.0  32577.77 99 
104637.5  32577.71 99 
104638.0  32577.92 99 
104638.5  32578.29 99 
104639.0  32578.00 99 
104639.5  32577.13 99 
104640.0  32577.92 99 
104640.5  32578.09 99 
104641.0  32577.71 99 
104641.5  32577.90 99 
104642.0  32578.24 99 
104642.5  32578.04 99 
104643.0  32577.63 99 
104643.5  32578.00 99 
104644.0  32577.71 99 
104644.5  32577.60 99 
104645.0  32578.07 99 
104645.5  32577.49 99 
104646.0  32578.04 99 
104646.5  32578.13 99 
104647.0  32577.55 99 
104647.5  32577.85 99 
104648.0  32577.33 99 
104648.5  32577.86 99 
104649.0  32578.09 99 
104649.5  32577.71 99 
104650.0  32577.48 99 
104650.5  32577.83 99 
104651.0  32577.85 99 
104651.5  32577.75 99 
104652.0  32578.07 99 
104652.5  32577.61 99 
104653.0  32577.76 99 
104653.5  32577.96 99 
104654.0  32578.07 99 
104654.5  32577.87 99 
104655.0  32577.13 99 
104655.5  32577.65 99 
104656.0  32577.48 99 
104656.5  32577.90 99 
104657.0  32577.80 99 
104657.5  32577.39 99 
104658.0  32577.87 99 
104658.5  32578.06 99 
104659.0  32577.96 99 
104659.5  32577.75 99 
104700.0  32578.17 99 
104700.5  32578.19 99 
104701.0  32577.53 99 
104701.5  32577.55 99 
104702.0  32577.73 99 
104702.5  32578.00 99 
104703.0  32577.78 99 
104703.5  32578.05 99 
104704.0  32577.98 99 
104704.5  32577.92 99 
104705.0  32577.61 99 
104705.5  32577.95 99 
104706.0  32578.36 99 
104706.5  32577.71 99 
104707.0  32578.15 99 
104707.5  32577.27 99 
104708.0  32577.46 99 
104708.5  32577.99 99 
104709.0  32577.55 99 
104709.5  32577.86 99 
104710.0  32577.90 99 
104710.5  32578.04 99 
104711.0  32577.53 99 
104711.5  32577.90 99 
104712.0  32577.86 99 
104712.5  32578.20 99 
104713.0  32577.52 99 
104713.5  32578.08 99 
104714.0  32578.31 99 
104714.5  32578.35 99 
104715.0  32577.66 99 
104715.5  32577.56 99 
104716.0  32578.45 99 
104716.5  32578.27 99 
104717.0  32578.34 99 
104717.5  32578.10 99 
104718.0  32577.49 99 
104718.5  32577.63 99 
104719.0  32577.47 99 
104719.5  32577.69 99 
104720.0  32577.49 99 
104720.5  32577.80 99 
104721.0  32577.88 99 
104721.5  32577.80 99 
104722.0  32577.75 99 
104722.5  32577.78 99 
104723.0  32577.92 99 
104723.5  32577.79 99 
104724.0  32577.98 99 
104724.5  32577.53 99 
104725.0  32577.87 99 
104725.5  32577.47 99 
104726.0  32577.40 99 
104726.5  32577.62 99 
104727.0  32577.85 99 
104727.5  32577.95 99 
104728.0  32577.77 99 
104728.5  32578.02 99 
104729.0  32577.91 99 
104729.5  32578.02 99 
104730.0  32577.86 99 
104730.5  32577.88 99 
104731.0  32577.59 99 
104731.5  32577.79 99 
104732.0  32577.98 99 
104732.5  32577.63 99 
104733.0  32577.76 99 
104733.5  32577.52 99 
104734.0  32577.94 99 
104734.5  32578.02 99 
104735.0  32577.24 99 
104735.5  32577.93 99 
104736.0  32578.02 99 
104736.5  32577.76 99 
104737.0  32577.70 99 
104737.5  32577.48 99 
104738.0  32577.51 99 
104738.5  32577.67 99 
104739.0  32577.83 99 
104739.5  32578.05 99 
104740.0  32577.44 99 
104740.5  32577.55 99 
104741.0  32577.68 99 
104741.5  32578.27 99 
104742.0  32577.60 99 
104742.5  32577.75 99 
104743.0  32577.66 99 
104743.5  32577.70 99 
104744.0  32577.94 99 
104744.5  32577.64 99 
104745.0  32577.84 99 
104745.5  32577.54 99 
104746.0  32578.01 99 
104746.5  32577.65 99 
104747.0  32577.80 99 
104747.5  32577.24 99 
104748.0  32578.14 99 
104748.5  32577.29 99 
104749.0  32577.24 99 
104749.5  32577.45 99 
104750.0  32577.92 99 
104750.5  32578.05 99 
104751.0  32577.49 99 
104751.5  32577.49 99 
104752.0  32577.76 99 
104752.5  32577.65 99 
104753.0  32577.62 99 
104753.5  32577.68 99 
104754.0  32577.42 99 
104754.5  32577.22 99 
104755.0  32577.62 99 
104755.5  32577.90 99 
104756.0  32577.94 99 
104756.5  32577.42 99 
104757.0  32577.24 99 
104757.5  32577.27 99 
104758.0  32577.53 99 
104758.5  32577.72 99 
104759.0  32577.82 99 
104759.5  32577.32 99 
104800.0  32577.33 99 
104800.5  32577.58 99 
104801.0  32577.67 99 
104801.5  32577.47 99 
104802.0  32577.65 99 
104802.5  32577.42 99 
104803.0  32577.50 99 
104803.5  32577.83 99 
104804.0  32578.25 99 
104804.5  32577.77 99 
104805.0  32577.52 99 
104805.5  32577.78 99 
104806.0  32577.72 99 
104806.5  32577.86 99 
104807.0  32577.49 99 
104807.5  32577.68 99 
104808.0  32577.50 99 
104808.5  32577.89 99 
104809.0  32577.65 99 
104809.5  32577.81 99 
104810.0  32577.82 99 
104810.5  32577.75 99 
104811.0  32577.95 99 
104811.5  32577.34 99 
104812.0  32577.56 99 
104812.5  32577.75 99 
104813.0  32577.36 99 
104813.5  32577.56 99 
104814.0  32578.51 99 
104814.5  32577.34 99 
104815.0  32577.56 99 
104815.5  32577.70 99 
104816.0  32577.53 99 
104816.5  32578.16 99 
104817.0  32577.34 99 
104817.5  32577.63 99 
104818.0  32577.63 99 
104818.5  32577.88 99 
104819.0  32577.72 99 
104819.5  32577.88 99 
104820.0  32578.08 99 
104820.5  32578.29 99 
104821.0  32577.89 99 
104821.5  32577.81 99 
104822.0  32577.74 99 
104822.5  32577.82 99 
104823.0  32578.16 99 
104823.5  32577.37 99 
104824.0  32577.42 99 
104824.5  32577.47 99 
104825.0  32577.34 99 
104825.5  32577.59 99 
104826.0  32577.51 99 
104826.5  32577.60 99 
104827.0  32577.24 99 
104827.5  32577.33 99 
104828.0  32577.35 99 
104828.5  32577.78 99 
104829.0  32577.08 99 
104829.5  32577.44 99 
104830.0  32577.23 99 
104830.5  32577.30 99 
104831.0  32577.86 99 
104831.5  32577.60 99 
104832.0  32577.34 99 
104832.5  32577.86 99 
104833.0  32577.93 99 
104833.5  32577.50 99 
104834.0  32577.23 99 
104834.5  32578.21 99 
104835.0  32577.70 99 
104835.5  32577.27 99 
104836.0  32577.00 99 
104836.5  32577.74 99 
104837.0  32577.61 99 
104837.5  32577.43 99 
104838.0  32577.26 99 
104838.5  32577.59 99 
104839.0  32577.71 99 
104839.5  32577.81 99 
104840.0  32577.70 99 
104840.5  32577.39 99 
104841.0  32577.60 99 
104841.5  32577.46 99 
104842.0  32577.12 99 
104842.5  32577.51 99 
104843.0  32577.36 99 
104843.5  32577.35 99 
104844.0  32577.45 99 
104844.5  32577.69 99 
104845.0  32577.66 99 
104845.5  32577.30 99 
104846.0  32577.25 99 
104846.5  32577.27 99 
104847.0  32577.40 99 
104847.5  32577.02 99 
104848.0  32577.98 99 
104848.5  32577.70 99 
104849.0  32577.12 99 
104849.5  32577.33 99 
104850.0  32577.20 99 
104850.5  32577.30 99 
104851.0  32577.24 99 
104851.5  32577.50 99 
104852.0  32577.18 99 
104852.5  32577.68 99 
104853.0  32577.00 99 
104853.5  32577.55 99 
104854.0  32577.59 99 
104854.5  32577.55 99 
104855.0  32577.76 99 
104855.5  32577.28 99 
104856.0  32577.23 99 
104856.5  32577.40 99 
104857.0  32577.68 99 
104857.5  32577.54 99 
104858.0  32577.18 99 
104858.5  32577.74 99 
104859.0  32577.51 99 
104859.5  32577.83 99 
104900.0  32577.86 99 
104900.5  32577.86 99 
104901.0  32577.28 99 
104901.5  32577.46 99 
104902.0  32576.94 99 
104902.5  32577.76 99 
104903.0  32577.25 99 
104903.5  32576.72 99 
104904.0  32577.43 99 
104904.5  32577.57 99 
104905.0  32577.49 99 
104905.5  32577.33 99 
104906.0  32577.59 99 
104906.5  32577.35 99 
104907.0  32577.43 99 
104907.5  32577.30 99 
104908.0  32577.27 99 
104908.5  32577.01 99 
104909.0  32577.22 99 
104909.5  32577.60 99 
104910.0  32577.16 99 
104910.5  32577.09 99 
104911.0  32577.49 99 
104911.5  32576.86 99 
104912.0  32577.25 99 
104912.5  32577.04 99 
104913.0  32577.32 99 
104913.5  32577.04 99 
104914.0  32577.27 99 
104914.5  32576.72 99 
104915.0  32577.42 99 
104915.5  32577.52 99 
104916.0  32576.91 99 
104916.5  32577.64 99 
104917.0  32576.68 99 
104917.5  32577.21 99 
104918.0  32577.31 99 
104918.5  32577.67 99 
104919.0  32577.06 99 
104919.5  32576.91 99 
104920.0  32577.13 99 
104920.5  32577.12 99 
104921.0  32576.63 99 
104921.5  32577.37 99 
104922.0  32576.73 99 
104922.5  32577.34 99 
104923.0  32576.92 99 
104923.5  32577.38 99 
104924.0  32576.94 99 
104924.5  32577.20 99 
104925.0  32577.43 99 
104925.5  32576.91 99 
104926.0  32577.01 99 
104926.5  32577.01 99 
104927.0  32576.72 99 
104927.5  32577.17 99 
104928.0  32577.16 99 
104928.5  32576.71 99 
104929.0  32577.19 99 
104929.5  32576.95 99 
104930.0  32577.09 99 
104930.5  32577.16 99 
104931.0  32577.18 99 
104931.5  32577.23 99 
104932.0  32576.77 99 
104932.5  32577.03 99 
104933.0  32577.24 99 
104933.5  32577.49 99 
104934.0  32576.77 99 
104934.5  32577.23 99 
104935.0  32577.24 99 
104935.5  32577.36 99 
104936.0  32577.34 99 
104936.5  32576.87 99 
104937.0  32576.27 99 
104937.5  32576.92 99 
104938.0  32577.36 99 
104938.5  32577.20 99 
104939.0  32576.84 99 
104939.5  32577.27 99 
104940.0  32577.33 99 
104940.5  32576.87 99 
104941.0  32576.77 99 
104941.5  32577.04 99 
104942.0  32577.14 99 
104942.5  32576.60 99 
104943.0  32576.76 99 
104943.5  32577.63 99 
104944.0  32577.10 99 
104944.5  32576.96 99 
104945.0  32576.72 99 
104945.5  32576.96 99 
104946.0  32576.94 99 
104946.5  32576.71 99 
104947.0  32576.98 99 
104947.5  32576.50 99 
104948.0  32577.31 99 
104948.5  32577.02 99 
104949.0  32576.90 99 
104949.5  32577.16 99 
104950.0  32577.00 99 
104950.5  32576.92 99 
104951.0  32577.06 99 
104951.5  32576.66 99 
104952.0  32577.00 99 
104952.5  32576.79 99 
104953.0  32576.46 99 
104953.5  32577.17 99 
104954.0  32577.09 99 
104954.5  32576.71 99 
104955.0  32576.91 99 
104955.5  32577.13 99 
104956.0  32577.04 99 
104956.5  32576.89 99 
104957.0  32577.32 99 
104957.5  32576.73 99 
104958.0  32576.92 99 
104958.5  32577.38 99 
104959.0  32577.23 99 
104959.5  32576.51 99 
105000.0  32577.01 99 
105000.5  32576.82 99 
105001.0  32576.72 99 
105001.5  32577.68 99 
105002.0  32576.98 99 
105002.5  32576.82 99 
105003.0  32576.86 99 
105003.5  32576.77 99 
105004.0  32577.00 99 
105004.5  32577.10 99 
105005.0  32576.91 99 
105005.5  32577.31 99 
105006.0  32576.85 99 
105006.5  32576.41 99 
105007.0  32576.73 99 
105007.5  32577.02 99 
105008.0  32576.56 99 
105008.5  32576.83 99 
105009.0  32576.97 99 
105009.5  32576.50 99 
105010.0  32576.55 99 
105010.5  32576.95 99 
105011.0  32576.35 99 
105011.5  32576.84 99 
105012.0  32576.80 99 
105012.5  32576.86 99 
105013.0  32577.23 99 
105013.5  32577.33 99 
105014.0  32576.15 99 
105014.5  32577.02 99 
105015.0  32577.17 99 
105015.5  32576.88 99 
105016.0  32577.14 99 
105016.5  32576.63 99 
105017.0  32577.25 99 
105017.5  32576.44 99 
105018.0  32576.90 99 
105018.5  32576.52 99 
105019.0  32577.22 99 
105019.5  32576.39 99 
105020.0  32576.79 99 
105020.5  32576.70 99 
105021.0  32576.21 99 
105021.5  32577.06 99 
105022.0  32576.60 99 
105022.5  32576.77 99 
105023.0  32576.68 99 
105023.5  32577.17 99 
105024.0  32576.83 99 
105024.5  32576.14 99 
105025.0  32576.38 99 
105025.5  32577.11 99 
105026.0  32576.66 99 
105026.5  32576.27 99 
105027.0  32576.74 99 
105027.5  32577.06 99 
105028.0  32576.79 99 
105028.5  32576.40 99 
105029.0  32576.63 99 
105029.5  32576.91 99 
105030.0  32576.72 99 
105030.5  32576.79 99 
105031.0  32576.29 99 
105031.5  32576.50 99 
105032.0  32576.56 99 
105032.5  32576.75 99 
105033.0  32577.26 99 
105033.5  32576.98 99 
105034.0  32576.07 99 
105034.5  32576.54 99 
105035.0  32576.89 99 
105035.5  32576.85 99 
105036.0  32576.34 99 
105036.5  32576.55 99 
105037.0  32576.12 99 
105037.5  32576.66 99 
105038.0  32576.85 99 
105038.5  32576.48 99 
105039.0  32576.30 99 
105039.5  32576.54 99 
105040.0  32576.39 99 
105040.5  32576.70 99 
105041.0  32576.55 99 
105041.5  32576.37 99 
105042.0  32576.84 99 
105042.5  32576.20 99 
105043.0  32576.51 99 
105043.5  32576.69 99 
105044.0  32576.03 99 
105044.5  32576.72 99 
105045.0  32576.84 99 
105045.5  32576.37 99 
105046.0  32576.91 99 
105046.5  32576.42 99 
105047.0  32576.70 99 
105047.5  32576.47 99 
105048.0  32576.39 99 
105048.5  32576.75 99 
105049.0  32576.71 99 
105049.5  32577.05 99 
105050.0  32576.45 99 
105050.5  32576.78 99 
105051.0  32576.22 99 
105051.5  32576.07 99 
105052.0  32576.41 99 
105052.5  32576.94 99 
105053.0  32576.12 99 
105053.5  32576.82 99 
105054.0  32575.93 99 
105054.5  32576.41 99 
105055.0  32576.51 99 
105055.5  32576.24 99 
105056.0  32576.33 99 
105056.5  32576.25 99 
105057.0  32576.41 99 
105057.5  32576.37 99 
105058.0  32576.35 99 
105058.5  32575.94 99 
105059.0  32576.48 99 
105059.5  32576.07 99 
105100.0  32576.21 99 
105100.5  32576.21 99 
105101.0  32576.13 99 
105101.5  32575.98 99 
105102.0  32576.35 99 
105102.5  32576.60 99 
105103.0  32575.89 99 
105103.5  32576.41 99 
105104.0  32576.19 99 
105104.5  32576.30 99 
105105.0  32576.53 99 
105105.5  32576.39 99 
105106.0  32576.02 99 
105106.5  32576.58 99 
105107.0  32576.39 99 
105107.5  32576.03 99 
105108.0  32576.48 99 
105108.5  32576.30 99 
105109.0  32576.27 99 
105109.5  32576.34 99 
105110.0  32576.29 99 
105110.5  32576.57 99 
105111.0  32576.49 99 
105111.5  32576.46 99 
105112.0  32575.86 99 
105112.5  32576.50 99 
105113.0  32576.59 99 
105113.5  32576.12 99 
105114.0  32576.62 99 
105114.5  32575.81 99 
105115.0  32576.50 99 
105115.5  32576.32 99 
105116.0  32576.18 99 
105116.5  32575.91 99 
105117.0  32575.92 99 
105117.5  32575.97 99 
105118.0  32576.00 99 
105118.5  32576.76 99 
105119.0  32576.61 99 
105119.5  32576.08 99 
105120.0  32576.16 99 
105120.5  32575.96 99 
105121.0  32576.26 99 
105121.5  32576.36 99 
105122.0  32576.17 99 
105122.5  32576.23 99 
105123.0  32576.29 99 
105123.5  32576.32 99 
105124.0  32576.37 99 
105124.5  32575.82 99 
105125.0  32575.89 99 
105125.5  32575.85 99 
105126.0  32575.67 99 
105126.5  32576.41 99 
105127.0  32576.13 99 
105127.5  32576.08 99 
105128.0  32576.39 99 
105128.5  32576.01 99 
105129.0  32575.91 99 
105129.5  32575.79 99 
105130.0  32576.06 99 
105130.5  32576.08 99 
105131.0  32576.24 99 
105131.5  32576.11 99 
105132.0  32576.33 99 
105132.5  32576.32 99 
105133.0  32576.22 99 
105133.5  32576.24 99 
105134.0  32576.01 99 
105134.5  32576.33 99 
105135.0  32575.88 99 
105135.5  32575.91 99 
105136.0  32576.11 99 
105136.5  32576.11 99 
105137.0  32576.16 99 
105137.5  32576.12 99 
105138.0  32575.82 99 
105138.5  32575.76 99 
105139.0  32576.12 99 
105139.5  32576.14 99 
105140.0  32575.73 99 
105140.5  32576.19 99 
105141.0  32575.52 99 
105141.5  32575.80 99 
105142.0  32576.05 99 
105142.5  32576.35 99 
105143.0  32575.94 99 
105143.5  32575.74 99 
105144.0  32576.33 99 
105144.5  32575.73 99 
105145.0  32576.14 99 
105145.5  32576.20 99 
105146.0  32575.64 99 
105146.5  32576.32 99 
105147.0  32576.16 99 
105147.5  32575.58 99 
105148.0  32576.04 99 
105148.5  32575.94 99 
105149.0  32575.92 99 
105149.5  32575.46 99 
105150.0  32575.96 99 
105150.5  32575.80 99 
105151.0  32575.91 99 
105151.5  32576.30 99 
105152.0  32575.86 99 
105152.5  32576.29 99 
105153.0  32575.75 99 
105153.5  32575.48 99 
105154.0  32576.27 99 
105154.5  32575.46 99 
105155.0  32575.70 99 
105155.5  32576.11 99 
105156.0  32575.83 99 
105156.5  32575.96 99 
105157.0  32575.59 99 
105157.5  32575.95 99 
105158.0  32575.84 99 
105158.5  32576.19 99 
105159.0  32575.99 99 
105159.5  32575.66 99 
105200.0  32575.90 99 
105200.5  32575.63 99 
105201.0  32575.89 99 
105201.5  32575.89 99 
105202.0  32576.10 99 
105202.5  32575.35 99 
105203.0  32576.44 99 
105203.5  32575.22 99 
105204.0  32575.63 99 
105204.5  32575.78 99 
105205.0  32576.04 99 
105205.5  32575.47 99 
105206.0  32575.78 99 
105206.5  32575.89 99 
105207.0  32575.83 99 
105207.5  32575.46 99 
105208.0  32575.27 99 
105208.5  32575.97 99 
105209.0  32575.80 99 
105209.5  32575.66 99 
105210.0  32575.48 99 
105210.5  32575.10 99 
105211.0  32575.53 99 
105211.5  32575.77 99 
105212.0  32575.67 99 
105212.5  32575.40 99 
105213.0  32575.74 99 
105213.5  32575.83 99 
105214.0  32576.20 99 
105214.5  32575.71 99 
105215.0  32575.61 99 
105215.5  32575.76 99 
105216.0  32575.39 99 
105216.5  32576.05 99 
105217.0  32576.20 99 
105217.5  32575.58 99 
105218.0  32575.72 99 
105218.5  32575.94 99 
105219.0  32575.74 99 
105219.5  32575.39 99 
105220.0  32575.60 99 
105220.5  32575.63 99 
105221.0  32575.68 99 
105221.5  32575.75 99 
105222.0  32575.66 99 
105222.5  32575.04 99 
105223.0  32575.77 99 
105223.5  32575.21 99 
105224.0  32575.86 99 
105224.5  32575.70 99 
105225.0  32575.62 99 
105225.5  32575.90 99 
105226.0  32575.96 99 
105226.5  32575.21 99 
105227.0  32576.10 99 
105227.5  32575.07 99 
105228.0  32575.29 99 
105228.5  32575.96 99 
105229.0  32575.87 99 
105229.5  32575.54 99 
105230.0  32576.01 99 
105230.5  32575.52 99 
105231.0  32575.91 99 
105231.5  32575.44 99 
105232.0  32575.73 99 
105232.5  32575.32 99 
105233.0  32575.61 99 
105233.5  32575.83 99 
105234.0  32576.00 99 
105234.5  32576.12 99 
105235.0  32576.12 99 
105235.5  32575.30 99 
105236.0  32575.33 99 
105236.5  32575.07 99 
105237.0  32575.34 99 
105237.5  32575.09 99 
105238.0  32575.60 99 
105238.5  32575.35 99 
105239.0  32575.00 99 
105239.5  32575.35 99 
105240.0  32576.05 99 
105240.5  32575.09 99 
105241.0  32575.12 99 
105241.5  32575.07 99 
105242.0  32575.89 99 
105242.5  32575.15 99 
105243.0  32575.41 99 
105243.5  32575.33 99 
105244.0  32575.36 99 
105244.5  32575.87 99 
105245.0  32575.77 99 
105245.5  32575.56 99 
105246.0  32575.05 99 
105246.5  32575.88 99 
105247.0  32575.34 99 
105247.5  32575.37 99 
105248.0  32575.53 99 
105248.5  32575.57 99 
105249.0  32575.27 99 
105249.5  32575.43 99 
105250.0  32575.43 99 
105250.5  32575.60 99 
105251.0  32575.36 99 
105251.5  32575.77 99 
105252.0  32575.64 99 
105252.5  32575.67 99 
105253.0  32575.70 99 
105253.5  32575.53 99 
105254.0  32574.96 99 
105254.5  32575.80 99 
105255.0  32575.04 99 
105255.5  32574.91 99 
105256.0  32575.55 99 
105256.5  32575.31 99 
105257.0  32574.68 99 
105257.5  32575.59 99 
105258.0  32575.31 99 
105258.5  32575.49 99 
105259.0  32575.61 99 
105259.5  32575.56 99 
105300.0  32575.20 99 
105300.5  32575.15 99 
105301.0  32575.53 99 
105301.5  32574.96 99 
105302.0  32575.07 99 
105302.5  32575.29 99 
105303.0  32575.89 99 
105303.5  32575.99 99 
105304.0  32575.49 99 
105304.5  32575.65 99 
105305.0  32575.14 99 
105305.5  32575.08 99 
105306.0  32575.73 99 
105306.5  32575.58 99 
105307.0  32575.80 99 
105307.5  32575.66 99 
105308.0  32575.35 99 
105308.5  32575.48 99 
105309.0  32575.57 99 
105309.5  32575.29 99 
105310.0  32575.94 99 
105310.5  32575.76 99 
105311.0  32575.55 99 
105311.5  32575.29 99 
105312.0  32575.08 99 
105312.5  32575.23 99 
105313.0  32575.23 99 
105313.5  32575.11 99 
105314.0  32575.36 99 
105314.5  32575.02 99 
105315.0  32575.34 99 
105315.5  32575.31 99 
105316.0  32574.87 99 
105316.5  32575.17 99 
105317.0  32575.58 99 
105317.5  32575.80 99 
105318.0  32575.07 99 
105318.5  32575.52 99 
105319.0  32575.14 99 
105319.5  32574.91 99 
105320.0  32575.23 99 
105320.5  32575.23 99 
105321.0  32574.78 99 
105321.5  32575.14 99 
105322.0  32575.04 99 
105322.5  32575.90 99 
105323.0  32575.23 99 
105323.5  32574.98 99 
105324.0  32575.13 99 
105324.5  32574.82 99 
105325.0  32575.00 99 
105325.5  32575.00 99 
105326.0  32575.16 99 
105326.5  32574.91 99 
105327.0  32575.09 99 
105327.5  32575.07 99 
105328.0  32574.74 99 
105328.5  32575.01 99 
105329.0  32574.22 99 
105329.5  32575.04 99 
105330.0  32575.34 99 
105330.5  32574.83 99 
105331.0  32575.09 99 
105331.5  32575.19 99 
105332.0  32575.03 99 
105332.5  32575.51 99 
105333.0  32574.76 99 
105333.5  32575.12 99 
105334.0  32575.48 99 
105334.5  32574.73 99 
105335.0  32574.79 99 
105335.5  32574.60 99 
105336.0  32575.01 99 
105336.5  32574.82 99 
105337.0  32574.55 99 
105337.5  32574.61 99 
105338.0  32575.25 99 
105338.5  32575.09 99 
105339.0  32574.81 99 
105339.5  32574.98 99 
105340.0  32574.69 99 
105340.5  32575.17 99 
105341.0  32574.77 99 
105341.5  32574.87 99 
105342.0  32574.69 99 
105342.5  32575.04 99 
105343.0  32574.83 99 
105343.5  32574.93 99 
105344.0  32574.91 99 
105344.5  32574.99 99 
105345.0  32574.74 99 
105345.5  32575.28 99 
105346.0  32574.60 99 
105346.5  32575.10 99 
105347.0  32575.28 99 
105347.5  32574.95 99 
105348.0  32574.81 99 
105348.5  32574.68 99 
105349.0  32574.45 99 
105349.5  32574.51 99 
105350.0  32574.86 99 
105350.5  32574.82 99 
105351.0  32574.66 99 
105351.5  32575.17 99 
105352.0  32575.03 99 
105352.5  32574.83 99 
105353.0  32574.99 99 
105353.5  32575.72 99 
105354.0  32574.65 99 
105354.5  32575.12 99 
105355.0  32574.94 99 
105355.5  32574.99 99 
105356.0  32574.64 99 
105356.5  32574.82 99 
105357.0  32574.58 99 
105357.5  32574.41 99 
105358.0  32574.80 99 
105358.5  32574.91 99 
105359.0  32574.54 99 
105359.5  32575.10 99 
105400.0  32575.00 99 
105400.5  32574.55 99 
105401.0  32574.78 99 
105401.5  32575.28 99 
105402.0  32574.41 99 
105402.5  32574.35 99 
105403.0  32573.95 99 
105403.5  32574.78 99 
105404.0  32575.01 99 
105404.5  32574.91 99 
105405.0  32574.74 99 
105405.5  32575.00 99 
105406.0  32574.34 99 
105406.5  32574.78 99 
105407.0  32574.59 99 
105407.5  32574.88 99 
105408.0  32574.76 99 
105408.5  32574.43 99 
105409.0  32574.85 99 
105409.5  32574.39 99 
105410.0  32575.42 99 
105410.5  32574.80 99 
105411.0  32574.24 99 
105411.5  32575.09 99 
105412.0  32574.68 99 
105412.5  32574.39 99 
105413.0  32575.12 99 
105413.5  32574.71 99 
105414.0  32574.79 99 
105414.5  32574.93 99 
105415.0  32574.89 99 
105415.5  32574.21 99 
105416.0  32574.90 99 
105416.5  32574.93 99 
105417.0  32574.82 99 
105417.5  32574.07 99 
105418.0  32574.49 99 
105418.5  32574.63 99 
105419.0  32574.36 99 
105419.5  32573.87 99 
105420.0  32574.97 99 
105420.5  32574.79 99 
105421.0  32574.85 99 
105421.5  32574.66 99 
105422.0  32574.53 99 
105422.5  32574.74 99 
105423.0  32574.50 99 
105423.5  32574.12 99 
105424.0  32574.54 99 
105424.5  32574.45 99 
105425.0  32575.11 99 
105425.5  32574.35 99 
105426.0  32574.63 99 
105426.5  32574.49 99 
105427.0  32574.31 99 
105427.5  32574.03 99 
105428.0  32574.49 99 
105428.5  32574.93 99 
105429.0  32574.42 99 
105429.5  32574.63 99 
105430.0  32574.60 99 
105430.5  32574.59 99 
105431.0  32574.40 99 
105431.5  32574.22 99 
105432.0  32574.54 99 
105432.5  32574.81 99 
105433.0  32574.37 99 
105433.5  32574.59 99 
105434.0  32574.05 99 
105434.5  32574.24 99 
105435.0  32574.65 99 
105435.5  32574.66 99 
105436.0  32574.91 99 
105436.5  32574.66 99 
105437.0  32574.15 99 
105437.5  32574.19 99 
105438.0  32574.36 99 
105438.5  32574.21 99 
105439.0  32574.35 99 
105439.5  32574.57 99 
105440.0  32574.28 99 
105440.5  32574.42 99 
105441.0  32574.85 99 
105441.5  32574.20 99 
105442.0  32574.21 99 
105442.5  32574.47 99 
105443.0  32574.45 99 
105443.5  32574.91 99 
105444.0  32573.92 99 
105444.5  32574.51 99 
105445.0  32574.22 99 
105445.5  32574.30 99 
105446.0  32574.14 99 
105446.5  32574.89 99 
105447.0  32574.49 99 
105447.5  32574.34 99 
105448.0  32573.85 99 
105448.5  32574.71 99 
105449.0  32574.50 99 
105449.5  32574.54 99 
105450.0  32574.33 99 
105450.5  32573.65 99 
105451.0  32574.28 99 
105451.5  32574.53 99 
105452.0  32574.15 99 
105452.5  32574.75 99 
105453.0  32574.05 99 
105453.5  32574.50 99 
105454.0  32574.37 99 
105454.5  32574.66 99 
105455.0  32574.31 99 
105455.5  32574.34 99 
105456.0  32574.75 99 
105456.5  32574.38 99 
105457.0  32574.15 99 
105457.5  32574.55 99 
105458.0  32574.31 99 
105458.5  32574.46 99 
105459.0  32574.27 99 
105459.5  32574.47 99 
105500.0  32574.02 99 
105500.5  32574.24 99 
105501.0  32574.28 99 
105501.5  32574.03 99 
105502.0  32574.35 99 
105502.5  32574.41 99 
105503.0  32574.17 99 
105503.5  32573.87 99 
105504.0  32574.56 99 
105504.5  32574.22 99 
105505.0  32573.98 99 
105505.5  32574.12 99 
105506.0  32574.18 99 
105506.5  32574.11 99 
105507.0  32574.22 99 
105507.5  32574.35 99 
105508.0  32574.14 99 
105508.5  32574.33 99 
105509.0  32574.12 99 
105509.5  32574.46 99 
105510.0  32573.86 99 
105510.5  32574.46 99 
105511.0  32574.77 99 
105511.5  32574.39 99 
105512.0  32574.17 99 
105512.5  32574.10 99 
105513.0  32574.25 99 
105513.5  32574.28 99 
105514.0  32574.07 99 
105514.5  32574.32 99 
105515.0  32574.06 99 
105515.5  32574.23 99 
105516.0  32573.90 99 
105516.5  32574.54 99 
105517.0  32574.52 99 
105517.5  32573.67 99 
105518.0  32574.13 99 
105518.5  32574.73 99 
105519.0  32574.58 99 
105519.5  32574.38 99 
105520.0  32574.37 99 
105520.5  32574.52 99 
105521.0  32574.65 99 
105521.5  32574.55 99 
105522.0  32574.55 99 
105522.5  32574.96 99 
105523.0  32574.08 99 
105523.5  32574.18 99 
105524.0  32574.36 99 
105524.5  32574.16 99 
105525.0  32574.32 99 
105525.5  32574.28 99 
105526.0  32574.07 99 
105526.5  32573.93 99 
105527.0  32574.50 99 
105527.5  32573.97 99 
105528.0  32574.14 99 
105528.5  32574.25 99 
105529.0  32573.99 99 
105529.5  32574.81 99 
105530.0  32573.93 99 
105530.5  32574.02 99 
105531.0  32574.48 99 
105531.5  32574.36 99 
105532.0  32574.18 99 
105532.5  32574.35 99 
105533.0  32574.51 99 
105533.5  32574.20 99 
105534.0  32573.64 99 
105534.5  32574.66 99 
105535.0  32573.99 99 
105535.5  32574.22 99 
105536.0  32574.29 99 
105536.5  32574.62 99 
105537.0  32574.37 99 
105537.5  32573.80 99 
105538.0  32574.00 99 
105538.5  32573.96 99 
105539.0  32574.09 99 
105539.5  32573.41 99 
105540.0  32574.14 99 
105540.5  32573.94 99 
105541.0  32573.82 99 
105541.5  32574.37 99 
105542.0  32574.33 99 
105542.5  32573.91 99 
105543.0  32573.61 99 
105543.5  32574.16 99 
105544.0  32574.04 99 
105544.5  32574.53 99 
105545.0  32574.15 99 
105545.5  32574.84 99 
105546.0  32574.16 99 
105546.5  32574.34 99 
105547.0  32573.71 99 
105547.5  32574.12 99 
105548.0  32574.07 99 
105548.5  32574.12 99 
105549.0  32573.72 99 
105549.5  32574.06 99 
105550.0  32574.04 99 
105550.5  32573.70 99 
105551.0  32574.18 99 
105551.5  32574.65 99 
105552.0  32574.46 99 
105552.5  32574.14 99 
105553.0  32574.32 99 
105553.5  32574.41 99 
105554.0  32573.56 99 
105554.5  32573.99 99 
105555.0  32573.99 99 
105555.5  32574.20 99 
105556.0  32573.85 99 
105556.5  32573.85 99 
105557.0  32574.19 99 
105557.5  32574.61 99 
105558.0  32574.19 99 
105558.5  32573.93 99 
105559.0  32574.10 99 
105559.5  32574.10 99 
105600.0  32574.07 99 
105600.5  32574.17 99 
105601.0  32574.29 99 
105601.5  32574.65 99 
105602.0  32574.05 99 
105602.5  32574.18 99 
105603.0  32574.15 99 
105603.5  32574.09 99 
105604.0  32574.50 99 
105604.5  32574.05 99 
105605.0  32574.58 99 
105605.5  32573.99 99 
105606.0  32574.26 99 
105606.5  32574.19 99 
105607.0  32573.86 99 
105607.5  32574.03 99 
105608.0  32574.33 99 
105608.5  32574.41 99 
105609.0  32574.30 99 
105609.5  32574.30 99 
105610.0  32573.81 99 
105610.5  32574.24 99 
105611.0  32574.58 99 
105611.5  32574.01 99 
105612.0  32574.02 99 
105612.5  32573.60 99 
105613.0  32574.57 99 
105613.5  32574.46 99 
105614.0  32574.20 99 
105614.5  32574.48 99 
105615.0  32574.00 99 
105615.5  32573.98 99 
105616.0  32574.14 99 
105616.5  32573.87 99 
105617.0  32574.59 99 
105617.5  32573.69 99 
105618.0  32574.50 99 
105618.5  32574.37 99 
105619.0  32573.62 99 
105619.5  32574.30 99 
105620.0  32574.05 99 
105620.5  32574.28 99 
105621.0  32574.10 99 
105621.5  32574.45 99 
105622.0  32574.07 99 
105622.5  32574.07 99 
105623.0  32574.40 99 
105623.5  32574.23 99 
105624.0  32574.53 99 
105624.5  32574.31 99 
105625.0  32574.21 99 
105625.5  32573.42 99 
105626.0  32574.29 99 
105626.5  32574.07 99 
105627.0  32573.26 99 
105627.5  32573.89 99 
105628.0  32574.56 99 
105628.5  32574.10 99 
105629.0  32573.83 99 
105629.5  32573.96 99 
105630.0  32574.05 99 
105630.5  32574.48 99 
105631.0  32573.99 99 
105631.5  32574.03 99 
105632.0  32574.14 99 
105632.5  32574.22 99 
105633.0  32574.42 99 
105633.5  32574.57 99 
105634.0  32574.84 99 
105634.5  32574.17 99 
105635.0  32574.25 99 
105635.5  32574.06 99 
105636.0  32574.79 99 
105636.5  32573.84 99 
105637.0  32574.27 99 
105637.5  32574.69 99 
105638.0  32573.61 99 
105638.5  32574.38 99 
105639.0  32574.14 99 
105639.5  32574.05 99 
105640.0  32574.25 99 
105640.5  32574.21 99 
105641.0  32574.40 99 
105641.5  32574.30 99 
105642.0  32573.78 99 
105642.5  32574.08 99 
105643.0  32574.07 99 
105643.5  32574.42 99 
105644.0  32573.88 99 
105644.5  32574.34 99 
105645.0  32574.83 99 
105645.5  32574.30 99 
105646.0  32574.38 99 
105646.5  32574.06 99 
105647.0  32574.53 99 
105647.5  32573.90 99 
105648.0  32574.05 99 
105648.5  32574.39 99 
105649.0  32574.10 99 
105649.5  32574.21 99 
105650.0  32574.00 99 
105650.5  32574.25 99 
105651.0  32573.57 99 
105651.5  32574.49 99 
105652.0  32574.52 99 
105652.5  32574.17 99 
105653.0  32574.46 99 
105653.5  32574.41 99 
105654.0  32573.89 99 
105654.5  32574.14 99 
105655.0  32574.51 99 
105655.5  32574.17 99 
105656.0  32573.89 99 
105656.5  32574.23 99 
105657.0  32573.99 99 
105657.5  32573.98 99 
105658.0  32574.58 99 
105658.5  32574.56 99 
105659.0  32574.63 99 
105659.5  32574.12 99 
105700.0  32574.23 99 
105700.5  32574.88 99 
105701.0  32574.28 99 
105701.5  32574.13 99 
105702.0  32574.08 99 
105702.5  32573.95 99 
105703.0  32574.27 99 
105703.5  32573.94 99 
105704.0  32574.19 99 
105704.5  32574.17 99 
105705.0  32574.39 99 
105705.5  32574.63 99 
105706.0  32574.79 99 
105706.5  32574.44 99 
105707.0  32573.81 99 
105707.5  32574.36 99 
105708.0  32573.95 99 
105708.5  32574.16 99 
105709.0  32574.41 99 
105709.5  32574.42 99 
105710.0  32574.09 99 
105710.5  32574.83 99 
105711.0  32574.39 99 
105711.5  32574.95 99 
105712.0  32574.45 99 
105712.5  32574.78 99 
105713.0  32574.27 99 
105713.5  32574.59 99 
105714.0  32574.39 99 
105714.5  32574.55 99 
105715.0  32574.56 99 
105715.5  32574.73 99 
105716.0  32574.23 99 
105716.5  32574.11 99 
105717.0  32574.77 99 
105717.5  32574.33 99 
105718.0  32574.64 99 
105718.5  32574.93 99 
105719.0  32574.25 99 
105719.5  32574.73 99 
105720.0  32574.25 99 
105720.5  32574.78 99 
105721.0  32574.57 99 
105721.5  32574.18 99 
105722.0  32574.86 99 
105722.5  32574.45 99 
105723.0  32574.48 99 
105723.5  32574.71 99 
105724.0  32574.27 99 
105724.5  32574.05 99 
105725.0  32574.23 99 
105725.5  32574.17 99 
105726.0  32574.31 99 
105726.5  32574.20 99 
105727.0  32574.52 99 
105727.5  32574.76 99 
105728.0  32574.36 99 
105728.5  32574.40 99 
105729.0  32574.91 99 
105729.5  32574.64 99 
105730.0  32574.76 99 
105730.5  32574.54 99 
105731.0  32574.97 99 
105731.5  32574.87 99 
105732.0  32574.72 99 
105732.5  32574.55 99 
105733.0  32574.24 99 
105733.5  32574.58 99 
105734.0  32574.68 99 
105734.5  32574.78 99 
105735.0  32574.73 99 
105735.5  32574.58 99 
105736.0  32574.38 99 
105736.5  32574.51 99 
105737.0  32574.71 99 
105737.5  32574.75 99 
105738.0  32574.74 99 
105738.5  32574.71 99 
105739.0  32574.69 99 
105739.5  32575.21 99 
105740.0  32574.74 99 
105740.5  32574.66 99 
105741.0  32574.67 99 
105741.5  32575.40 99 
105742.0  32574.82 99 
105742.5  32574.85 99 
105743.0  32574.57 99 
105743.5  32574.35 99 
105744.0  32574.57 99 
105744.5  32574.98 99 
105745.0  32574.34 99 
105745.5  32574.97 99 
105746.0  32575.47 99 
105746.5  32575.20 99 
105747.0  32574.85 99 
105747.5  32574.17 99 
105748.0  32575.16 99 
105748.5  32574.94 99 
105749.0  32574.57 99 
105749.5  32574.82 99 
105750.0  32574.86 99 
105750.5  32574.66 99 
105751.0  32574.74 99 
105751.5  32575.14 99 
105752.0  32574.16 99 
105752.5  32575.02 99 
105753.0  32575.43 99 
105753.5  32575.01 99 
105754.0  32574.64 99 
105754.5  32574.96 99 
105755.0  32574.86 99 
105755.5  32574.61 99 
105756.0  32574.43 99 
105756.5  32574.96 99 
105757.0  32574.69 99 
105757.5  32574.80 99 
105758.0  32574.78 99 
105758.5  32574.93 99 
105759.0  32574.71 99 
105759.5  32575.37 99 
105800.0  32574.64 99 
105800.5  32574.79 99 
105801.0  32574.48 99 
105801.5  32574.01 99 
105802.0  32574.46 99 
105802.5  32574.27 99 
105803.0  32574.53 99 
105803.5  32574.87 99 
105804.0  32575.06 99 
105804.5  32574.17 99 
105805.0  32575.03 99 
105805.5  32575.19 99 
105806.0  32575.04 99 
105806.5  32575.08 99 
105807.0  32575.56 99 
105807.5  32574.71 99 
105808.0  32574.72 99 
105808.5  32575.09 99 
105809.0  32574.54 99 
105809.5  32575.16 99 
105810.0  32574.70 99 
105810.5  32574.89 99 
105811.0  32574.99 99 
105811.5  32574.88 99 
105812.0  32574.59 99 
105812.5  32575.18 99 
105813.0  32575.04 99 
105813.5  32575.05 99 
105814.0  32575.38 99 
105814.5  32574.96 99 
105815.0  32574.94 99 
105815.5  32574.66 99 
105816.0  32574.78 99 
105816.5  32574.30 99 
105817.0  32575.19 99 
105817.5  32574.79 99 
105818.0  32574.82 99 
105818.5  32575.16 99 
105819.0  32575.23 99 
105819.5  32575.11 99 
105820.0  32574.74 99 
105820.5  32575.08 99 
105821.0  32575.08 99 
105821.5  32575.40 99 
105822.0  32575.23 99 
105822.5  32575.45 99 
105823.0  32575.49 99 
105823.5  32575.03 99 
105824.0  32575.12 99 
105824.5  32574.81 99 
105825.0  32575.04 99 
105825.5  32575.14 99 
105826.0  32574.91 99 
105826.5  32574.68 99 
105827.0  32574.69 99 
105827.5  32575.10 99 
105828.0  32574.82 99 
105828.5  32574.92 99 
105829.0  32574.69 99 
105829.5  32575.32 99 
105830.0  32574.98 99 
105830.5  32575.29 99 
105831.0  32575.55 99 
105831.5  32574.53 99 
105832.0  32575.63 99 
105832.5  32575.12 99 
105833.0  32574.96 99 
105833.5  32575.12 99 
105834.0  32575.00 99 
105834.5  32575.19 99 
105835.0  32575.09 99 
105835.5  32575.31 99 
105836.0  32575.04 99 
105836.5  32574.55 99 
105837.0  32575.26 99 
105837.5  32575.02 99 
105838.0  32574.94 99 
105838.5  32575.16 99 
105839.0  32575.36 99 
105839.5  32575.09 99 
105840.0  32575.02 99 
105840.5  32575.97 99 
105841.0  32574.99 99 
105841.5  32575.11 99 
105842.0  32574.83 99 
105842.5  32575.25 99 
105843.0  32575.49 99 
105843.5  32575.02 99 
105844.0  32575.30 99 
105844.5  32575.63 99 
105845.0  32575.35 99 
105845.5  32575.38 99 
105846.0  32575.03 99 
105846.5  32575.03 99 
105847.0  32575.22 99 
105847.5  32575.06 99 
105848.0  32575.45 99 
105848.5  32575.06 99 
105849.0  32575.51 99 
105849.5  32575.30 99 
105850.0  32575.35 99 
105850.5  32575.07 99 
105851.0  32575.47 99 
105851.5  32574.68 99 
105852.0  32575.00 99 
105852.5  32575.03 99 
105853.0  32575.46 99 
105853.5  32575.34 99 
105854.0  32574.70 99 
105854.5  32575.14 99 
105855.0  32575.26 99 
105855.5  32575.13 99 
105856.0  32575.65 99 
105856.5  32575.73 99 
105857.0  32575.03 99 
105857.5  32575.34 99 
105858.0  32575.68 99 
105858.5  32575.01 99 
105859.0  32575.94 99 
105859.5  32575.34 99 
105900.0  32575.43 99 
105900.5  32575.46 99 
105901.0  32575.65 99 
105901.5  32575.71 99 
105902.0  32575.34 99 
105902.5  32575.46 99 
105903.0  32575.79 99 
105903.5  32575.69 99 
105904.0  32575.35 99 
105904.5  32575.45 99 
105905.0  32575.88 99 
105905.5  32575.38 99 
105906.0  32575.95 99 
105906.5  32575.35 99 
105907.0  32575.79 99 
105907.5  32575.54 99 
105908.0  32575.62 99 
105908.5  32575.27 99 
105909.0  32575.86 99 
105909.5  32575.53 99 
105910.0  32575.67 99 
105910.5  32575.51 99 
105911.0  32575.54 99 
105911.5  32575.47 99 
105912.0  32575.51 99 
105912.5  32575.32 99 
105913.0  32575.71 99 
105913.5  32575.86 99 
105914.0  32575.61 99 
105914.5  32575.82 99 
105915.0  32575.71 99 
105915.5  32575.81 99 
105916.0  32575.38 99 
105916.5  32575.97 99 
105917.0  32576.20 99 
105917.5  32576.00 99 
105918.0  32575.75 99 
105918.5  32575.77 99 
105919.0  32575.86 99 
105919.5  32575.94 99 
105920.0  32575.64 99 
105920.5  32576.14 99 
105921.0  32576.32 99 
105921.5  32575.45 99 
105922.0  32576.14 99 
105922.5  32575.81 99 
105923.0  32575.71 99 
105923.5  32576.04 99 
105924.0  32576.15 99 
105924.5  32575.48 99 
105925.0  32576.42 99 
105925.5  32575.66 99 
105926.0  32575.85 99 
105926.5  32576.18 99 
105927.0  32575.59 99 
105927.5  32575.85 99 
105928.0  32575.46 99 
105928.5  32575.86 99 
105929.0  32575.78 99 
105929.5  32575.47 99 
105930.0  32575.80 99 
105930.5  32575.91 99 
105931.0  32576.16 99 
105931.5  32575.93 99 
105932.0  32576.01 99 
105932.5  32575.93 99 
105933.0  32576.02 99 
105933.5  32576.07 99 
105934.0  32575.88 99 
105934.5  32576.20 99 
105935.0  32576.17 99 
105935.5  32576.33 99 
105936.0  32576.16 99 
105936.5  32575.79 99 
105937.0  32575.85 99 
105937.5  32576.08 99 
105938.0  32576.03 99 
105938.5  32576.32 99 
105939.0  32576.04 99 
105939.5  32576.51 99 
105940.0  32576.38 99 
105940.5  32576.07 99 
105941.0  32576.14 99 
105941.5  32576.32 99 
105942.0  32576.22 99 
105942.5  32575.88 99 
105943.0  32576.18 99 
105943.5  32576.05 99 
105944.0  32575.81 99 
105944.5  32576.26 99 
105945.0  32575.89 99 
105945.5  32576.56 99 
105946.0  32576.00 99 
105946.5  32575.96 99 
105947.0  32576.05 99 
105947.5  32575.67 99 
105948.0  32576.59 99 
105948.5  32576.13 99 
105949.0  32576.45 99 
105949.5  32575.58 99 
105950.0  32576.58 99 
105950.5  32576.32 99 
105951.0  32576.60 99 
105951.5  32575.90 99 
105952.0  32576.07 99 
105952.5  32576.44 99 
105953.0  32576.26 99 
105953.5  32576.16 99 
105954.0  32576.24 99 
105954.5  32576.93 99 
105955.0  32575.93 99 
105955.5  32576.52 99 
105956.0  32576.11 99 
105956.5  32576.33 99 
105957.0  32576.71 99 
105957.5  32576.92 99 
105958.0  32577.05 99 
105958.5  32576.89 99 
105959.0  32576.01 99 
105959.5  32576.59 99 
110000.0  32576.46 99 
110000.5  32576.10 99 
110001.0  32576.91 99 
110001.5  32576.67 99 
110002.0  32576.47 99 
110002.5  32576.24 99 
110003.0  32576.77 99 
110003.5  32577.01 99 
110004.0  32576.49 99 
110004.5  32576.18 99 
110005.0  32576.87 99 
110005.5  32576.43 99 
110006.0  32576.31 99 
110006.5  32576.35 99 
110007.0  32576.02 99 
110007.5  32576.89 99 
110008.0  32576.50 99 
110008.5  32575.99 99 
110009.0  32576.66 99 
110009.5  32576.75 99 
110010.0  32576.75 99 
110010.5  32576.65 99 
110011.0  32576.68 99 
110011.5  32576.12 99 
110012.0  32577.24 99 
110012.5  32576.59 99 
110013.0  32576.14 99 
110013.5  32576.55 99 
110014.0  32576.37 99 
110014.5  32576.89 99 
110015.0  32576.64 99 
110015.5  32576.25 99 
110016.0  32576.80 99 
110016.5  32576.44 99 
110017.0  32576.43 99 
110017.5  32576.31 99 
110018.0  32576.99 99 
110018.5  32576.55 99 
110019.0  32576.77 99 
110019.5  32577.09 99 
110020.0  32576.71 99 
110020.5  32576.89 99 
110021.0  32576.05 99 
110021.5  32576.79 99 
110022.0  32576.41 99 
110022.5  32576.93 99 
110023.0  32576.67 99 
110023.5  32576.67 99 
110024.0  32576.48 99 
110024.5  32575.76 99 
110025.0  32576.53 99 
110025.5  32576.21 99 
110026.0  32576.20 99 
110026.5  32576.44 99 
110027.0  32576.33 99 
110027.5  32576.28 99 
110028.0  32576.24 99 
110028.5  32576.50 99 
110029.0  32577.01 99 
110029.5  32577.09 99 
110030.0  32576.94 99 
110030.5  32576.56 99 
110031.0  32576.68 99 
110031.5  32576.58 99 
110032.0  32576.35 99 
110032.5  32577.14 99 
110033.0  32576.76 99 
110033.5  32576.59 99 
110034.0  32576.53 99 
110034.5  32576.58 99 
110035.0  32576.73 99 
110035.5  32576.31 99 
110036.0  32577.35 99 
110036.5  32576.37 99 
110037.0  32576.64 99 
110037.5  32576.99 99 
110038.0  32576.41 99 
110038.5  32576.55 99 
110039.0  32576.70 99 
110039.5  32576.70 99 
110040.0  32576.72 99 
110040.5  32576.74 99 
110041.0  32576.85 99 
110041.5  32576.50 99 
110042.0  32576.56 99 
110042.5  32576.85 99 
110043.0  32576.35 99 
110043.5  32576.63 99 
110044.0  32576.92 99 
110044.5  32576.76 99 
110045.0  32576.54 99 
110045.5  32576.60 99 
110046.0  32576.63 99 
110046.5  32576.58 99 
110047.0  32576.95 99 
110047.5  32576.77 99 
110048.0  32576.39 99 
110048.5  32576.72 99 
110049.0  32576.99 99 
110049.5  32576.57 99 
110050.0  32577.21 99 
110050.5  32576.62 99 
110051.0  32576.68 99 
110051.5  32576.81 99 
110052.0  32576.76 99 
110052.5  32577.23 99 
110053.0  32576.62 99 
110053.5  32576.58 99 
110054.0  32576.62 99 
110054.5  32576.90 99 
110055.0  32576.88 99 
110055.5  32577.24 99 
110056.0  32576.13 99 
110056.5  32576.73 99 
110057.0  32576.96 99 
110057.5  32576.92 99 
110058.0  32576.33 99 
110058.5  32577.42 99 
110059.0  32576.71 99 
110059.5  32576.40 99 
110100.0  32576.71 99 
110100.5  32576.82 99 
110101.0  32576.75 99 
110101.5  32577.04 99 
110102.0  32576.90 99 
110102.5  32576.75 99 
110103.0  32577.23 99 
110103.5  32576.69 99 
110104.0  32576.63 99 
110104.5  32576.47 99 
110105.0  32576.87 99 
110105.5  32577.18 99 
110106.0  32577.11 99 
110106.5  32576.32 99 
110107.0  32576.91 99 
110107.5  32577.18 99 
110108.0  32576.22 99 
110108.5  32576.76 99 
110109.0  32576.72 99 
110109.5  32577.08 99 
110110.0  32576.87 99 
110110.5  32576.68 99 
110111.0  32576.45 99 
110111.5  32576.92 99 
110112.0  32576.47 99 
110112.5  32577.38 99 
110113.0  32577.16 99 
110113.5  32576.67 99 
110114.0  32576.59 99 
110114.5  32576.72 99 
110115.0  32576.84 99 
110115.5  32576.92 99 
110116.0  32576.95 99 
110116.5  32577.03 99 
110117.0  32577.07 99 
110117.5  32577.05 99 
110118.0  32576.90 99 
110118.5  32576.79 99 
110119.0  32576.53 99 
110119.5  32577.10 99 
110120.0  32576.87 99 
110120.5  32576.29 99 
110121.0  32576.80 99 
110121.5  32576.63 99 
110122.0  32576.62 99 
110122.5  32577.06 99 
110123.0  32576.58 99 
110123.5  32576.66 99 
110124.0  32577.57 99 
110124.5  32577.07 99 
110125.0  32576.70 99 
110125.5  32577.04 99 
110126.0  32576.89 99 
110126.5  32576.97 99 
110127.0  32577.19 99 
110127.5  32576.62 99 
110128.0  32576.30 99 
110128.5  32576.89 99 
110129.0  32577.16 99 
110129.5  32577.20 99 
110130.0  32576.66 99 
110130.5  32576.47 99 
110131.0  32576.35 99 
110131.5  32576.83 99 
110132.0  32576.89 99 
110132.5  32577.13 99 
110133.0  32576.59 99 
110133.5  32576.73 99 
110134.0  32576.46 99 
110134.5  32576.80 99 
110135.0  32576.86 99 
110135.5  32576.48 99 
110136.0  32576.58 99 
110136.5  32577.10 99 
110137.0  32577.16 99 
110137.5  32577.09 99 
110138.0  32576.63 99 
110138.5  32576.64 99 
110139.0  32576.69 99 
110139.5  32577.01 99 
110140.0  32576.65 99 
110140.5  32576.70 99 
110141.0  32577.15 99 
110141.5  32576.80 99 
110142.0  32576.74 99 
110142.5  32576.69 99 
110143.0  32576.72 99 
110143.5  32576.69 99 
110144.0  32577.05 99 
110144.5  32576.76 99 
110145.0  32576.69 99 
110145.5  32576.95 99 
110146.0  32576.35 99 
110146.5  32576.88 99 
110147.0  32576.28 99 
110147.5  32577.09 99 
110148.0  32577.43 99 
110148.5  32575.96 99 
110149.0  32576.37 99 
110149.5  32576.44 99 
110150.0  32576.67 99 
110150.5  32577.28 99 
110151.0  32576.82 99 
110151.5  32576.63 99 
110152.0  32577.01 99 
110152.5  32576.57 99 
110153.0  32576.65 99 
110153.5  32576.30 99 
110154.0  32576.73 99 
110154.5  32576.67 99 
110155.0  32576.96 99 
110155.5  32576.76 99 
110156.0  32576.95 99 
110156.5  32577.10 99 
110157.0  32576.59 99 
110157.5  32576.67 99 
110158.0  32576.47 99 
110158.5  32576.95 99 
110159.0  32576.99 99 
110159.5  32577.06 99 
110200.0  32576.62 99 
110200.5  32577.15 99 
110201.0  32576.41 99 
110201.5  32576.65 99 
110202.0  32576.72 99 
110202.5  32576.64 99 
110203.0  32576.56 99 
110203.5  32576.43 99 
110204.0  32576.71 99 
110204.5  32576.54 99 
110205.0  32576.84 99 
110205.5  32576.50 99 
110206.0  32576.60 99 
110206.5  32577.35 99 
110207.0  32576.56 99 
110207.5  32576.78 99 
110208.0  32576.64 99 
110208.5  32577.07 99 
110209.0  32576.55 99 
110209.5  32576.38 99 
110210.0  32576.97 99 
110210.5  32576.94 99 
110211.0  32576.64 99 
110211.5  32577.05 99 
110212.0  32576.95 99 
110212.5  32576.80 99 
110213.0  32576.46 99 
110213.5  32576.59 99 
110214.0  32576.91 99 
110214.5  32576.58 99 
110215.0  32576.57 99 
110215.5  32576.30 99 
110216.0  32576.33 99 
110216.5  32576.49 99 
110217.0  32577.22 99 
110217.5  32577.05 99 
110218.0  32576.56 99 
110218.5  32576.53 99 
110219.0  32576.69 99 
110219.5  32576.75 99 
110220.0  32576.57 99 
110220.5  32576.32 99 
110221.0  32576.79 99 
110221.5  32576.69 99 
110222.0  32576.94 99 
110222.5  32576.89 99 
110223.0  32576.91 99 
110223.5  32576.39 99 
110224.0  32576.52 99 
110224.5  32576.20 99 
110225.0  32577.06 99 
110225.5  32577.06 99 
110226.0  32576.40 99 
110226.5  32576.64 99 
110227.0  32576.22 99 
110227.5  32576.61 99 
110228.0  32576.90 99 
110228.5  32577.08 99 
110229.0  32576.37 99 
110229.5  32577.41 99 
110230.0  32576.01 99 
110230.5  32576.46 99 
110231.0  32576.62 99 
110231.5  32576.37 99 
110232.0  32576.31 99 
110232.5  32576.61 99 
110233.0  32576.74 99 
110233.5  32577.16 99 
110234.0  32576.75 99 
110234.5  32576.65 99 
110235.0  32576.56 99 
110235.5  32576.32 99 
110236.0  32576.27 99 
110236.5  32576.55 99 
110237.0  32576.81 99 
110237.5  32576.71 99 
110238.0  32576.87 99 
110238.5  32576.92 99 
110239.0  32576.13 99 
110239.5  32576.34 99 
110240.0  32576.52 99 
110240.5  32576.75 99 
110241.0  32576.61 99 
110241.5  32577.23 99 
110242.0  32576.31 99 
110242.5  32576.74 99 
110243.0  32576.60 99 
110243.5  32576.37 99 
110244.0  32576.32 99 
110244.5  32576.49 99 
110245.0  32576.03 99 
110245.5  32576.96 99 
110246.0  32576.34 99 
110246.5  32576.46 99 
110247.0  32576.18 99 
110247.5  32576.02 99 
110248.0  32576.64 99 
110248.5  32576.54 99 
110249.0  32576.22 99 
110249.5  32576.63 99 
110250.0  32576.44 99 
110250.5  32576.78 99 
110251.0  32576.41 99 
110251.5  32576.41 99 
110252.0  32576.50 99 
110252.5  32576.22 99 
110253.0  32576.59 99 
110253.5  32576.23 99 
110254.0  32576.38 99 
110254.5  32576.59 99 
110255.0  32576.41 99 
110255.5  32576.33 99 
110256.0  32576.80 99 
110256.5  32576.20 99 
110257.0  32576.28 99 
110257.5  32576.69 99 
110258.0  32576.10 99 
110258.5  32576.40 99 
110259.0  32576.53 99 
110259.5  32576.11 99 
110300.0  32576.54 99 
110300.5  32576.56 99 
110301.0  32575.94 99 
110301.5  32576.33 99 
110302.0  32576.19 99 
110302.5  32576.64 99 
110303.0  32576.08 99 
110303.5  32576.39 99 
110304.0  32576.15 99 
110304.5  32575.82 99 
110305.0  32576.43 99 
110305.5  32576.48 99 
110306.0  32576.98 99 
110306.5  32576.67 99 
110307.0  32576.18 99 
110307.5  32576.81 99 
110308.0  32576.06 99 
110308.5  32576.07 99 
110309.0  32576.34 99 
110309.5  32576.43 99 
110310.0  32576.24 99 
110310.5  32575.88 99 
110311.0  32576.63 99 
110311.5  32576.69 99 
110312.0  32576.35 99 
110312.5  32576.51 99 
110313.0  32576.36 99 
110313.5  32576.30 99 
110314.0  32576.56 99 
110314.5  32576.17 99 
110315.0  32576.08 99 
110315.5  32575.99 99 
110316.0  32576.08 99 
110316.5  32576.66 99 
110317.0  32576.65 99 
110317.5  32576.16 99 
110318.0  32576.34 99 
110318.5  32576.53 99 
110319.0  32576.05 99 
110319.5  32576.24 99 
110320.0  32576.19 99 
110320.5  32575.86 99 
110321.0  32576.12 99 
110321.5  32575.99 99 
110322.0  32575.98 99 
110322.5  32576.03 99 
110323.0  32576.27 99 
110323.5  32575.57 99 
110324.0  32576.07 99 
110324.5  32575.85 99 
110325.0  32575.77 99 
110325.5  32575.84 99 
110326.0  32576.35 99 
110326.5  32576.23 99 
110327.0  32576.04 99 
110327.5  32575.85 99 
110328.0  32576.42 99 
110328.5  32576.09 99 
110329.0  32576.06 99 
110329.5  32576.07 99 
110330.0  32576.17 99 
110330.5  32576.08 99 
110331.0  32576.20 99 
110331.5  32576.20 99 
110332.0  32576.48 99 
110332.5  32576.38 99 
110333.0  32575.65 99 
110333.5  32575.97 99 
110334.0  32576.22 99 
110334.5  32576.06 99 
110335.0  32576.00 99 
110335.5  32576.08 99 
110336.0  32575.98 99 
110336.5  32576.40 99 
110337.0  32576.04 99 
110337.5  32575.85 99 
110338.0  32575.93 99 
110338.5  32575.81 99 
110339.0  32576.57 99 
110339.5  32576.09 99 
110340.0  32576.20 99 
110340.5  32575.99 99 
110341.0  32575.47 99 
110341.5  32576.30 99 
110342.0  32575.86 99 
110342.5  32575.97 99 
110343.0  32576.19 99 
110343.5  32575.92 99 
110344.0  32575.75 99 
110344.5  32576.04 99 
110345.0  32576.56 99 
110345.5  32575.99 99 
110346.0  32576.08 99 
110346.5  32576.17 99 
110347.0  32576.67 99 
110347.5  32575.99 99 
110348.0  32575.56 99 
110348.5  32575.87 99 
110349.0  32576.45 99 
110349.5  32575.95 99 
110350.0  32576.15 99 
110350.5  32575.57 99 
110351.0  32575.83 99 
110351.5  32576.28 99 
110352.0  32576.14 99 
110352.5  32576.21 99 
110353.0  32576.08 99 
110353.5  32575.65 99 
110354.0  32575.55 99 
110354.5  32575.96 99 
110355.0  32575.98 99 
110355.5  32575.66 99 
110356.0  32576.15 99 
110356.5  32575.71 99 
110357.0  32575.91 99 
110357.5  32575.99 99 
110358.0  32576.10 99 
110358.5  32576.04 99 
110359.0  32576.01 99 
110359.5  32576.00 99 
110400.0  32575.88 99 
110400.5  32576.05 99 
110401.0  32576.06 99 
110401.5  32575.74 99 
110402.0  32575.63 99 
110402.5  32575.94 99 
110403.0  32575.45 99 
110403.5  32575.77 99 
110404.0  32575.67 99 
110404.5  32575.94 99 
110405.0  32576.22 99 
110405.5  32575.83 99 
110406.0  32575.42 99 
110406.5  32576.28 99 
110407.0  32576.08 99 
110407.5  32576.37 99 
110408.0  32576.05 99 
110408.5  32575.80 99 
110409.0  32575.96 99 
110409.5  32575.75 99 
110410.0  32575.72 99 
110410.5  32575.76 99 
110411.0  32575.74 99 
110411.5  32576.55 99 
110412.0  32575.92 99 
110412.5  32575.88 99 
110413.0  32576.11 99 
110413.5  32576.09 99 
110414.0  32575.74 99 
110414.5  32575.66 99 
110415.0  32575.71 99 
110415.5  32575.66 99 
110416.0  32575.70 99 
110416.5  32575.88 99 
110417.0  32576.07 99 
110417.5  32576.07 99 
110418.0  32575.51 99 
110418.5  32576.16 99 
110419.0  32575.75 99 
110419.5  32575.30 99 
110420.0  32576.28 99 
110420.5  32576.44 99 
110421.0  32575.45 99 
110421.5  32575.38 99 
110422.0  32575.50 99 
110422.5  32575.49 99 
110423.0  32575.77 99 
110423.5  32575.58 99 
110424.0  32575.67 99 
110424.5  32576.28 99 
110425.0  32575.46 99 
110425.5  32576.21 99 
110426.0  32576.10 99 
110426.5  32576.25 99 
110427.0  32575.66 99 
110427.5  32575.89 99 
110428.0  32575.91 99 
110428.5  32575.90 99 
110429.0  32575.62 99 
110429.5  32575.97 99 
110430.0  32575.53 99 
110430.5  32576.09 99 
110431.0  32575.20 99 
110431.5  32575.78 99 
110432.0  32575.88 99 
110432.5  32575.84 99 
110433.0  32575.66 99 
110433.5  32575.32 99 
110434.0  32575.29 99 
110434.5  32575.60 99 
110435.0  32575.53 99 
110435.5  32575.89 99 
110436.0  32575.29 99 
110436.5  32575.35 99 
110437.0  32575.63 99 
110437.5  32575.35 99 
110438.0  32575.45 99 
110438.5  32575.42 99 
110439.0  32575.75 99 
110439.5  32575.52 99 
110440.0  32575.62 99 
110440.5  32575.33 99 
110441.0  32575.91 99 
110441.5  32575.31 99 
110442.0  32575.35 99 
110442.5  32575.94 99 
110443.0  32575.99 99 
110443.5  32575.46 99 
110444.0  32575.62 99 
110444.5  32575.34 99 
110445.0  32575.35 99 
110445.5  32575.85 99 
110446.0  32575.29 99 
110446.5  32575.41 99 
110447.0  32574.80 99 
110447.5  32575.51 99 
110448.0  32575.41 99 
110448.5  32574.67 99 
110449.0  32575.64 99 
110449.5  32575.01 99 
110450.0  32575.18 99 
110450.5  32575.24 99 
110451.0  32575.58 99 
110451.5  32575.09 99 
110452.0  32575.22 99 
110452.5  32575.17 99 
110453.0  32575.59 99 
110453.5  32575.54 99 
110454.0  32574.80 99 
110454.5  32575.09 99 
110455.0  32575.01 99 
110455.5  32575.14 99 
110456.0  32575.06 99 
110456.5  32575.11 99 
110457.0  32575.21 99 
110457.5  32574.96 99 
110458.0  32575.36 99 
110458.5  32575.31 99 
110459.0  32575.44 99 
110459.5  32575.16 99 
110500.0  32574.57 99 
110500.5  32575.12 99 
110501.0  32575.19 99 
110501.5  32575.11 99 
110502.0  32575.46 99 
110502.5  32574.93 99 
110503.0  32575.33 99 
110503.5  32574.67 99 
110504.0  32575.46 99 
110504.5  32575.06 99 
110505.0  32575.17 99 
110505.5  32575.27 99 
110506.0  32575.06 99 
110506.5  32575.42 99 
110507.0  32575.28 99 
110507.5  32575.05 99 
110508.0  32575.39 99 
110508.5  32574.69 99 
110509.0  32575.50 99 
110509.5  32574.70 99 
110510.0  32574.67 99 
110510.5  32574.92 99 
110511.0  32574.92 99 
110511.5  32574.45 99 
110512.0  32575.09 99 
110512.5  32575.06 99 
110513.0  32574.95 99 
110513.5  32574.74 99 
110514.0  32575.01 99 
110514.5  32574.92 99 
110515.0  32574.84 99 
110515.5  32574.72 99 
110516.0  32575.06 99 
110516.5  32574.59 99 
110517.0  32574.98 99 
110517.5  32575.15 99 
110518.0  32574.46 99 
110518.5  32574.64 99 
110519.0  32574.61 99 
110519.5  32574.55 99 
110520.0  32574.98 99 
110520.5  32575.58 99 
110521.0  32574.80 99 
110521.5  32574.71 99 
110522.0  32574.87 99 
110522.5  32574.28 99 
110523.0  32575.10 99 
110523.5  32574.69 99 
110524.0  32574.91 99 
110524.5  32574.68 99 
110525.0  32574.32 99 
110525.5  32574.58 99 
110526.0  32575.04 99 
110526.5  32574.96 99 
110527.0  32574.73 99 
110527.5  32574.80 99 
110528.0  32574.67 99 
110528.5  32574.73 99 
110529.0  32574.05 99 
110529.5  32575.40 99 
110530.0  32574.61 99 
110530.5  32574.63 99 
110531.0  32574.92 99 
110531.5  32574.12 99 
110532.0  32573.56 99 
110532.5  32574.20 99 
110533.0  32574.75 99 
110533.5  32575.16 99 
110534.0  32574.44 99 
110534.5  32574.24 99 
110535.0  32574.95 99 
110535.5  32574.50 99 
110536.0  32574.63 99 
110536.5  32574.34 99 
110537.0  32574.61 99 
110537.5  32575.34 99 
110538.0  32574.31 99 
110538.5  32574.81 99 
110539.0  32575.00 99 
110539.5  32574.86 99 
110540.0  32574.38 99 
110540.5  32574.40 99 
110541.0  32574.44 99 
110541.5  32574.66 99 
110542.0  32574.64 99 
110542.5  32574.69 99 
110543.0  32574.43 99 
110543.5  32574.42 99 
110544.0  32573.98 99 
110544.5  32574.18 99 
110545.0  32574.30 99 
110545.5  32574.41 99 
110546.0  32574.42 99 
110546.5  32574.25 99 
110547.0  32574.35 99 
110547.5  32574.80 99 
110548.0  32574.64 99 
110548.5  32574.38 99 
110549.0  32574.57 99 
110549.5  32574.79 99 
110550.0  32574.48 99 
110550.5  32574.43 99 
110551.0  32574.66 99 
110551.5  32574.37 99 
110552.0  32574.07 99 
110552.5  32574.29 99 
110553.0  32575.03 99 
110553.5  32574.53 99 
110554.0  32574.68 99 
110554.5  32574.58 99 
110555.0  32574.73 99 
110555.5  32574.68 99 
110556.0  32574.40 99 
110556.5  32574.62 99 
110557.0  32574.67 99 
110557.5  32574.37 99 
110558.0  32574.37 99 
110558.5  32574.45 99 
110559.0  32574.38 99 
110559.5  32574.47 99 
110600.0  32574.32 99 
110600.5  32574.11 99 
110601.0  32574.42 99 
110601.5  32574.95 99 
110602.0  32574.59 99 
110602.5  32574.43 99 
110603.0  32574.28 99 
110603.5  32574.64 99 
110604.0  32574.68 99 
110604.5  32574.20 99 
110605.0  32574.88 99 
110605.5  32574.48 99 
110606.0  32574.58 99 
110606.5  32574.45 99 
110607.0  32573.94 99 
110607.5  32574.71 99 
110608.0  32574.60 99 
110608.5  32574.53 99 
110609.0  32574.42 99 
110609.5  32573.89 99 
110610.0  32574.62 99 
110610.5  32574.40 99 
110611.0  32574.57 99 
110611.5  32573.88 99 
110612.0  32574.57 99 
110612.5  32573.95 99 
110613.0  32574.50 99 
110613.5  32574.13 99 
110614.0  32574.48 99 
110614.5  32574.43 99 
110615.0  32575.01 99 
110615.5  32574.82 99 
110616.0  32574.43 99 
110616.5  32574.72 99 
110617.0  32574.05 99 
110617.5  32574.33 99 
110618.0  32574.21 99 
110618.5  32574.63 99 
110619.0  32574.68 99 
110619.5  32573.99 99 
110620.0  32574.65 99 
110620.5  32574.06 99 
110621.0  32574.37 99 
110621.5  32574.45 99 
110622.0  32573.61 99 
110622.5  32574.01 99 
110623.0  32574.78 99 
110623.5  32574.53 99 
110624.0  32574.18 99 
110624.5  32574.11 99 
110625.0  32573.98 99 
110625.5  32574.29 99 
110626.0  32574.36 99 
110626.5  32574.21 99 
110627.0  32574.33 99 
110627.5  32574.45 99 
110628.0  32574.24 99 
110628.5  32574.34 99 
110629.0  32574.28 99 
110629.5  32574.12 99 
110630.0  32574.11 99 
110630.5  32574.49 99 
110631.0  32574.01 99 
110631.5  32574.14 99 
110632.0  32574.23 99 
110632.5  32574.13 99 
110633.0  32574.23 99 
110633.5  32574.16 99 
110634.0  32573.98 99 
110634.5  32573.93 99 
110635.0  32574.29 99 
110635.5  32574.49 99 
110636.0  32574.22 99 
110636.5  32574.22 99 
110637.0  32574.23 99 
110637.5  32574.15 99 
110638.0  32574.74 99 
110638.5  32574.85 99 
110639.0  32573.83 99 
110639.5  32574.22 99 
110640.0  32574.22 99 
110640.5  32574.19 99 
110641.0  32573.88 99 
110641.5  32574.15 99 
110642.0  32574.26 99 
110642.5  32573.97 99 
110643.0  32574.58 99 
110643.5  32574.57 99 
110644.0  32573.88 99 
110644.5  32574.05 99 
110645.0  32573.81 99 
110645.5  32574.04 99 
110646.0  32574.15 99 
110646.5  32574.15 99 
110647.0  32574.23 99 
110647.5  32574.28 99 
110648.0  32573.95 99 
110648.5  32573.70 99 
110649.0  32574.02 99 
110649.5  32574.15 99 
110650.0  32573.41 99 
110650.5  32573.55 99 
110651.0  32573.86 99 
110651.5  32574.21 99 
110652.0  32573.55 99 
110652.5  32574.60 99 
110653.0  32573.77 99 
110653.5  32574.53 99 
110654.0  32573.60 99 
110654.5  32573.93 99 
110655.0  32573.67 99 
110655.5  32573.86 99 
110656.0  32573.75 99 
110656.5  32573.70 99 
110657.0  32573.77 99 
110657.5  32574.14 99 
110658.0  32574.04 99 
110658.5  32574.17 99 
110659.0  32574.02 99 
110659.5  32574.18 99 
110700.0  32574.32 99 
110700.5  32573.76 99 
110701.0  32574.00 99 
110701.5  32574.06 99 
110702.0  32574.12 99 
110702.5  32574.05 99 
110703.0  32573.96 99 
110703.5  32574.23 99 
110704.0  32573.65 99 
110704.5  32574.07 99 
110705.0  32574.00 99 
110705.5  32573.77 99 
110706.0  32573.83 99 
110706.5  32573.60 99 
110707.0  32574.11 99 
110707.5  32573.60 99 
110708.0  32573.95 99 
110708.5  32573.58 99 
110709.0  32573.91 99 
110709.5  32573.51 99 
110710.0  32574.02 99 
110710.5  32574.17 99 
110711.0  32574.27 99 
110711.5  32574.05 99 
110712.0  32573.88 99 
110712.5  32574.03 99 
110713.0  32574.03 99 
110713.5  32573.73 99 
110714.0  32573.66 99 
110714.5  32574.06 99 
110715.0  32574.07 99 
110715.5  32573.97 99 
110716.0  32574.18 99 
110716.5  32573.93 99 
110717.0  32574.08 99 
110717.5  32573.83 99 
110718.0  32573.74 99 
110718.5  32573.91 99 
110719.0  32573.92 99 
110719.5  32573.39 99 
110720.0  32573.40 99 
110720.5  32573.65 99 
110721.0  32574.25 99 
110721.5  32573.88 99 
110722.0  32574.15 99 
110722.5  32574.02 99 
110723.0  32574.18 99 
110723.5  32574.21 99 
110724.0  32573.36 99 
110724.5  32574.15 99 
110725.0  32573.78 99 
110725.5  32573.38 99 
110726.0  32573.50 99 
110726.5  32573.73 99 
110727.0  32573.36 99 
110727.5  32573.51 99 
110728.0  32574.06 99 
110728.5  32573.74 99 
110729.0  32574.17 99 
110729.5  32573.88 99 
110730.0  32573.57 99 
110730.5  32573.40 99 
110731.0  32574.51 99 
110731.5  32573.80 99 
110732.0  32573.83 99 
110732.5  32573.63 99 
110733.0  32573.51 99 
110733.5  32574.05 99 
110734.0  32573.84 99 
110734.5  32574.48 99 
110735.0  32574.29 99 
110735.5  32574.00 99 
110736.0  32574.03 99 
110736.5  32573.59 99 
110737.0  32573.90 99 
110737.5  32573.91 99 
110738.0  32573.77 99 
110738.5  32573.87 99 
110739.0  32573.50 99 
110739.5  32574.22 99 
110740.0  32573.77 99 
110740.5  32573.81 99 
110741.0  32573.83 99 
110741.5  32573.62 99 
110742.0  32573.71 99 
110742.5  32572.98 99 
110743.0  32573.32 99 
110743.5  32574.22 99 
110744.0  32573.67 99 
110744.5  32573.96 99 
110745.0  32573.84 99 
110745.5  32574.11 99 
110746.0  32573.16 99 
110746.5  32573.52 99 
110747.0  32573.67 99 
110747.5  32573.71 99 
110748.0  32573.67 99 
110748.5  32574.18 99 
110749.0  32573.81 99 
110749.5  32573.35 99 
110750.0  32573.46 99 
110750.5  32574.01 99 
110751.0  32573.81 99 
110751.5  32573.22 99 
110752.0  32573.91 99 
110752.5  32573.75 99 
110753.0  32573.51 99 
110753.5  32573.86 99 
110754.0  32573.49 99 
110754.5  32573.98 99 
110755.0  32573.76 99 
110755.5  32574.02 99 
110756.0  32573.63 99 
110756.5  32573.89 99 
110757.0  32574.03 99 
110757.5  32573.94 99 
110758.0  32574.02 99 
110758.5  32573.15 99 
110759.0  32573.47 99 
110759.5  32573.64 99 
110800.0  32573.52 99 
110800.5  32573.91 99 
110801.0  32573.82 99 
110801.5  32573.52 99 
110802.0  32573.81 99 
110802.5  32574.09 99 
110803.0  32574.02 99 
110803.5  32573.81 99 
110804.0  32573.59 99 
110804.5  32573.83 99 
110805.0  32573.77 99 
110805.5  32573.22 99 
110806.0  32573.42 99 
110806.5  32573.89 99 
110807.0  32573.24 99 
110807.5  32573.48 99 
110808.0  32573.72 99 
110808.5  32573.82 99 
110809.0  32573.54 99 
110809.5  32573.30 99 
110810.0  32573.38 99 
110810.5  32573.46 99 
110811.0  32573.28 99 
110811.5  32573.46 99 
110812.0  32573.85 99 
110812.5  32573.92 99 
110813.0  32573.60 99 
110813.5  32573.57 99 
110814.0  32573.51 99 
110814.5  32573.82 99 
110815.0  32573.80 99 
110815.5  32573.46 99 
110816.0  32573.88 99 
110816.5  32573.93 99 
110817.0  32574.02 99 
110817.5  32573.64 99 
110818.0  32573.02 99 
110818.5  32573.60 99 
110819.0  32573.27 99 
110819.5  32573.42 99 
110820.0  32573.19 99 
110820.5  32573.65 99 
110821.0  32573.53 99 
110821.5  32573.58 99 
110822.0  32573.24 99 
110822.5  32573.56 99 
110823.0  32573.69 99 
110823.5  32573.18 99 
110824.0  32573.59 99 
110824.5  32573.36 99 
110825.0  32573.83 99 
110825.5  32573.83 99 
110826.0  32574.10 99 
110826.5  32574.29 99 
110827.0  32573.88 99 
110827.5  32573.61 99 
110828.0  32573.21 99 
110828.5  32573.42 99 
110829.0  32573.72 99 
110829.5  32573.69 99 
110830.0  32573.78 99 
110830.5  32573.34 99 
110831.0  32573.56 99 
110831.5  32573.36 99 
110832.0  32573.66 99 
110832.5  32573.08 99 
110833.0  32573.26 99 
110833.5  32573.29 99 
110834.0  32573.07 99 
110834.5  32573.60 99 
110835.0  32573.73 99 
110835.5  32573.75 99 
110836.0  32573.24 99 
110836.5  32573.18 99 
110837.0  32572.84 99 
110837.5  32573.37 99 
110838.0  32573.87 99 
110838.5  32573.34 99 
110839.0  32573.20 99 
110839.5  32573.71 99 
110840.0  32573.94 99 
110840.5  32573.74 99 
110841.0  32573.34 99 
110841.5  32572.84 99 
110842.0  32573.87 99 
110842.5  32573.58 99 
110843.0  32573.57 99 
110843.5  32573.67 99 
110844.0  32573.33 99 
110844.5  32573.44 99 
110845.0  32573.47 99 
110845.5  32573.27 99 
110846.0  32573.98 99 
110846.5  32573.04 99 
110847.0  32573.94 99 
110847.5  32573.37 99 
110848.0  32573.83 99 
110848.5  32573.82 99 
110849.0  32573.68 99 
110849.5  32573.40 99 
110850.0  32573.29 99 
110850.5  32573.60 99 
110851.0  32573.65 99 
110851.5  32573.99 99 
110852.0  32573.41 99 
110852.5  32573.64 99 
110853.0  32573.88 99 
110853.5  32573.85 99 
110854.0  32573.74 99 
110854.5  32573.66 99 
110855.0  32573.49 99 
110855.5  32573.40 99 
110856.0  32573.70 99 
110856.5  32573.11 99 
110857.0  32573.37 99 
110857.5  32573.64 99 
110858.0  32573.48 99 
110858.5  32573.73 99 
110859.0  32573.17 99 
110859.5  32573.50 99 
110900.0  32573.76 99 
110900.5  32573.30 99 
110901.0  32573.72 99 
110901.5  32573.83 99 
110902.0  32573.68 99 
110902.5  32573.46 99 
110903.0  32572.94 99 
110903.5  32573.72 99 
110904.0  32573.69 99 
110904.5  32572.83 99 
110905.0  32573.20 99 
110905.5  32573.37 99 
110906.0  32573.17 99 
110906.5  32573.36 99 
110907.0  32573.42 99 
110907.5  32573.74 99 
110908.0  32573.37 99 
110908.5  32573.94 99 
110909.0  32573.38 99 
110909.5  32573.01 99 
110910.0  32573.47 99 
110910.5  32573.55 99 
110911.0  32573.48 99 
110911.5  32573.65 99 
110912.0  32573.51 99 
110912.5  32573.46 99 
110913.0  32573.18 99 
110913.5  32573.98 99 
110914.0  32573.04 99 
110914.5  32573.59 99 
110915.0  32573.72 99 
110915.5  32574.05 99 
110916.0  32573.38 99 
110916.5  32573.47 99 
110917.0  32573.71 99 
110917.5  32573.70 99 
110918.0  32573.35 99 
110918.5  32573.57 99 
110919.0  32574.20 99 
110919.5  32573.61 99 
110920.0  32573.56 99 
110920.5  32573.72 99 
110921.0  32573.24 99 
110921.5  32573.66 99 
110922.0  32573.22 99 
110922.5  32573.65 99 
110923.0  32573.45 99 
110923.5  32573.54 99 
110924.0  32573.23 99 
110924.5  32573.62 99 
110925.0  32573.71 99 
110925.5  32573.36 99 
110926.0  32573.48 99 
110926.5  32573.63 99 
110927.0  32573.51 99 
110927.5  32573.97 99 
110928.0  32573.44 99 
110928.5  32573.10 99 
110929.0  32573.92 99 
110929.5  32574.04 99 
110930.0  32573.88 99 
110930.5  32573.43 99 
110931.0  32573.97 99 
110931.5  32573.88 99 
110932.0  32573.80 99 
110932.5  32573.56 99 
110933.0  32573.80 99 
110933.5  32573.93 99 
110934.0  32573.32 99 
110934.5  32573.46 99 
110935.0  32573.69 99 
110935.5  32573.04 99 
110936.0  32573.75 99 
110936.5  32573.97 99 
110937.0  32573.35 99 
110937.5  32573.74 99 
110938.0  32573.65 99 
110938.5  32573.76 99 
110939.0  32573.83 99 
110939.5  32573.78 99 
110940.0  32574.02 99 
110940.5  32573.79 99 
110941.0  32573.82 99 
110941.5  32573.75 99 
110942.0  32573.49 99 
110942.5  32573.41 99 
110943.0  32574.01 99 
110943.5  32574.15 99 
110944.0  32573.22 99 
110944.5  32573.73 99 
110945.0  32573.81 99 
110945.5  32573.61 99 
110946.0  32572.75 99 
110946.5  32573.48 99 
110947.0  32573.78 99 
110947.5  32573.21 99 
110948.0  32573.46 99 
110948.5  32574.17 99 
110949.0  32573.82 99 
110949.5  32573.31 99 
110950.0  32574.00 99 
110950.5  32574.30 99 
110951.0  32573.67 99 
110951.5  32573.51 99 
110952.0  32573.55 99 
110952.5  32573.94 99 
110953.0  32573.61 99 
110953.5  32573.30 99 
110954.0  32573.50 99 
110954.5  32573.52 99 
110955.0  32573.37 99 
110955.5  32573.75 99 
110956.0  32573.90 99 
110956.5  32573.32 99 
110957.0  32573.76 99 
110957.5  32573.64 99 
110958.0  32574.03 99 
110958.5  32573.75 99 
110959.0  32573.59 99 
110959.5  32573.14 99 
111000.0  32573.39 99 
111000.5  32573.49 99 
111001.0  32573.87 99 
111001.5  32573.48 99 
111002.0  32573.87 99 
111002.5  32573.87 99 
111003.0  32573.82 99 
111003.5  32573.68 99 
111004.0  32573.81 99 
111004.5  32573.82 99 
111005.0  32573.31 99 
111005.5  32573.70 99 
111006.0  32573.25 99 
111006.5  32573.89 99 
111007.0  32573.34 99 
111007.5  32573.65 99 
111008.0  32573.88 99 
111008.5  32574.12 99 
111009.0  32573.47 99 
111009.5  32573.27 99 
111010.0  32573.54 99 
111010.5  32573.73 99 
111011.0  32573.73 99 
111011.5  32573.08 99 
111012.0  32573.18 99 
111012.5  32573.54 99 
111013.0  32573.63 99 
111013.5  32573.61 99 
111014.0  32574.03 99 
111014.5  32573.88 99 
111015.0  32573.64 99 
111015.5  32574.19 99 
111016.0  32573.23 99 
111016.5  32573.37 99 
111017.0  32573.25 99 
111017.5  32573.75 99 
111018.0  32573.65 99 
111018.5  32573.90 99 
111019.0  32573.87 99 
111019.5  32574.03 99 
111020.0  32574.19 99 
111020.5  32573.09 99 
111021.0  32573.90 99 
111021.5  32573.86 99 
111022.0  32573.85 99 
111022.5  32573.61 99 
111023.0  32573.29 99 
111023.5  32574.06 99 
111024.0  32573.49 99 
111024.5  32573.58 99 
111025.0  32573.65 99 
111025.5  32573.48 99 
111026.0  32573.24 99 
111026.5  32573.31 99 
111027.0  32573.87 99 
111027.5  32573.67 99 
111028.0  32573.48 99 
111028.5  32573.36 99 
111029.0  32572.87 99 
111029.5  32573.72 99 
111030.0  32573.41 99 
111030.5  32573.26 99 
111031.0  32573.55 99 
111031.5  32573.59 99 
111032.0  32573.39 99 
111032.5  32573.31 99 
111033.0  32573.72 99 
111033.5  32573.21 99 
111034.0  32573.87 99 
111034.5  32572.74 99 
111035.0  32573.43 99 
111035.5  32573.55 99 
111036.0  32573.63 99 
111036.5  32573.71 99 
111037.0  32573.02 99 
111037.5  32573.55 99 
111038.0  32573.54 99 
111038.5  32573.67 99 
111039.0  32573.41 99 
111039.5  32573.55 99 
111040.0  32573.23 99 
111040.5  32573.35 99 
111041.0  32573.32 99 
111041.5  32573.29 99 
111042.0  32573.50 99 
111042.5  32573.32 99 
111043.0  32573.50 99 
111043.5  32573.47 99 
111044.0  32573.04 99 
111044.5  32573.22 99 
111045.0  32573.73 99 
111045.5  32574.05 99 
111046.0  32573.61 99 
111046.5  32573.12 99 
111047.0  32573.82 99 
111047.5  32573.33 99 
111048.0  32573.50 99 
111048.5  32573.68 99 
111049.0  32573.58 99 
111049.5  32573.63 99 
111050.0  32573.34 99 
111050.5  32573.33 99 
111051.0  32572.88 99 
111051.5  32573.51 99 
111052.0  32573.54 99 
111052.5  32573.44 99 
111053.0  32573.43 99 
111053.5  32573.65 99 
111054.0  32573.28 99 
111054.5  32573.44 99 
111055.0  32573.36 99 
111055.5  32573.35 99 
111056.0  32573.76 99 
111056.5  32574.04 99 
111057.0  32573.45 99 
111057.5  32573.45 99 
111058.0  32573.59 99 
111058.5  32573.35 99 
111059.0  32572.98 99 
111059.5  32573.44 99 
111100.0  32573.41 99 
111100.5  32573.59 99 
111101.0  32573.26 99 
111101.5  32573.53 99 
111102.0  32573.69 99 
111102.5  32573.67 99 
111103.0  32573.59 99 
111103.5  32573.59 99 
111104.0  32573.97 99 
111104.5  32573.78 99 
111105.0  32573.41 99 
111105.5  32573.35 99 
111106.0  32573.34 99 
111106.5  32573.30 99 
111107.0  32573.89 99 
111107.5  32573.26 99 
111108.0  32573.93 99 
111108.5  32573.68 99 
111109.0  32573.76 99 
111109.5  32573.85 99 
111110.0  32573.89 99 
111110.5  32573.32 99 
111111.0  32573.51 99 
111111.5  32573.10 99 
111112.0  32573.03 99 
111112.5  32573.07 99 
111113.0  32573.16 99 
111113.5  32574.08 99 
111114.0  32573.76 99 
111114.5  32573.47 99 
111115.0  32573.55 99 
111115.5  32573.79 99 
111116.0  32573.82 99 
111116.5  32573.65 99 
111117.0  32573.56 99 
111117.5  32573.37 99 
111118.0  32573.81 99 
111118.5  32573.76 99 
111119.0  32573.57 99 
111119.5  32574.06 99 
111120.0  32573.78 99 
111120.5  32573.41 99 
111121.0  32573.53 99 
111121.5  32574.16 99 
111122.0  32573.73 99 
111122.5  32573.68 99 
111123.0  32573.27 99 
111123.5  32573.72 99 
111124.0  32573.66 99 
111124.5  32573.58 99 
111125.0  32573.59 99 
111125.5  32573.59 99 
111126.0  32573.94 99 
111126.5  32573.74 99 
111127.0  32573.39 99 
111127.5  32573.78 99 
111128.0  32573.68 99 
111128.5  32574.20 99 
111129.0  32572.91 99 
111129.5  32573.88 99 
111130.0  32573.87 99 
111130.5  32573.92 99 
111131.0  32573.68 99 
111131.5  32573.10 99 
111132.0  32574.03 99 
111132.5  32573.63 99 
111133.0  32573.54 99 
111133.5  32573.98 99 
111134.0  32573.73 99 
111134.5  32573.25 99 
111135.0  32573.81 99 
111135.5  32574.27 99 
111136.0  32573.58 99 
111136.5  32573.65 99 
111137.0  32573.26 99 
111137.5  32573.48 99 
111138.0  32574.04 99 
111138.5  32573.56 99 
111139.0  32573.17 99 
111139.5  32573.56 99 
111140.0  32573.75 99 
111140.5  32573.76 99 
111141.0  32573.65 99 
111141.5  32573.62 99 
111142.0  32573.36 99 
111142.5  32574.10 99 
111143.0  32574.05 99 
111143.5  32574.28 99 
111144.0  32573.70 99 
111144.5  32573.58 99 
111145.0  32574.18 99 
111145.5  32573.73 99 
111146.0  32573.78 99 
111146.5  32574.18 99 
111147.0  32573.84 99 
111147.5  32573.69 99 
111148.0  32573.77 99 
111148.5  32573.78 99 
111149.0  32573.89 99 
111149.5  32573.83 99 
111150.0  32573.86 99 
111150.5  32573.50 99 
111151.0  32573.20 99 
111151.5  32574.00 99 
111152.0  32573.61 99 
111152.5  32573.75 99 
111153.0  32574.08 99 
111153.5  32573.43 99 
111154.0  32573.38 99 
111154.5  32573.46 99 
111155.0  32573.48 99 
111155.5  32573.98 99 
111156.0  32573.22 99 
111156.5  32573.88 99 
111157.0  32573.69 99 
111157.5  32573.91 99 
111158.0  32573.64 99 
111158.5  32573.98 99 
111159.0  32574.14 99 
111159.5  32573.53 99 
111200.0  32573.81 99 
111200.5  32573.52 99 
111201.0  32573.98 99 
111201.5  32574.07 99 
111202.0  32573.92 99 
111202.5  32573.44 99 
111203.0  32574.07 99 
111203.5  32574.20 99 
111204.0  32574.22 99 
111204.5  32573.48 99 
111205.0  32573.41 99 
111205.5  32574.13 99 
111206.0  32573.52 99 
111206.5  32573.92 99 
111207.0  32573.99 99 
111207.5  32573.53 99 
111208.0  32573.59 99 
111208.5  32573.86 99 
111209.0  32573.63 99 
111209.5  32573.98 99 
111210.0  32573.83 99 
111210.5  32573.58 99 
111211.0  32574.11 99 
111211.5  32574.04 99 
111212.0  32573.76 99 
111212.5  32573.56 99 
111213.0  32573.97 98 
111213.5  32573.84 99 
111214.0  32573.81 99 
111214.5  32574.29 99 
111215.0  32573.67 99 
111215.5  32574.10 99 
111216.0  32574.10 99 
111216.5  32573.88 99 
111217.0  32573.63 99 
111217.5  32573.46 99 
111218.0  32573.76 99 
111218.5  32574.00 99 
111219.0  32574.09 99 
111219.5  32574.28 99 
111220.0  32574.07 99 
111220.5  32574.06 99 
111221.0  32574.15 99 
111221.5  32573.77 99 
111222.0  32573.95 99 
111222.5  32573.61 99 
111223.0  32574.24 99 
111223.5  32573.72 99 
111224.0  32574.17 99 
111224.5  32574.02 99 
111225.0  32573.44 99 
111225.5  32573.98 99 
111226.0  32573.67 99 
111226.5  32573.92 99 
111227.0  32573.98 99 
111227.5  32573.83 99 
111228.0  32573.77 99 
111228.5  32573.99 99 
111229.0  32573.31 99 
111229.5  32573.49 99 
111230.0  32573.85 99 
111230.5  32573.73 99 
111231.0  32573.49 99 
111231.5  32574.19 99 
111232.0  32573.88 99 
111232.5  32573.73 99 
111233.0  32573.86 99 
111233.5  32574.01 99 
111234.0  32573.31 99 
111234.5  32573.22 99 
111235.0  32573.75 99 
111235.5  32573.67 99 
111236.0  32573.81 99 
111236.5  32573.83 99 
111237.0  32573.91 99 
111237.5  32574.03 99 
111238.0  32573.86 99 
111238.5  32573.77 99 
111239.0  32573.83 99 
111239.5  32573.56 99 
111240.0  32574.08 99 
111240.5  32574.16 99 
111241.0  32573.82 99 
111241.5  32573.21 99 
111242.0  32574.03 99 
111242.5  32573.84 99 
111243.0  32573.63 99 
111243.5  32573.99 99 
111244.0  32573.72 99 
111244.5  32573.66 99 
111245.0  32573.52 99 
111245.5  32573.70 99 
111246.0  32573.50 99 
111246.5  32573.69 99 
111247.0  32573.90 99 
111247.5  32573.81 99 
111248.0  32572.90 99 
111248.5  32574.02 99 
111249.0  32573.84 99 
111249.5  32573.81 99 
111250.0  32573.85 99 
111250.5  32573.41 99 
111251.0  32573.63 99 
111251.5  32573.68 99 
111252.0  32574.03 99 
111252.5  32573.64 99 
111253.0  32573.65 99 
111253.5  32574.34 99 
111254.0  32573.45 99 
111254.5  32573.47 99 
111255.0  32574.29 99 
111255.5  32573.51 99 
111256.0  32573.91 99 
111256.5  32573.73 99 
111257.0  32574.21 99 
111257.5  32573.46 99 
111258.0  32573.38 99 
111258.5  32573.83 99 
111259.0  32574.06 99 
111259.5  32573.62 99 
111300.0  32573.75 99 
111300.5  32573.60 99 
111301.0  32573.65 99 
111301.5  32573.72 99 
111302.0  32573.70 99 
111302.5  32573.53 99 
111303.0  32573.46 99 
111303.5  32573.46 99 
111304.0  32573.94 99 
111304.5  32573.64 99 
111305.0  32573.32 99 
111305.5  32573.86 99 
111306.0  32573.72 99 
111306.5  32573.49 99 
111307.0  32573.97 99 
111307.5  32573.46 99 
111308.0  32573.31 99 
111308.5  32573.33 99 
111309.0  32573.71 99 
111309.5  32573.35 99 
111310.0  32573.26 99 
111310.5  32573.47 99 
111311.0  32573.95 99 
111311.5  32572.93 99 
111312.0  32573.56 99 
111312.5  32573.59 99 
111313.0  32573.60 99 
111313.5  32573.55 99 
111314.0  32573.49 99 
111314.5  32573.30 99 
111315.0  32573.33 99 
111315.5  32573.34 99 
111316.0  32573.59 99 
111316.5  32573.98 99 
111317.0  32573.60 99 
111317.5  32573.51 99 
111318.0  32573.70 99 
111318.5  32573.45 99 
111319.0  32573.50 99 
111319.5  32573.14 99 
111320.0  32574.06 99 
111320.5  32573.74 99 
111321.0  32573.48 99 
111321.5  32573.11 99 
111322.0  32573.19 99 
111322.5  32573.61 99 
111323.0  32573.70 99 
111323.5  32573.25 99 
111324.0  32573.73 99 
111324.5  32573.22 99 
111325.0  32573.68 99 
111325.5  32573.59 99 
111326.0  32573.95 99 
111326.5  32573.78 99 
111327.0  32573.30 99 
111327.5  32573.59 99 
111328.0  32573.69 99 
111328.5  32573.47 99 
111329.0  32573.42 99 
111329.5  32573.58 99 
111330.0  32573.76 99 
111330.5  32573.53 99 
111331.0  32573.41 99 
111331.5  32573.59 99 
111332.0  32573.66 99 
111332.5  32573.49 99 
111333.0  32573.57 99 
111333.5  32573.45 99 
111334.0  32573.81 99 
111334.5  32573.63 99 
111335.0  32573.61 99 
111335.5  32573.63 99 
111336.0  32573.37 99 
111336.5  32572.59 99 
111337.0  32573.17 99 
111337.5  32573.28 99 
111338.0  32573.20 99 
111338.5  32573.37 99 
111339.0  32573.72 99 
111339.5  32573.09 99 
111340.0  32573.35 99 
111340.5  32573.14 99 
111341.0  32573.29 99 
111341.5  32572.79 99 
111342.0  32572.94 99 
111342.5  32573.23 99 
111343.0  32573.04 99 
111343.5  32573.27 99 
111344.0  32573.39 99 
111344.5  32573.75 99 
111345.0  32573.17 99 
111345.5  32573.85 99 
111346.0  32573.09 99 
111346.5  32573.88 99 
111347.0  32573.03 99 
111347.5  32573.22 99 
111348.0  32573.84 99 
111348.5  32573.19 99 
111349.0  32572.97 99 
111349.5  32573.38 99 
111350.0  32573.07 99 
111350.5  32573.49 99 
111351.0  32573.52 99 
111351.5  32573.46 99 
111352.0  32572.94 99 
111352.5  32572.92 99 
111353.0  32573.03 99 
111353.5  32573.28 99 
111354.0  32573.01 99 
111354.5  32573.46 99 
111355.0  32573.09 99 
111355.5  32573.54 99 
111356.0  32572.91 99 
111356.5  32573.47 99 
111357.0  32573.41 99 
111357.5  32573.04 99 
111358.0  32573.38 99 
111358.5  32573.44 99 
111359.0  32573.54 99 
111359.5  32573.42 99 
111400.0  32573.78 99 
111400.5  32573.33 99 
111401.0  32573.40 99 
111401.5  32573.05 99 
111402.0  32573.12 99 
111402.5  32573.21 99 
111403.0  32573.87 99 
111403.5  32573.61 99 
111404.0  32573.75 99 
111404.5  32573.46 99 
111405.0  32573.39 99 
111405.5  32573.71 99 
111406.0  32572.88 99 
111406.5  32573.62 99 
111407.0  32572.76 99 
111407.5  32573.14 99 
111408.0  32573.42 99 
111408.5  32572.96 99 
111409.0  32572.92 99 
111409.5  32573.47 99 
111410.0  32573.04 99 
111410.5  32573.34 99 
111411.0  32573.04 99 
111411.5  32573.17 99 
111412.0  32573.17 99 
111412.5  32573.59 99 
111413.0  32572.99 99 
111413.5  32573.06 99 
111414.0  32573.43 99 
111414.5  32572.89 99 
111415.0  32572.94 99 
111415.5  32573.19 99 
111416.0  32572.97 99 
111416.5  32573.08 99 
111417.0  32573.04 99 
111417.5  32573.15 99 
111418.0  32573.36 99 
111418.5  32572.76 99 
111419.0  32573.40 99 
111419.5  32573.67 99 
111420.0  32573.15 99 
111420.5  32573.01 99 
111421.0  32573.22 99 
111421.5  32573.17 99 
111422.0  32573.06 99 
111422.5  32573.58 99 
111423.0  32573.22 99 
111423.5  32573.62 99 
111424.0  32573.59 99 
111424.5  32572.83 99 
111425.0  32573.61 99 
111425.5  32573.52 99 
111426.0  32572.85 99 
111426.5  32573.22 99 
111427.0  32572.92 99 
111427.5  32573.57 99 
111428.0  32573.43 99 
111428.5  32573.49 99 
111429.0  32573.22 99 
111429.5  32573.70 99 
111430.0  32572.71 99 
111430.5  32573.66 99 
111431.0  32574.10 99 
111431.5  32573.18 99 
111432.0  32572.73 99 
111432.5  32573.65 99 
111433.0  32573.24 99 
111433.5  32573.30 99 
111434.0  32572.55 99 
111434.5  32573.17 99 
111435.0  32573.25 99 
111435.5  32572.83 99 
111436.0  32573.00 99 
111436.5  32573.09 99 
111437.0  32573.44 99 
111437.5  32573.50 99 
111438.0  32572.84 99 
111438.5  32572.76 99 
111439.0  32572.95 99 
111439.5  32573.12 99 
111440.0  32572.82 99 
111440.5  32573.38 99 
111441.0  32573.39 99 
111441.5  32572.97 99 
111442.0  32573.23 99 
111442.5  32573.20 99 
111443.0  32573.05 99 
111443.5  32573.12 99 
111444.0  32573.01 99 
111444.5  32573.33 99 
111445.0  32572.75 99 
111445.5  32573.36 99 
111446.0  32572.97 99 
111446.5  32573.14 99 
111447.0  32573.20 99 
111447.5  32573.42 99 
111448.0  32573.19 99 
111448.5  32573.31 99 
111449.0  32573.29 99 
111449.5  32573.47 99 
111450.0  32572.98 99 
111450.5  32572.99 99 
111451.0  32573.45 99 
111451.5  32573.86 99 
111452.0  32572.53 99 
111452.5  32573.76 99 
111453.0  32573.07 99 
111453.5  32572.99 99 
111454.0  32572.97 99 
111454.5  32573.45 99 
111455.0  32573.29 99 
111455.5  32572.99 99 
111456.0  32573.00 99 
111456.5  32573.59 99 
111457.0  32573.09 99 
111457.5  32573.17 99 
111458.0  32573.14 99 
111458.5  32573.11 99 
111459.0  32573.16 99 
111459.5  32572.86 99 
111500.0  32573.17 99 
111500.5  32573.09 99 
111501.0  32573.00 99 
111501.5  32573.42 99 
111502.0  32573.34 99 
111502.5  32573.27 99 
111503.0  32573.24 99 
111503.5  32573.04 99 
111504.0  32573.17 99 
111504.5  32572.98 99 
111505.0  32573.15 99 
111505.5  32573.04 99 
111506.0  32573.39 99 
111506.5  32572.82 99 
111507.0  32572.64 99 
111507.5  32573.06 99 
111508.0  32573.67 99 
111508.5  32573.35 99 
111509.0  32572.98 99 
111509.5  32573.10 99 
111510.0  32572.89 99 
111510.5  32573.05 99 
111511.0  32572.86 99 
111511.5  32573.00 99 
111512.0  32573.47 99 
111512.5  32573.24 99 
111513.0  32573.17 99 
111513.5  32573.30 99 
111514.0  32573.05 99 
111514.5  32573.05 99 
111515.0  32572.50 99 
111515.5  32573.54 99 
111516.0  32573.56 99 
111516.5  32573.13 99 
111517.0  32573.25 99 
111517.5  32573.36 99 
111518.0  32573.33 99 
111518.5  32573.34 99 
111519.0  32573.07 99 
111519.5  32573.46 99 
111520.0  32573.41 99 
111520.5  32573.29 99 
111521.0  32573.25 99 
111521.5  32573.83 99 
111522.0  32573.31 99 
111522.5  32573.40 99 
111523.0  32573.01 99 
111523.5  32573.16 99 
111524.0  32573.30 99 
111524.5  32573.32 99 
111525.0  32573.15 99 
111525.5  32573.61 99 
111526.0  32573.61 99 
111526.5  32573.68 99 
111527.0  32573.21 99 
111527.5  32573.40 99 
111528.0  32573.70 99 
111528.5  32573.52 99 
111529.0  32573.40 99 
111529.5  32573.81 99 
111530.0  32573.08 99 
111530.5  32573.63 99 
111531.0  32573.44 99 
111531.5  32573.51 99 
111532.0  32573.41 99 
111532.5  32573.41 99 
111533.0  32573.51 99 
111533.5  32573.44 99 
111534.0  32573.57 99 
111534.5  32573.51 99 
111535.0  32573.18 99 
111535.5  32573.29 99 
111536.0  32573.17 99 
111536.5  32573.52 99 
111537.0  32573.54 99 
111537.5  32573.64 99 
111538.0  32573.87 99 
111538.5  32573.27 99 
111539.0  32573.86 99 
111539.5  32573.63 99 
111540.0  32573.03 99 
111540.5  32572.91 99 
111541.0  32573.63 99 
111541.5  32573.43 99 
111542.0  32573.37 99 
111542.5  32573.64 99 
111543.0  32573.49 99 
111543.5  32573.56 99 
111544.0  32573.22 99 
111544.5  32573.71 99 
111545.0  32573.62 99 
111545.5  32573.34 99 
111546.0  32573.56 99 
111546.5  32573.70 99 
111547.0  32573.55 99 
111547.5  32573.26 99 
111548.0  32573.83 99 
111548.5  32573.80 99 
111549.0  32573.71 99 
111549.5  32573.17 99 
111550.0  32574.25 99 
111550.5  32573.95 99 
111551.0  32573.57 99 
111551.5  32573.61 99 
111552.0  32573.63 99 
111552.5  32573.56 99 
111553.0  32573.42 99 
111553.5  32573.72 99 
111554.0  32573.52 99 
111554.5  32574.02 99 
111555.0  32573.66 99 
111555.5  32574.06 99 
111556.0  32573.27 99 
111556.5  32573.49 99 
111557.0  32573.71 99 
111557.5  32573.83 99 
111558.0  32573.71 99 
111558.5  32574.00 99 
111559.0  32573.61 99 
111559.5  32573.60 99 
111600.0  32573.43 99 
111600.5  32573.65 99 
111601.0  32573.77 99 
111601.5  32573.25 99 
111602.0  32573.62 99 
111602.5  32573.35 99 
111603.0  32573.38 99 
111603.5  32573.56 99 
111604.0  32572.85 99 
111604.5  32573.86 99 
111605.0  32573.60 99 
111605.5  32573.40 99 
111606.0  32574.50 99 
111606.5  32573.61 99 
111607.0  32573.98 99 
111607.5  32573.52 99 
111608.0  32573.48 99 
111608.5  32573.76 99 
111609.0  32574.00 99 
111609.5  32573.57 99 
111610.0  32574.05 99 
111610.5  32573.57 99 
111611.0  32573.94 99 
111611.5  32574.22 99 
111612.0  32573.92 99 
111612.5  32573.81 99 
111613.0  32573.86 99 
111613.5  32573.83 99 
111614.0  32573.42 99 
111614.5  32573.75 99 
111615.0  32574.13 99 
111615.5  32573.72 99 
111616.0  32573.70 99 
111616.5  32573.39 99 
111617.0  32573.36 99 
111617.5  32574.05 99 
111618.0  32573.65 99 
111618.5  32573.95 99 
111619.0  32574.19 99 
111619.5  32573.74 99 
111620.0  32573.73 99 
111620.5  32573.56 99 
111621.0  32573.73 99 
111621.5  32573.97 99 
111622.0  32573.92 99 
111622.5  32573.91 99 
111623.0  32573.96 99 
111623.5  32573.88 99 
111624.0  32573.99 99 
111624.5  32573.98 99 
111625.0  32574.13 99 
111625.5  32573.80 99 
111626.0  32573.29 99 
111626.5  32573.72 99 
111627.0  32574.08 99 
111627.5  32574.02 99 
111628.0  32573.84 99 
111628.5  32574.06 99 
111629.0  32573.54 99 
111629.5  32573.74 99 
111630.0  32574.44 99 
111630.5  32574.17 99 
111631.0  32573.45 99 
111631.5  32573.77 99 
111632.0  32573.99 99 
111632.5  32574.30 99 
111633.0  32574.03 99 
111633.5  32573.75 99 
111634.0  32574.11 99 
111634.5  32574.14 99 
111635.0  32573.61 99 
111635.5  32574.06 99 
111636.0  32573.70 99 
111636.5  32574.48 99 
111637.0  32573.96 99 
111637.5  32574.19 99 
111638.0  32574.44 99 
111638.5  32573.98 99 
111639.0  32574.13 99 
111639.5  32573.89 99 
111640.0  32574.31 99 
111640.5  32574.11 99 
111641.0  32573.86 99 
111641.5  32574.53 99 
111642.0  32573.59 99 
111642.5  32574.00 99 
111643.0  32573.91 99 
111643.5  32573.87 99 
111644.0  32573.74 99 
111644.5  32573.89 99 
111645.0  32574.32 99 
111645.5  32574.19 99 
111646.0  32573.62 99 
111646.5  32573.73 99 
111647.0  32574.24 99 
111647.5  32574.09 99 
111648.0  32573.91 99 
111648.5  32573.84 99 
111649.0  32574.20 99 
111649.5  32573.74 99 
111650.0  32574.65 99 
111650.5  32574.05 99 
111651.0  32573.31 99 
111651.5  32573.94 99 
111652.0  32574.08 99 
111652.5  32573.33 99 
111653.0  32573.92 99 
111653.5  32573.76 99 
111654.0  32574.35 99 
111654.5  32573.95 99 
111655.0  32574.20 99 
111655.5  32573.91 99 
111656.0  32573.73 99 
111656.5  32573.88 99 
111657.0  32573.96 99 
111657.5  32573.87 99 
111658.0  32574.28 99 
111658.5  32574.46 99 
111659.0  32574.00 99 
111659.5  32574.17 99 
111700.0  32574.25 99 
111700.5  32574.17 99 
111701.0  32574.54 99 
111701.5  32574.38 99 
111702.0  32574.41 99 
111702.5  32573.58 99 
111703.0  32573.68 99 
111703.5  32573.99 99 
111704.0  32574.09 99 
111704.5  32574.18 99 
111705.0  32574.06 99 
111705.5  32574.18 99 
111706.0  32574.29 99 
111706.5  32574.16 99 
111707.0  32574.50 99 
111707.5  32573.91 99 
111708.0  32574.11 99 
111708.5  32574.47 99 
111709.0  32574.53 99 
111709.5  32574.81 99 
111710.0  32574.07 99 
111710.5  32574.53 99 
111711.0  32574.32 99 
111711.5  32573.92 99 
111712.0  32574.50 99 
111712.5  32574.60 99 
111713.0  32574.15 99 
111713.5  32574.46 99 
111714.0  32574.10 99 
111714.5  32573.90 99 
111715.0  32574.31 99 
111715.5  32574.41 99 
111716.0  32574.13 99 
111716.5  32573.83 99 
111717.0  32574.67 99 
111717.5  32574.32 99 
111718.0  32573.62 99 
111718.5  32574.79 99 
111719.0  32573.98 99 
111719.5  32574.51 99 
111720.0  32574.39 99 
111720.5  32574.28 99 
111721.0  32574.28 99 
111721.5  32574.60 99 
111722.0  32574.28 99 
111722.5  32574.69 99 
111723.0  32574.10 99 
111723.5  32574.60 99 
111724.0  32574.30 99 
111724.5  32574.11 99 
111725.0  32574.16 99 
111725.5  32574.22 99 
111726.0  32574.40 99 
111726.5  32574.21 99 
111727.0  32574.49 99 
111727.5  32574.44 99 
111728.0  32574.47 99 
111728.5  32574.62 99 
111729.0  32574.38 99 
111729.5  32574.61 99 
111730.0  32574.78 99 
111730.5  32574.65 99 
111731.0  32574.03 99 
111731.5  32574.31 99 
111732.0  32574.40 99 
111732.5  32574.54 99 
111733.0  32574.12 99 
111733.5  32574.24 99 
111734.0  32574.31 99 
111734.5  32575.13 99 
111735.0  32574.52 99 
111735.5  32574.51 99 
111736.0  32574.80 99 
111736.5  32574.51 99 
111737.0  32574.61 99 
111737.5  32574.95 99 
111738.0  32574.43 99 
111738.5  32574.30 99 
111739.0  32573.93 99 
111739.5  32574.84 99 
111740.0  32574.72 99 
111740.5  32574.66 99 
111741.0  32574.70 99 
111741.5  32574.72 99 
111742.0  32574.48 99 
111742.5  32575.24 99 
111743.0  32575.05 99 
111743.5  32574.24 99 
111744.0  32575.08 99 
111744.5  32574.35 99 
111745.0  32574.78 99 
111745.5  32574.32 99 
111746.0  32574.55 99 
111746.5  32574.28 99 
111747.0  32575.23 99 
111747.5  32574.58 99 
111748.0  32574.69 99 
111748.5  32575.29 99 
111749.0  32574.74 99 
111749.5  32574.91 99 
111750.0  32575.08 99 
111750.5  32574.67 99 
111751.0  32574.84 99 
111751.5  32574.92 99 
111752.0  32574.38 99 
111752.5  32574.84 99 
111753.0  32574.95 99 
111753.5  32574.35 99 
111754.0  32574.77 99 
111754.5  32574.78 99 
111755.0  32574.89 99 
111755.5  32574.97 99 
111756.0  32574.41 99 
111756.5  32574.84 99 
111757.0  32574.75 99 
111757.5  32574.98 99 
111758.0  32575.25 99 
111758.5  32574.81 99 
111759.0  32574.45 99 
111759.5  32575.33 99 
111800.0  32575.02 99 
111800.5  32575.02 99 
111801.0  32574.55 99 
111801.5  32575.07 99 
111802.0  32574.92 99 
111802.5  32575.10 99 
111803.0  32575.34 99 
111803.5  32575.30 99 
111804.0  32574.77 99 
111804.5  32574.73 99 
111805.0  32575.10 99 
111805.5  32574.95 99 
111806.0  32575.10 99 
111806.5  32575.25 99 
111807.0  32574.98 99 
111807.5  32575.18 99 
111808.0  32575.20 99 
111808.5  32574.85 99 
111809.0  32574.90 99 
111809.5  32575.32 99 
111810.0  32574.64 99 
111810.5  32575.07 99 
111811.0  32574.55 99 
111811.5  32574.67 99 
111812.0  32574.71 99 
111812.5  32574.83 99 
111813.0  32575.34 99 
111813.5  32575.02 99 
111814.0  32575.34 99 
111814.5  32574.82 99 
111815.0  32574.80 99 
111815.5  32575.06 99 
111816.0  32575.26 99 
111816.5  32575.33 99 
111817.0  32575.10 99 
111817.5  32574.94 99 
111818.0  32575.19 99 
111818.5  32575.31 99 
111819.0  32574.60 99 
111819.5  32575.38 99 
111820.0  32575.38 99 
111820.5  32575.15 99 
111821.0  32575.44 99 
111821.5  32575.01 99 
111822.0  32574.63 99 
111822.5  32575.19 99 
111823.0  32575.60 99 
111823.5  32575.34 99 
111824.0  32575.13 99 
111824.5  32575.19 99 
111825.0  32575.38 99 
111825.5  32575.30 99 
111826.0  32575.45 99 
111826.5  32575.47 99 
111827.0  32575.71 99 
111827.5  32575.58 99 
111828.0  32575.34 99 
111828.5  32575.43 99 
111829.0  32575.12 99 
111829.5  32574.76 99 
111830.0  32575.39 99 
111830.5  32575.73 99 
111831.0  32575.64 99 
111831.5  32574.74 99 
111832.0  32575.03 99 
111832.5  32575.26 99 
111833.0  32575.11 99 
111833.5  32575.09 99 
111834.0  32575.46 99 
111834.5  32575.23 99 
111835.0  32575.30 99 
111835.5  32575.49 99 
111836.0  32575.74 99 
111836.5  32575.51 99 
111837.0  32575.42 99 
111837.5  32575.41 99 
111838.0  32574.98 99 
111838.5  32575.61 99 
111839.0  32575.15 99 
111839.5  32575.19 99 
111840.0  32575.30 99 
111840.5  32575.71 99 
111841.0  32574.94 99 
111841.5  32574.96 99 
111842.0  32575.56 99 
111842.5  32575.71 99 
111843.0  32575.31 99 
111843.5  32575.42 99 
111844.0  32575.67 99 
111844.5  32575.74 99 
111845.0  32575.32 99 
111845.5  32574.85 99 
111846.0  32575.30 99 
111846.5  32575.39 99 
111847.0  32575.61 99 
111847.5  32575.64 99 
111848.0  32575.28 99 
111848.5  32575.01 99 
111849.0  32575.47 99 
111849.5  32575.68 99 
111850.0  32575.14 99 
111850.5  32575.40 99 
111851.0  32575.52 99 
111851.5  32575.61 99 
111852.0  32575.90 99 
111852.5  32575.44 99 
111853.0  32575.69 99 
111853.5  32575.39 99 
111854.0  32575.48 99 
111854.5  32575.61 99 
111855.0  32575.53 99 
111855.5  32575.42 99 
111856.0  32575.77 99 
111856.5  32575.75 99 
111857.0  32575.67 99 
111857.5  32575.59 99 
111858.0  32575.59 99 
111858.5  32575.51 99 
111859.0  32575.24 99 
111859.5  32575.57 99 
111900.0  32575.37 99 
111900.5  32575.35 99 
111901.0  32575.30 99 
111901.5  32575.86 99 
111902.0  32575.89 99 
111902.5  32575.73 99 
111903.0  32575.76 99 
111903.5  32576.47 99 
111904.0  32575.62 99 
111904.5  32576.05 99 
111905.0  32575.96 99 
111905.5  32575.39 99 
111906.0  32575.56 99 
111906.5  32576.16 99 
111907.0  32575.77 99 
111907.5  32576.14 99 
111908.0  32575.96 99 
111908.5  32575.82 99 
111909.0  32575.79 99 
111909.5  32576.08 99 
111910.0  32575.84 99 
111910.5  32576.14 99 
111911.0  32575.76 99 
111911.5  32575.96 99 
111912.0  32575.73 99 
111912.5  32576.16 99 
111913.0  32575.86 99 
111913.5  32575.72 99 
111914.0  32576.02 99 
111914.5  32576.14 99 
111915.0  32575.90 99 
111915.5  32576.60 99 
111916.0  32576.37 99 
111916.5  32576.40 99 
111917.0  32576.40 99 
111917.5  32576.07 99 
111918.0  32575.54 99 
111918.5  32576.24 99 
111919.0  32575.67 99 
111919.5  32577.02 99 
111920.0  32576.04 99 
111920.5  32575.79 99 
111921.0  32575.66 99 
111921.5  32576.19 99 
111922.0  32576.62 99 
111922.5  32575.99 99 
111923.0  32576.15 99 
111923.5  32576.02 99 
111924.0  32576.16 99 
111924.5  32575.85 99 
111925.0  32576.36 99 
111925.5  32576.39 99 
111926.0  32575.76 99 
111926.5  32576.40 99 
111927.0  32576.13 99 
111927.5  32575.65 99 
111928.0  32576.01 99 
111928.5  32575.86 99 
111929.0  32575.89 99 
111929.5  32576.26 99 
111930.0  32576.06 99 
111930.5  32576.32 99 
111931.0  32576.61 99 
111931.5  32576.08 99 
111932.0  32576.20 99 
111932.5  32576.24 99 
111933.0  32576.67 99 
111933.5  32576.39 99 
111934.0  32576.37 99 
111934.5  32576.92 99 
111935.0  32576.65 99 
111935.5  32576.22 99 
111936.0  32575.97 99 
111936.5  32576.26 99 
111937.0  32576.17 99 
111937.5  32576.42 99 
111938.0  32576.89 99 
111938.5  32575.96 99 
111939.0  32576.27 99 
111939.5  32575.99 99 
111940.0  32576.14 99 
111940.5  32576.38 99 
111941.0  32575.93 99 
111941.5  32576.11 99 
111942.0  32576.28 99 
111942.5  32576.27 99 
111943.0  32576.50 99 
111943.5  32576.37 99 
111944.0  32576.37 99 
111944.5  32576.05 99 
111945.0  32576.66 99 
111945.5  32576.20 99 
111946.0  32576.15 99 
111946.5  32576.91 99 
111947.0  32576.55 99 
111947.5  32576.15 99 
111948.0  32576.25 99 
111948.5  32576.47 99 
111949.0  32576.25 99 
111949.5  32576.94 99 
111950.0  32576.50 99 
111950.5  32576.13 99 
111951.0  32576.38 99 
111951.5  32576.54 99 
111952.0  32576.41 99 
111952.5  32576.41 99 
111953.0  32576.62 99 
111953.5  32576.14 99 
111954.0  32576.41 99 
111954.5  32576.68 99 
111955.0  32577.19 99 
111955.5  32576.35 99 
111956.0  32577.14 99 
111956.5  32576.06 99 
111957.0  32576.80 99 
111957.5  32576.01 99 
111958.0  32576.14 99 
111958.5  32576.38 99 
111959.0  32576.79 99 
111959.5  32576.74 99 
112000.0  32576.46 99 
112000.5  32576.51 99 
112001.0  32576.49 99 
112001.5  32576.66 99 
112002.0  32576.60 99 
112002.5  32576.71 99 
112003.0  32576.16 99 
112003.5  32576.96 99 
112004.0  32576.88 99 
112004.5  32576.65 99 
112005.0  32577.00 99 
112005.5  32576.15 99 
112006.0  32576.88 99 
112006.5  32576.89 99 
112007.0  32577.15 99 
112007.5  32576.77 99 
112008.0  32576.72 99 
112008.5  32576.85 99 
112009.0  32576.42 99 
112009.5  32576.69 99 
112010.0  32576.68 99 
112010.5  32576.58 99 
112011.0  32576.39 99 
112011.5  32576.45 99 
112012.0  32577.06 99 
112012.5  32577.10 99 
112013.0  32577.06 99 
112013.5  32577.03 99 
112014.0  32576.06 99 
112014.5  32576.97 99 
112015.0  32576.48 99 
112015.5  32576.85 99 
112016.0  32576.85 99 
112016.5  32576.86 99 
112017.0  32576.96 99 
112017.5  32576.55 99 
112018.0  32576.76 99 
112018.5  32576.94 99 
112019.0  32576.83 99 
112019.5  32577.14 99 
112020.0  32577.12 99 
112020.5  32576.70 98 
112021.0  32576.78 99 
112021.5  32577.05 99 
112022.0  32577.10 99 
112022.5  32577.03 99 
112023.0  32576.86 99 
112023.5  32577.33 99 
112024.0  32577.18 99 
112024.5  32577.22 99 
112025.0  32577.44 99 
112025.5  32577.01 99 
112026.0  32576.87 99 
112026.5  32576.92 99 
112027.0  32576.06 99 
112027.5  32577.02 99 
112028.0  32576.88 99 
112028.5  32577.13 99 
112029.0  32576.99 99 
112029.5  32576.84 99 
112030.0  32576.59 99 
112030.5  32576.87 99 
112031.0  32576.67 99 
112031.5  32576.95 99 
112032.0  32577.06 99 
112032.5  32576.67 99 
112033.0  32577.07 99 
112033.5  32576.98 99 
112034.0  32577.37 99 
112034.5  32576.96 99 
112035.0  32577.43 99 
112035.5  32577.21 99 
112036.0  32577.59 99 
112036.5  32577.20 99 
112037.0  32577.55 99 
112037.5  32577.24 99 
112038.0  32577.16 99 
112038.5  32576.78 99 
112039.0  32577.10 99 
112039.5  32576.90 99 
112040.0  32577.44 99 
112040.5  32577.09 99 
112041.0  32577.25 99 
112041.5  32577.16 99 
112042.0  32576.42 99 
112042.5  32577.61 99 
112043.0  32576.76 99 
112043.5  32577.39 99 
112044.0  32577.09 99 
112044.5  32577.35 99 
112045.0  32577.15 99 
112045.5  32577.24 99 
112046.0  32577.24 99 
112046.5  32577.19 99 
112047.0  32577.08 99 
112047.5  32577.74 99 
112048.0  32577.05 99 
112048.5  32577.67 99 
112049.0  32577.73 99 
112049.5  32577.28 99 
112050.0  32577.12 99 
112050.5  32577.07 99 
112051.0  32577.60 99 
112051.5  32577.34 99 
112052.0  32577.49 99 
112052.5  32577.55 99 
112053.0  32576.87 99 
112053.5  32577.31 99 
112054.0  32577.17 99 
112054.5  32577.47 99 
112055.0  32576.69 99 
112055.5  32578.17 99 
112056.0  32577.29 99 
112056.5  32577.34 99 
112057.0  32576.96 99 
112057.5  32577.70 99 
112058.0  32577.47 99 
112058.5  32577.79 99 
112059.0  32577.20 99 
112059.5  32577.31 99 
112100.0  32577.18 99 
112100.5  32577.79 99 
112101.0  32577.69 99 
112101.5  32577.11 99 
112102.0  32577.79 99 
112102.5  32577.14 99 
112103.0  32577.22 99 
112103.5  32577.05 99 
112104.0  32577.88 99 
112104.5  32577.32 99 
112105.0  32577.60 99 
112105.5  32577.14 99 
112106.0  32577.83 99 
112106.5  32577.52 99 
112107.0  32577.54 99 
112107.5  32577.50 99 
112108.0  32577.63 99 
112108.5  32577.67 99 
112109.0  32577.67 99 
112109.5  32577.22 99 
112110.0  32577.78 99 
112110.5  32577.89 99 
112111.0  32577.78 99 
112111.5  32577.67 99 
112112.0  32577.63 99 
112112.5  32577.62 99 
112113.0  32577.43 99 
112113.5  32577.59 99 
112114.0  32577.22 99 
112114.5  32577.53 99 
112115.0  32577.83 99 
112115.5  32577.71 99 
112116.0  32578.09 99 
112116.5  32577.63 99 
112117.0  32577.59 99 
112117.5  32577.06 99 
112118.0  32577.70 99 
112118.5  32578.20 99 
112119.0  32578.13 99 
112119.5  32577.80 99 
112120.0  32578.06 99 
112120.5  32577.37 99 
112121.0  32577.96 99 
112121.5  32578.22 99 
112122.0  32577.92 99 
112122.5  32577.53 99 
112123.0  32577.74 99 
112123.5  32577.16 99 
112124.0  32577.98 99 
112124.5  32577.50 99 
112125.0  32577.66 99 
112125.5  32577.46 99 
112126.0  32577.49 99 
112126.5  32577.78 99 
112127.0  32577.58 99 
112127.5  32578.32 99 
112128.0  32577.66 99 
112128.5  32577.79 99 
112129.0  32577.41 99 
112129.5  32577.97 99 
112130.0  32577.75 99 
112130.5  32577.79 99 
112131.0  32578.21 99 
112131.5  32578.39 99 
112132.0  32578.43 99 
112132.5  32577.89 99 
112133.0  32577.84 99 
112133.5  32577.64 99 
112134.0  32577.69 99 
112134.5  32578.22 99 
112135.0  32577.76 99 
112135.5  32577.80 99 
112136.0  32577.86 99 
112136.5  32578.19 99 
112137.0  32577.97 99 
112137.5  32577.99 99 
112138.0  32577.98 99 
112138.5  32577.46 99 
112139.0  32578.19 99 
112139.5  32578.19 99 
112140.0  32577.68 99 
112140.5  32577.98 99 
112141.0  32577.13 99 
112141.5  32578.04 99 
112142.0  32578.14 99 
112142.5  32578.60 99 
112143.0  32577.89 99 
112143.5  32578.04 99 
112144.0  32578.10 99 
112144.5  32577.67 99 
112145.0  32577.78 99 
112145.5  32578.42 99 
112146.0  32577.93 99 
112146.5  32577.90 99 
112147.0  32578.10 99 
112147.5  32577.62 99 
112148.0  32577.73 99 
112148.5  32577.86 99 
112149.0  32577.99 99 
112149.5  32578.70 99 
112150.0  32577.85 99 
112150.5  32577.97 99 
112151.0  32578.19 99 
112151.5  32578.23 99 
112152.0  32578.47 99 
112152.5  32578.31 99 
112153.0  32578.10 99 
112153.5  32577.94 99 
112154.0  32577.89 99 
112154.5  32578.24 99 
112155.0  32577.84 99 
112155.5  32578.12 99 
112156.0  32578.47 99 
112156.5  32578.66 99 
112157.0  32578.23 99 
112157.5  32578.99 99 
112158.0  32578.32 99 
112158.5  32578.45 99 
112159.0  32578.58 99 
112159.5  32578.22 99 
112200.0  32578.73 99 
112200.5  32578.75 99 
112201.0  32578.33 99 
112201.5  32578.44 99 
112202.0  32578.80 99 
112202.5  32578.23 99 
112203.0  32578.46 99 
112203.5  32578.61 99 
112204.0  32578.74 99 
112204.5  32578.65 99 
112205.0  32578.44 99 
112205.5  32578.67 99 
112206.0  32578.44 99 
112206.5  32578.36 99 
112207.0  32578.53 99 
112207.5  32578.53 99 
112208.0  32578.60 99 
112208.5  32578.51 99 
112209.0  32578.42 99 
112209.5  32578.24 99 
112210.0  32578.26 99 
112210.5  32578.04 99 
112211.0  32578.55 99 
112211.5  32578.15 99 
112212.0  32578.43 99 
112212.5  32578.29 99 
112213.0  32578.73 99 
112213.5  32578.72 99 
112214.0  32578.88 99 
112214.5  32578.58 99 
112215.0  32578.72 99 
112215.5  32578.51 99 
112216.0  32578.90 99 
112216.5  32578.28 99 
112217.0  32578.70 99 
112217.5  32578.43 99 
112218.0  32578.59 99 
112218.5  32578.40 99 
112219.0  32578.45 99 
112219.5  32578.68 99 
112220.0  32578.68 99 
112220.5  32578.75 99 
112221.0  32578.35 99 
112221.5  32578.85 99 
112222.0  32578.49 99 
112222.5  32578.38 99 
112223.0  32578.78 99 
112223.5  32578.48 99 
112224.0  32579.21 99 
112224.5  32578.60 99 
112225.0  32578.53 99 
112225.5  32578.49 99 
112226.0  32578.60 99 
112226.5  32578.39 99 
112227.0  32578.24 99 
112227.5  32578.75 99 
112228.0  32578.95 99 
112228.5  32578.72 99 
112229.0  32578.31 99 
112229.5  32578.29 99 
112230.0  32578.56 99 
112230.5  32578.78 99 
112231.0  32578.49 99 
112231.5  32578.91 99 
112232.0  32578.71 99 
112232.5  32578.44 99 
112233.0  32578.36 99 
112233.5  32578.26 99 
112234.0  32578.43 99 
112234.5  32578.91 99 
112235.0  32578.59 99 
112235.5  32578.04 99 
112236.0  32578.72 99 
112236.5  32578.80 99 
112237.0  32578.27 99 
112237.5  32578.91 99 
112238.0  32578.22 99 
112238.5  32578.29 99 
112239.0  32577.96 99 
112239.5  32578.74 99 
112240.0  32578.55 99 
112240.5  32578.64 99 
112241.0  32578.57 99 
112241.5  32578.48 99 
112242.0  32578.36 99 
112242.5  32579.06 99 
112243.0  32578.27 99 
112243.5  32578.39 99 
112244.0  32578.45 99 
112244.5  32578.03 99 
112245.0  32578.56 99 
112245.5  32578.94 99 
112246.0  32578.72 99 
112246.5  32578.35 99 
112247.0  32578.36 99 
112247.5  32578.82 99 
112248.0  32578.33 99 
112248.5  32578.32 99 
112249.0  32578.39 99 
112249.5  32578.51 99 
112250.0  32578.92 99 
112250.5  32578.71 99 
112251.0  32578.27 99 
112251.5  32578.26 99 
112252.0  32578.50 99 
112252.5  32578.02 99 
112253.0  32578.55 99 
112253.5  32578.21 99 
112254.0  32578.39 99 
112254.5  32577.99 99 
112255.0  32578.50 99 
112255.5  32578.41 99 
112256.0  32578.41 99 
112256.5  32578.44 99 
112257.0  32578.49 99 
112257.5  32578.64 99 
112258.0  32578.07 99 
112258.5  32578.40 99 
112259.0  32578.69 99 
112259.5  32579.05 99 
112300.0  32578.31 99 
112300.5  32578.82 99 
112301.0  32578.06 99 
112301.5  32578.77 99 
112302.0  32577.92 99 
112302.5  32579.15 99 
112303.0  32578.73 99 
112303.5  32578.35 99 
112304.0  32578.30 99 
112304.5  32578.77 99 
112305.0  32578.34 99 
112305.5  32578.51 99 
112306.0  32578.19 99 
112306.5  32578.47 99 
112307.0  32578.18 99 
112307.5  32578.69 99 
112308.0  32578.14 99 
112308.5  32578.42 99 
112309.0  32578.82 99 
112309.5  32578.71 99 
112310.0  32578.55 99 
112310.5  32578.82 99 
112311.0  32578.57 99 
112311.5  32578.85 99 
112312.0  32578.17 99 
112312.5  32578.82 99 
112313.0  32579.05 99 
112313.5  32579.48 99 
112314.0  32578.58 99 
112314.5  32578.45 99 
112315.0  32578.87 99 
112315.5  32578.89 99 
112316.0  32578.43 99 
112316.5  32578.52 99 
112317.0  32579.07 99 
112317.5  32579.19 99 
112318.0  32579.09 99 
112318.5  32578.76 99 
112319.0  32578.45 99 
112319.5  32578.70 99 
112320.0  32578.89 99 
112320.5  32578.69 99 
112321.0  32578.89 99 
112321.5  32578.64 99 
112322.0  32578.36 99 
112322.5  32578.83 99 
112323.0  32578.58 99 
112323.5  32579.31 99 
112324.0  32578.53 99 
112324.5  32578.22 99 
112325.0  32578.71 99 
112325.5  32578.79 99 
112326.0  32578.95 99 
112326.5  32578.65 99 
112327.0  32578.65 99 
112327.5  32578.72 99 
112328.0  32578.92 99 
112328.5  32578.91 99 
112329.0  32578.78 99 
112329.5  32578.96 99 
112330.0  32578.62 99 
112330.5  32578.87 99 
112331.0  32579.00 99 
112331.5  32579.26 99 
112332.0  32579.06 99 
112332.5  32578.66 99 
112333.0  32578.63 99 
112333.5  32578.90 99 
112334.0  32578.69 99 
112334.5  32579.25 99 
112335.0  32579.07 99 
112335.5  32578.68 99 
112336.0  32578.83 99 
112336.5  32578.98 99 
112337.0  32578.51 99 
112337.5  32578.64 99 
112338.0  32579.01 99 
112338.5  32578.52 99 
112339.0  32578.67 99 
112339.5  32579.00 99 
112340.0  32579.05 99 
112340.5  32579.23 99 
112341.0  32578.55 99 
112341.5  32578.56 99 
112342.0  32579.11 99 
112342.5  32578.42 99 
112343.0  32578.46 99 
112343.5  32578.72 99 
112344.0  32579.10 99 
112344.5  32578.58 99 
112345.0  32578.94 99 
112345.5  32578.86 99 
112346.0  32579.16 99 
112346.5  32579.36 99 
112347.0  32578.57 99 
112347.5  32578.53 99 
112348.0  32578.46 99 
112348.5  32578.71 99 
112349.0  32578.67 99 
112349.5  32578.60 99 
112350.0  32579.03 99 
112350.5  32578.97 99 
112351.0  32578.14 99 
112351.5  32578.61 99 
112352.0  32578.81 99 
112352.5  32579.18 99 
112353.0  32579.06 99 
112353.5  32578.92 99 
112354.0  32578.53 99 
112354.5  32578.63 99 
112355.0  32578.45 99 
112355.5  32579.14 99 
112356.0  32578.81 99 
112356.5  32578.49 99 
112357.0  32578.70 99 
112357.5  32579.05 99 
112358.0  32578.29 99 
112358.5  32579.01 99 
112359.0  32578.86 99 
112359.5  32578.74 99 
112400.0  32578.57 99 
112400.5  32578.53 99 
112401.0  32578.88 99 
112401.5  32578.92 99 
112402.0  32578.84 99 
112402.5  32578.79 99 
112403.0  32579.05 99 
112403.5  32578.45 99 
112404.0  32578.56 99 
112404.5  32578.48 99 
112405.0  32578.31 99 
112405.5  32578.63 99 
112406.0  32578.43 99 
112406.5  32578.58 99 
112407.0  32579.04 99 
112407.5  32578.97 99 
112408.0  32578.45 99 
112408.5  32578.81 99 
112409.0  32579.11 99 
112409.5  32578.22 99 
112410.0  32578.96 99 
112410.5  32578.46 99 
112411.0  32578.93 99 
112411.5  32578.35 99 
112412.0  32578.18 99 
112412.5  32578.23 99 
112413.0  32578.49 99 
112413.5  32578.72 99 
112414.0  32578.31 99 
112414.5  32578.63 99 
112415.0  32578.36 99 
112415.5  32579.33 99 
112416.0  32578.56 99 
112416.5  32578.70 99 
112417.0  32578.19 99 
112417.5  32579.19 99 
112418.0  32578.70 99 
112418.5  32578.36 99 
112419.0  32579.02 99 
112419.5  32579.22 99 
112420.0  32578.60 99 
112420.5  32578.88 99 
112421.0  32578.58 99 
112421.5  32578.51 99 
112422.0  32578.61 99 
112422.5  32579.01 99 
112423.0  32578.23 99 
112423.5  32578.71 99 
112424.0  32578.76 99 
112424.5  32578.77 99 
112425.0  32578.70 99 
112425.5  32578.29 99 
112426.0  32578.67 99 
112426.5  32578.75 99 
112427.0  32578.54 99 
112427.5  32578.51 99 
112428.0  32578.55 99 
112428.5  32578.80 99 
112429.0  32578.52 99 
112429.5  32578.32 99 
112430.0  32578.85 99 
112430.5  32578.75 99 
112431.0  32578.28 99 
112431.5  32578.57 99 
112432.0  32578.81 99 
112432.5  32578.79 99 
112433.0  32578.79 99 
112433.5  32578.31 99 
112434.0  32578.94 99 
112434.5  32578.49 99 
112435.0  32578.58 99 
112435.5  32578.88 99 
112436.0  32578.48 99 
112436.5  32578.78 99 
112437.0  32578.61 99 
112437.5  32579.37 99 
112438.0  32579.16 99 
112438.5  32579.14 99 
112439.0  32578.51 99 
112439.5  32578.53 99 
112440.0  32578.76 99 
112440.5  32579.04 99 
112441.0  32578.31 99 
112441.5  32578.89 99 
112442.0  32577.83 99 
112442.5  32578.67 99 
112443.0  32578.47 99 
112443.5  32578.92 99 
112444.0  32578.91 99 
112444.5  32578.49 99 
112445.0  32578.81 99 
112445.5  32578.44 99 
112446.0  32578.50 99 
112446.5  32578.50 99 
112447.0  32578.66 99 
112447.5  32578.89 99 
112448.0  32578.85 99 
112448.5  32578.61 99 
112449.0  32578.94 99 
112449.5  32579.14 99 
112450.0  32578.83 99 
112450.5  32578.98 99 
112451.0  32578.16 99 
112451.5  32578.72 99 
112452.0  32578.72 99 
112452.5  32578.96 99 
112453.0  32579.07 99 
112453.5  32578.89 99 
112454.0  32579.04 99 
112454.5  32578.38 99 
112455.0  32578.89 99 
112455.5  32578.67 99 
112456.0  32578.47 99 
112456.5  32578.95 99 
112457.0  32579.12 99 
112457.5  32578.35 99 
112458.0  32578.66 99 
112458.5  32578.91 99 
112459.0  32578.61 99 
112459.5  32578.73 99 
112500.0  32578.70 99 
112500.5  32578.56 99 
112501.0  32578.49 99 
112501.5  32578.80 99 
112502.0  32579.15 99 
112502.5  32578.77 99 
112503.0  32579.03 99 
112503.5  32578.81 99 
112504.0  32579.08 99 
112504.5  32578.86 99 
112505.0  32578.42 99 
112505.5  32579.02 99 
112506.0  32578.89 99 
112506.5  32578.88 99 
112507.0  32578.52 99 
112507.5  32578.84 99 
112508.0  32579.24 99 
112508.5  32579.35 99 
112509.0  32579.42 99 
112509.5  32578.86 99 
112510.0  32578.87 99 
112510.5  32578.81 99 
112511.0  32579.25 99 
112511.5  32578.73 99 
112512.0  32578.59 99 
112512.5  32578.65 99 
112513.0  32578.94 99 
112513.5  32579.34 99 
112514.0  32578.55 99 
112514.5  32578.83 99 
112515.0  32578.98 99 
112515.5  32578.61 99 
112516.0  32579.57 99 
112516.5  32578.58 99 
112517.0  32579.05 99 
112517.5  32579.12 99 
112518.0  32579.05 99 
112518.5  32578.78 99 
112519.0  32578.85 99 
112519.5  32579.24 99 
112520.0  32579.22 99 
112520.5  32579.24 99 
112521.0  32579.06 99 
112521.5  32578.95 99 
112522.0  32579.20 99 
112522.5  32579.17 99 
112523.0  32578.81 99 
112523.5  32579.29 99 
112524.0  32579.39 99 
112524.5  32579.58 99 
112525.0  32578.49 99 
112525.5  32578.67 99 
112526.0  32579.08 99 
112526.5  32579.34 99 
112527.0  32579.19 99 
112527.5  32578.47 99 
112528.0  32578.75 99 
112528.5  32578.70 99 
112529.0  32578.90 99 
112529.5  32578.81 99 
112530.0  32578.65 99 
112530.5  32578.99 99 
112531.0  32578.98 99 
112531.5  32578.97 99 
112532.0  32578.50 99 
112532.5  32578.53 99 
112533.0  32578.98 99 
112533.5  32578.99 99 
112534.0  32578.43 99 
112534.5  32578.88 99 
112535.0  32578.88 99 
112535.5  32578.41 99 
112536.0  32578.43 99 
112536.5  32578.62 99 
112537.0  32578.42 99 
112537.5  32579.01 99 
112538.0  32578.78 99 
112538.5  32578.68 99 
112539.0  32578.64 99 
112539.5  32578.94 99 
112540.0  32579.00 99 
112540.5  32578.06 99 
112541.0  32578.60 99 
112541.5  32578.90 99 
112542.0  32578.25 99 
112542.5  32578.65 99 
112543.0  32578.73 99 
112543.5  32579.03 99 
112544.0  32578.78 99 
112544.5  32578.96 99 
112545.0  32578.78 99 
112545.5  32578.83 99 
112546.0  32578.58 99 
112546.5  32578.23 99 
112547.0  32578.82 99 
112547.5  32578.72 99 
112548.0  32579.05 99 
112548.5  32578.67 99 
112549.0  32578.56 99 
112549.5  32578.97 99 
112550.0  32578.95 99 
112550.5  32579.01 99 
112551.0  32578.66 99 
112551.5  32578.57 99 
112552.0  32578.21 99 
112552.5  32578.78 99 
112553.0  32578.50 99 
112553.5  32578.75 99 
112554.0  32578.63 99 
112554.5  32578.42 99 
112555.0  32578.60 99 
112555.5  32578.36 99 
112556.0  32578.76 99 
112556.5  32578.76 99 
112557.0  32578.31 99 
112557.5  32578.14 99 
112558.0  32578.64 99 
112558.5  32578.41 99 
112559.0  32578.17 99 
112559.5  32578.52 99 
112600.0  32578.93 99 
112600.5  32578.53 99 
112601.0  32578.20 99 
112601.5  32577.98 99 
112602.0  32578.60 99 
112602.5  32578.44 99 
112603.0  32578.71 99 
112603.5  32578.37 99 
112604.0  32578.52 99 
112604.5  32578.52 99 
112605.0  32578.17 99 
112605.5  32578.31 99 
112606.0  32578.88 99 
112606.5  32578.90 99 
112607.0  32577.93 99 
112607.5  32577.90 99 
112608.0  32578.68 99 
112608.5  32578.81 99 
112609.0  32578.61 99 
112609.5  32578.29 99 
112610.0  32578.36 99 
112610.5  32578.11 99 
112611.0  32578.52 99 
112611.5  32578.58 99 
112612.0  32578.36 99 
112612.5  32578.14 99 
112613.0  32578.27 99 
112613.5  32578.68 99 
112614.0  32578.75 99 
112614.5  32578.29 99 
112615.0  32578.10 99 
112615.5  32578.42 99 
112616.0  32578.25 99 
112616.5  32578.01 99 
112617.0  32578.28 99 
112617.5  32578.67 99 
112618.0  32578.86 99 
112618.5  32578.56 99 
112619.0  32578.23 99 
112619.5  32578.39 99 
112620.0  32577.99 99 
112620.5  32578.11 99 
112621.0  32578.59 99 
112621.5  32578.33 99 
112622.0  32577.75 99 
112622.5  32578.09 99 
112623.0  32578.28 99 
112623.5  32578.62 99 
112624.0  32578.53 99 
112624.5  32577.73 99 
112625.0  32578.40 99 
112625.5  32578.43 99 
112626.0  32577.99 99 
112626.5  32578.49 99 
112627.0  32578.23 99 
112627.5  32578.24 99 
112628.0  32578.37 99 
112628.5  32578.49 99 
112629.0  32578.31 99 
112629.5  32578.71 99 
112630.0  32578.46 99 
112630.5  32578.65 99 
112631.0  32578.55 99 
112631.5  32578.53 99 
112632.0  32578.65 99 
112632.5  32578.29 99 
112633.0  32578.47 99 
112633.5  32578.43 99 
112634.0  32578.52 99 
112634.5  32578.73 99 
112635.0  32577.90 99 
112635.5  32578.59 99 
112636.0  32578.13 99 
112636.5  32578.37 99 
112637.0  32577.99 99 
112637.5  32578.15 99 
112638.0  32578.45 99 
112638.5  32578.55 99 
112639.0  32578.66 99 
112639.5  32578.32 99 
112640.0  32578.10 99 
112640.5  32578.42 99 
112641.0  32578.39 99 
112641.5  32577.81 99 
112642.0  32578.13 99 
112642.5  32578.02 99 
112643.0  32578.50 99 
112643.5  32578.37 99 
112644.0  32578.23 99 
112644.5  32577.86 99 
112645.0  32578.28 99 
112645.5  32578.50 99 
112646.0  32577.70 99 
112646.5  32578.35 99 
112647.0  32578.11 99 
112647.5  32578.40 99 
112648.0  32578.32 99 
112648.5  32578.32 99 
112649.0  32578.28 99 
112649.5  32577.85 99 
112650.0  32577.83 99 
112650.5  32578.36 99 
112651.0  32578.07 99 
112651.5  32578.38 99 
112652.0  32577.74 99 
112652.5  32577.74 99 
112653.0  32578.11 99 
112653.5  32578.31 99 
112654.0  32578.18 99 
112654.5  32577.96 99 
112655.0  32577.73 99 
112655.5  32578.32 99 
112656.0  32577.63 99 
112656.5  32577.80 99 
112657.0  32578.08 99 
112657.5  32578.08 99 
112658.0  32577.69 99 
112658.5  32577.81 99 
112659.0  32577.87 99 
112659.5  32577.92 99 
112700.0  32578.15 99 
112700.5  32578.04 99 
112701.0  32578.16 99 
112701.5  32577.70 98 
112702.0  32578.15 99 
112702.5  32577.65 99 
112703.0  32577.71 99 
112703.5  32577.61 99 
112704.0  32577.66 99 
112704.5  32578.32 99 
112705.0  32578.32 99 
112705.5  32578.50 99 
112706.0  32578.08 99 
112706.5  32577.87 99 
112707.0  32577.85 99 
112707.5  32577.66 99 
112708.0  32578.45 99 
112708.5  32578.05 99 
112709.0  32577.93 99 
112709.5  32578.10 99 
112710.0  32577.61 99 
112710.5  32578.59 99 
112711.0  32577.56 99 
112711.5  32578.14 99 
112712.0  32577.95 99 
112712.5  32577.38 99 
112713.0  32578.56 99 
112713.5  32577.71 99 
112714.0  32578.01 99 
112714.5  32577.51 99 
112715.0  32577.80 99 
112715.5  32577.74 99 
112716.0  32577.58 99 
112716.5  32577.90 99 
112717.0  32578.06 99 
112717.5  32577.91 99 
112718.0  32577.83 99 
112718.5  32578.03 99 
112719.0  32578.25 99 
112719.5  32577.72 99 
112720.0  32577.57 99 
112720.5  32578.17 99 
112721.0  32577.34 99 
112721.5  32577.75 99 
112722.0  32577.85 99 
112722.5  32577.58 99 
112723.0  32578.21 99 
112723.5  32577.87 99 
112724.0  32577.96 99 
112724.5  32577.77 99 
112725.0  32577.47 99 
112725.5  32578.23 99 
112726.0  32577.49 99 
112726.5  32578.10 99 
112727.0  32577.31 99 
112727.5  32577.95 99 
112728.0  32578.18 99 
112728.5  32577.65 99 
112729.0  32577.86 99 
112729.5  32578.13 99 
112730.0  32577.72 99 
112730.5  32577.59 99 
112731.0  32577.73 99 
112731.5  32577.44 99 
112732.0  32577.80 99 
112732.5  32577.45 99 
112733.0  32577.13 99 
112733.5  32577.65 99 
112734.0  32577.88 99 
112734.5  32577.62 99 
112735.0  32577.51 99 
112735.5  32577.51 99 
112736.0  32577.40 99 
112736.5  32577.68 99 
112737.0  32577.60 99 
112737.5  32577.76 99 
112738.0  32577.62 99 
112738.5  32577.27 99 
112739.0  32577.99 99 
112739.5  32577.28 99 
112740.0  32577.52 99 
112740.5  32576.99 99 
112741.0  32577.53 99 
112741.5  32577.13 99 
112742.0  32577.31 99 
112742.5  32577.09 99 
112743.0  32577.81 99 
112743.5  32577.73 99 
112744.0  32577.47 99 
112744.5  32577.00 99 
112745.0  32577.43 99 
112745.5  32577.40 99 
112746.0  32577.14 99 
112746.5  32577.52 99 
112747.0  32577.15 99 
112747.5  32577.58 99 
112748.0  32577.10 99 
112748.5  32577.35 99 
112749.0  32577.05 99 
112749.5  32577.09 99 
112750.0  32577.13 99 
112750.5  32577.56 99 
112751.0  32577.68 99 
112751.5  32577.09 99 
112752.0  32577.76 99 
112752.5  32577.49 99 
112753.0  32577.34 99 
112753.5  32577.16 99 
112754.0  32577.41 99 
112754.5  32577.91 99 
112755.0  32577.27 99 
112755.5  32577.00 99 
112756.0  32577.31 99 
112756.5  32577.00 99 
112757.0  32577.37 99 
112757.5  32577.28 99 
112758.0  32576.98 99 
112758.5  32577.26 99 
112759.0  32576.94 99 
112759.5  32577.42 99 
112800.0  32577.23 99 
112800.5  32577.11 99 
112801.0  32576.84 99 
112801.5  32577.01 99 
112802.0  32577.37 99 
112802.5  32577.03 99 
112803.0  32577.13 99 
112803.5  32577.62 99 
112804.0  32577.15 99 
112804.5  32576.91 99 
112805.0  32576.71 99 
112805.5  32576.98 99 
112806.0  32577.15 99 
112806.5  32577.13 99 
112807.0  32576.98 99 
112807.5  32577.13 99 
112808.0  32576.66 99 
112808.5  32577.21 99 
112809.0  32576.76 99 
112809.5  32577.13 99 
112810.0  32577.17 99 
112810.5  32577.16 99 
112811.0  32576.43 99 
112811.5  32577.41 99 
112812.0  32577.17 99 
112812.5  32577.19 99 
112813.0  32576.63 99 
112813.5  32577.23 99 
112814.0  32577.55 99 
112814.5  32576.59 99 
112815.0  32576.81 99 
112815.5  32577.18 99 
112816.0  32577.13 99 
112816.5  32576.90 99 
112817.0  32576.41 99 
112817.5  32577.36 99 
112818.0  32576.86 99 
112818.5  32577.35 99 
112819.0  32577.16 99 
112819.5  32576.91 99 
112820.0  32576.67 99 
112820.5  32576.75 99 
112821.0  32576.85 99 
112821.5  32576.36 99 
112822.0  32576.82 99 
112822.5  32576.84 99 
112823.0  32576.98 99 
112823.5  32576.54 99 
112824.0  32576.83 99 
112824.5  32577.83 99 
112825.0  32576.25 99 
112825.5  32576.71 99 
112826.0  32577.00 99 
112826.5  32577.18 99 
112827.0  32577.35 99 
112827.5  32576.78 99 
112828.0  32576.89 99 
112828.5  32576.50 99 
112829.0  32577.19 99 
112829.5  32577.14 99 
112830.0  32577.03 99 
112830.5  32576.76 99 
112831.0  32576.92 99 
112831.5  32576.80 99 
112832.0  32577.13 99 
112832.5  32576.97 99 
112833.0  32576.68 99 
112833.5  32576.57 99 
112834.0  32577.14 99 
112834.5  32577.26 99 
112835.0  32576.93 99 
112835.5  32576.83 99 
112836.0  32577.21 99 
112836.5  32576.80 99 
112837.0  32576.90 99 
112837.5  32576.70 99 
112838.0  32576.96 99 
112838.5  32576.40 99 
112839.0  32576.71 99 
112839.5  32576.19 99 
112840.0  32577.24 99 
112840.5  32577.16 99 
112841.0  32577.05 99 
112841.5  32576.96 99 
112842.0  32576.91 99 
112842.5  32576.68 99 
112843.0  32576.96 99 
112843.5  32576.65 99 
112844.0  32576.91 99 
112844.5  32576.95 99 
112845.0  32576.91 99 
112845.5  32576.67 99 
112846.0  32576.99 99 
112846.5  32576.73 99 
112847.0  32576.71 99 
112847.5  32576.63 99 
112848.0  32576.73 99 
112848.5  32577.25 99 
112849.0  32576.76 99 
112849.5  32576.79 99 
112850.0  32576.80 99 
112850.5  32576.56 99 
112851.0  32576.70 99 
112851.5  32577.18 99 
112852.0  32577.07 99 
112852.5  32576.58 99 
112853.0  32577.03 99 
112853.5  32577.22 99 
112854.0  32576.45 99 
112854.5  32576.82 99 
112855.0  32576.67 99 
112855.5  32577.07 99 
112856.0  32576.92 99 
112856.5  32576.15 99 
112857.0  32576.63 99 
112857.5  32576.90 99 
112858.0  32576.92 99 
112858.5  32576.89 99 
112859.0  32576.98 99 
112859.5  32576.61 99 
112900.0  32576.51 99 
112900.5  32576.73 99 
112901.0  32577.23 99 
112901.5  32576.21 99 
112902.0  32576.91 99 
112902.5  32576.72 99 
112903.0  32576.44 99 
112903.5  32576.51 99 
112904.0  32576.90 99 
112904.5  32576.83 99 
112905.0  32577.01 99 
112905.5  32576.59 99 
112906.0  32577.02 99 
112906.5  32576.82 99 
112907.0  32576.79 99 
112907.5  32576.73 99 
112908.0  32576.94 99 
112908.5  32576.72 99 
112909.0  32576.69 99 
112909.5  32576.38 99 
112910.0  32577.11 99 
112910.5  32576.82 99 
112911.0  32577.14 99 
112911.5  32577.20 99 
112912.0  32576.51 99 
112912.5  32576.34 99 
112913.0  32576.79 99 
112913.5  32576.50 99 
112914.0  32576.64 99 
112914.5  32576.46 99 
112915.0  32577.02 99 
112915.5  32577.33 99 
112916.0  32576.82 99 
112916.5  32576.44 99 
112917.0  32576.00 99 
112917.5  32576.52 99 
112918.0  32576.45 99 
112918.5  32576.89 99 
112919.0  32576.64 99 
112919.5  32576.38 99 
112920.0  32576.90 99 
112920.5  32576.66 99 
112921.0  32576.72 99 
112921.5  32576.96 99 
112922.0  32576.93 99 
112922.5  32576.77 99 
112923.0  32577.28 99 
112923.5  32576.91 99 
112924.0  32576.82 99 
112924.5  32576.95 99 
112925.0  32576.63 99 
112925.5  32576.69 99 
112926.0  32576.79 99 
112926.5  32577.10 99 
112927.0  32577.02 99 
112927.5  32576.44 99 
112928.0  32576.81 99 
112928.5  32576.57 99 
112929.0  32576.75 99 
112929.5  32577.23 99 
112930.0  32577.09 99 
112930.5  32576.78 99 
112931.0  32577.07 99 
112931.5  32576.76 99 
112932.0  32576.94 99 
112932.5  32576.68 99 
112933.0  32576.29 99 
112933.5  32576.67 99 
112934.0  32577.03 99 
112934.5  32576.54 99 
112935.0  32576.70 99 
112935.5  32576.89 99 
112936.0  32576.51 99 
112936.5  32577.26 99 
112937.0  32577.04 99 
112937.5  32576.78 99 
112938.0  32576.45 99 
112938.5  32577.02 99 
112939.0  32576.96 99 
112939.5  32576.95 99 
112940.0  32576.53 99 
112940.5  32576.47 99 
112941.0  32576.68 99 
112941.5  32577.29 99 
112942.0  32577.07 99 
112942.5  32577.01 99 
112943.0  32576.51 99 
112943.5  32576.81 99 
112944.0  32576.59 99 
112944.5  32576.73 99 
112945.0  32576.80 99 
112945.5  32577.05 99 
112946.0  32576.69 99 
112946.5  32577.06 99 
112947.0  32576.91 99 
112947.5  32576.54 99 
112948.0  32576.35 99 
112948.5  32576.73 99 
112949.0  32576.60 99 
112949.5  32576.59 99 
112950.0  32576.98 99 
112950.5  32577.15 99 
112951.0  32576.69 99 
112951.5  32576.72 99 
112952.0  32576.90 99 
112952.5  32577.06 99 
112953.0  32576.89 99 
112953.5  32576.68 99 
112954.0  32577.37 99 
112954.5  32576.19 99 
112955.0  32576.86 99 
112955.5  32576.87 99 
112956.0  32577.10 99 
112956.5  32576.65 99 
112957.0  32577.47 99 
112957.5  32577.86 99 
112958.0  32576.77 99 
112958.5  32576.47 99 
112959.0  32577.26 99 
112959.5  32576.98 99 
113000.0  32577.02 99 
113000.5  32576.55 99 
113001.0  32576.98 99 
113001.5  32576.95 99 
113002.0  32576.83 99 
113002.5  32576.74 99 
113003.0  32576.80 99 
113003.5  32576.97 99 
113004.0  32576.90 99 
113004.5  32577.03 99 
113005.0  32577.28 99 
113005.5  32576.74 99 
113006.0  32577.10 99 
113006.5  32576.44 99 
113007.0  32576.71 99 
113007.5  32576.96 99 
113008.0  32576.97 99 
113008.5  32577.14 99 
113009.0  32576.71 99 
113009.5  32576.90 99 
113010.0  32576.89 99 
113010.5  32576.92 99 
113011.0  32577.05 99 
113011.5  32577.25 99 
113012.0  32577.20 99 
113012.5  32576.61 99 
113013.0  32577.04 99 
113013.5  32576.91 99 
113014.0  32577.35 99 
113014.5  32577.20 99 
113015.0  32577.01 99 
113015.5  32576.81 99 
113016.0  32576.87 99 
113016.5  32576.77 99 
113017.0  32577.17 99 
113017.5  32577.11 99 
113018.0  32576.87 99 
113018.5  32577.21 99 
113019.0  32576.57 99 
113019.5  32576.96 99 
113020.0  32576.81 99 
113020.5  32577.03 99 
113021.0  32576.77 99 
113021.5  32576.88 99 
113022.0  32576.78 99 
113022.5  32577.52 99 
113023.0  32576.81 99 
113023.5  32576.80 99 
113024.0  32576.86 99 
113024.5  32577.09 99 
113025.0  32576.95 99 
113025.5  32576.98 99 
113026.0  32576.84 99 
113026.5  32576.93 99 
113027.0  32576.89 99 
113027.5  32577.35 99 
113028.0  32577.69 99 
113028.5  32577.20 99 
113029.0  32577.18 99 
113029.5  32577.37 99 
113030.0  32576.61 99 
113030.5  32577.02 99 
113031.0  32576.35 99 
113031.5  32577.22 99 
113032.0  32577.31 99 
113032.5  32577.18 99 
113033.0  32577.26 99 
113033.5  32576.82 99 
113034.0  32577.03 99 
113034.5  32576.71 99 
113035.0  32576.71 99 
113035.5  32577.00 99 
113036.0  32576.41 99 
113036.5  32577.26 99 
113037.0  32576.74 99 
113037.5  32577.08 99 
113038.0  32576.38 99 
113038.5  32577.02 99 
113039.0  32576.70 99 
113039.5  32576.85 99 
113040.0  32576.98 99 
113040.5  32577.04 99 
113041.0  32576.85 99 
113041.5  32577.14 99 
113042.0  32576.89 99 
113042.5  32577.43 99 
113043.0  32577.08 99 
113043.5  32577.32 99 
113044.0  32577.14 99 
113044.5  32577.05 99 
113045.0  32576.91 99 
113045.5  32577.53 99 
113046.0  32577.24 99 
113046.5  32576.94 99 
113047.0  32576.83 99 
113047.5  32577.09 99 
113048.0  32577.07 99 
113048.5  32577.00 99 
113049.0  32577.28 99 
113049.5  32576.98 99 
113050.0  32576.90 99 
113050.5  32577.37 99 
113051.0  32577.19 99 
113051.5  32577.15 99 
113052.0  32577.27 99 
113052.5  32577.37 99 
113053.0  32577.28 99 
113053.5  32576.78 99 
113054.0  32576.84 99 
113054.5  32577.24 99 
113055.0  32576.75 99 
113055.5  32576.92 99 
113056.0  32576.82 99 
113056.5  32577.15 99 
113057.0  32577.14 99 
113057.5  32577.02 99 
113058.0  32576.93 99 
113058.5  32577.48 99 
113059.0  32576.84 99 
113059.5  32577.04 99 
113100.0  32577.46 99 
113100.5  32577.01 99 
113101.0  32576.86 99 
113101.5  32576.71 99 
113102.0  32577.03 99 
113102.5  32576.86 99 
113103.0  32576.93 99 
113103.5  32577.03 99 
113104.0  32577.53 99 
113104.5  32577.34 99 
113105.0  32577.14 99 
113105.5  32577.56 99 
113106.0  32577.25 99 
113106.5  32577.00 99 
113107.0  32577.20 99 
113107.5  32577.26 99 
113108.0  32576.76 99 
113108.5  32577.10 99 
113109.0  32576.63 99 
113109.5  32576.66 99 
113110.0  32577.24 99 
113110.5  32577.03 99 
113111.0  32577.45 99 
113111.5  32577.11 99 
113112.0  32576.88 99 
113112.5  32577.65 99 
113113.0  32577.23 99 
113113.5  32577.61 99 
113114.0  32577.01 99 
113114.5  32577.31 99 
113115.0  32576.98 99 
113115.5  32576.77 99 
113116.0  32576.97 99 
113116.5  32576.79 99 
113117.0  32576.74 99 
113117.5  32577.29 99 
113118.0  32576.62 99 
113118.5  32577.48 99 
113119.0  32576.89 99 
113119.5  32577.33 99 
113120.0  32576.63 99 
113120.5  32577.24 99 
113121.0  32577.62 99 
113121.5  32576.96 99 
113122.0  32577.21 99 
113122.5  32577.25 99 
113123.0  32577.23 99 
113123.5  32577.27 99 
113124.0  32577.06 99 
113124.5  32576.76 99 
113125.0  32576.65 99 
113125.5  32577.01 99 
113126.0  32577.27 99 
113126.5  32577.64 99 
113127.0  32576.90 99 
113127.5  32577.38 99 
113128.0  32576.74 99 
113128.5  32577.29 99 
113129.0  32577.25 99 
113129.5  32576.68 99 
113130.0  32577.03 99 
113130.5  32577.19 99 
113131.0  32577.35 99 
113131.5  32577.13 99 
113132.0  32577.28 99 
113132.5  32577.61 99 
113133.0  32576.86 99 
113133.5  32577.17 99 
113134.0  32577.39 99 
113134.5  32576.86 99 
113135.0  32576.99 99 
113135.5  32577.09 99 
113136.0  32576.51 99 
113136.5  32577.72 99 
113137.0  32576.62 99 
113137.5  32577.15 99 
113138.0  32577.34 99 
113138.5  32577.46 99 
113139.0  32576.81 99 
113139.5  32577.33 99 
113140.0  32577.29 99 
113140.5  32577.32 99 
113141.0  32577.55 99 
113141.5  32577.15 99 
113142.0  32576.91 99 
113142.5  32576.95 99 
113143.0  32577.55 99 
113143.5  32577.56 99 
113144.0  32577.43 99 
113144.5  32577.15 99 
113145.0  32577.23 99 
113145.5  32577.45 99 
113146.0  32577.30 99 
113146.5  32577.29 99 
113147.0  32577.41 99 
113147.5  32577.30 99 
113148.0  32577.78 99 
113148.5  32577.19 99 
113149.0  32577.52 99 
113149.5  32577.40 99 
113150.0  32576.90 99 
113150.5  32577.49 99 
113151.0  32577.46 99 
113151.5  32577.20 99 
113152.0  32577.50 99 
113152.5  32577.18 99 
113153.0  32577.05 99 
113153.5  32576.83 99 
113154.0  32577.28 99 
113154.5  32577.57 99 
113155.0  32577.16 99 
113155.5  32577.56 99 
113156.0  32577.16 99 
113156.5  32577.03 99 
113157.0  32577.50 99 
113157.5  32577.31 99 
113158.0  32577.11 99 
113158.5  32577.11 99 
113159.0  32577.24 99 
113159.5  32576.97 99 
113200.0  32577.65 99 
113200.5  32577.56 99 
113201.0  32577.56 99 
113201.5  32577.57 99 
113202.0  32577.39 99 
113202.5  32577.55 99 
113203.0  32577.35 99 
113203.5  32577.42 99 
113204.0  32577.63 99 
113204.5  32577.66 99 
113205.0  32577.19 99 
113205.5  32576.99 99 
113206.0  32577.43 99 
113206.5  32577.49 99 
113207.0  32577.31 99 
113207.5  32577.78 99 
113208.0  32577.02 99 
113208.5  32577.35 99 
113209.0  32577.49 99 
113209.5  32576.87 99 
113210.0  32577.77 99 
113210.5  32578.14 99 
113211.0  32577.85 99 
113211.5  32577.75 99 
113212.0  32577.58 99 
113212.5  32577.77 99 
113213.0  32577.63 99 
113213.5  32577.75 99 
113214.0  32577.69 99 
113214.5  32577.77 99 
113215.0  32577.30 99 
113215.5  32577.45 99 
113216.0  32577.40 99 
113216.5  32577.76 99 
113217.0  32577.64 99 
113217.5  32577.34 99 
113218.0  32577.24 99 
113218.5  32577.45 99 
113219.0  32577.77 99 
113219.5  32577.68 99 
113220.0  32577.55 99 
113220.5  32577.48 99 
113221.0  32577.54 99 
113221.5  32577.90 99 
113222.0  32577.34 99 
113222.5  32577.63 99 
113223.0  32577.56 99 
113223.5  32576.82 99 
113224.0  32577.42 99 
113224.5  32577.91 99 
113225.0  32577.62 99 
113225.5  32577.35 99 
113226.0  32577.61 99 
113226.5  32577.27 99 
113227.0  32577.52 99 
113227.5  32577.43 99 
113228.0  32577.52 99 
113228.5  32577.09 99 
113229.0  32577.65 99 
113229.5  32577.30 99 
113230.0  32577.49 99 
113230.5  32577.85 99 
113231.0  32578.05 99 
113231.5  32577.43 99 
113232.0  32577.70 99 
113232.5  32577.50 99 
113233.0  32577.45 99 
113233.5  32577.29 99 
113234.0  32577.48 99 
113234.5  32577.69 99 
113235.0  32577.64 99 
113235.5  32577.13 99 
113236.0  32577.24 99 
113236.5  32577.53 99 
113237.0  32577.25 99 
113237.5  32577.72 99 
113238.0  32577.81 99 
113238.5  32577.16 99 
113239.0  32577.12 99 
113239.5  32577.44 99 
113240.0  32577.47 99 
113240.5  32577.81 99 
113241.0  32577.83 99 
113241.5  32577.82 99 
113242.0  32577.53 99 
113242.5  32576.97 99 
113243.0  32577.49 99 
113243.5  32577.43 99 
113244.0  32577.78 99 
113244.5  32577.90 99 
113245.0  32577.50 99 
113245.5  32577.86 99 
113246.0  32577.45 99 
113246.5  32577.99 99 
113247.0  32577.92 99 
113247.5  32577.54 99 
113248.0  32577.89 99 
113248.5  32577.85 99 
113249.0  32577.94 99 
113249.5  32577.32 99 
113250.0  32577.40 99 
113250.5  32577.33 99 
113251.0  32577.45 99 
113251.5  32577.57 99 
113252.0  32578.01 99 
113252.5  32577.31 99 
113253.0  32577.64 99 
113253.5  32577.64 99 
113254.0  32577.45 99 
113254.5  32576.81 99 
113255.0  32577.36 99 
113255.5  32577.56 99 
113256.0  32577.41 99 
113256.5  32577.50 99 
113257.0  32577.50 99 
113257.5  32577.79 99 
113258.0  32577.84 99 
113258.5  32577.43 99 
113259.0  32577.18 99 
113259.5  32577.33 99 
113300.0  32577.73 99 
113300.5  32577.34 99 
113301.0  32577.55 99 
113301.5  32577.77 99 
113302.0  32577.45 99 
113302.5  32577.41 99 
113303.0  32577.54 99 
113303.5  32577.67 99 
113304.0  32578.03 99 
113304.5  32578.25 99 
113305.0  32577.73 99 
113305.5  32577.37 99 
113306.0  32577.45 99 
113306.5  32577.37 99 
113307.0  32577.65 99 
113307.5  32577.87 99 
113308.0  32577.58 99 
113308.5  32578.09 99 
113309.0  32577.40 99 
113309.5  32577.54 99 
113310.0  32577.45 99 
113310.5  32577.34 99 
113311.0  32577.87 99 
113311.5  32577.96 99 
113312.0  32577.64 99 
113312.5  32577.11 99 
113313.0  32577.52 99 
113313.5  32577.43 99 
113314.0  32577.61 99 
113314.5  32577.02 99 
113315.0  32577.99 99 
113315.5  32577.67 99 
113316.0  32578.22 99 
113316.5  32577.35 99 
113317.0  32577.70 99 
113317.5  32577.73 99 
113318.0  32577.89 99 
113318.5  32577.48 99 
113319.0  32577.46 99 
113319.5  32577.72 99 
113320.0  32577.72 99 
113320.5  32577.42 99 
113321.0  32577.55 99 
113321.5  32576.85 99 
113322.0  32577.65 99 
113322.5  32577.62 99 
113323.0  32577.32 99 
113323.5  32577.71 99 
113324.0  32577.71 99 
113324.5  32577.50 99 
113325.0  32577.38 99 
113325.5  32577.79 99 
113326.0  32577.58 99 
113326.5  32577.77 99 
113327.0  32577.61 99 
113327.5  32577.53 99 
113328.0  32577.91 99 
113328.5  32577.28 99 
113329.0  32577.86 99 
113329.5  32577.47 99 
113330.0  32577.46 99 
113330.5  32577.88 99 
113331.0  32577.86 99 
113331.5  32577.80 99 
113332.0  32577.65 99 
113332.5  32578.05 99 
113333.0  32577.42 99 
113333.5  32577.92 99 
113334.0  32577.81 99 
113334.5  32577.61 99 
113335.0  32577.90 99 
113335.5  32577.98 99 
113336.0  32578.20 99 
113336.5  32578.27 99 
113337.0  32577.75 99 
113337.5  32577.41 99 
113338.0  32577.69 99 
113338.5  32577.71 99 
113339.0  32577.96 99 
113339.5  32577.66 99 
113340.0  32577.74 99 
113340.5  32577.87 99 
113341.0  32577.37 99 
113341.5  32577.72 99 
113342.0  32577.96 99 
113342.5  32578.47 99 
113343.0  32578.00 99 
113343.5  32577.61 99 
113344.0  32577.60 99 
113344.5  32577.84 99 
113345.0  32577.37 99 
113345.5  32578.05 99 
113346.0  32577.44 99 
113346.5  32577.77 99 
113347.0  32577.91 99 
113347.5  32578.18 99 
113348.0  32577.81 99 
113348.5  32577.60 99 
113349.0  32577.82 99 
113349.5  32577.75 99 
113350.0  32577.53 99 
113350.5  32577.93 99 
113351.0  32577.69 99 
113351.5  32577.83 99 
113352.0  32577.62 99 
113352.5  32577.97 99 
113353.0  32577.85 99 
113353.5  32577.61 99 
113354.0  32578.08 99 
113354.5  32577.82 99 
113355.0  32577.90 99 
113355.5  32577.95 99 
113356.0  32577.73 99 
113356.5  32578.19 99 
113357.0  32578.03 99 
113357.5  32577.36 99 
113358.0  32577.84 99 
113358.5  32577.86 99 
113359.0  32577.60 99 
113359.5  32577.66 99 
113400.0  32577.38 99 
113400.5  32578.16 99 
113401.0  32578.12 99 
113401.5  32577.49 99 
113402.0  32577.54 99 
113402.5  32578.01 99 
113403.0  32577.90 99 
113403.5  32577.69 99 
113404.0  32577.87 99 
113404.5  32577.99 99 
113405.0  32578.07 99 
113405.5  32578.02 99 
113406.0  32577.83 99 
113406.5  32577.88 99 
113407.0  32577.81 99 
113407.5  32578.20 99 
113408.0  32577.72 99 
113408.5  32577.74 99 
113409.0  32577.85 99 
113409.5  32577.87 99 
113410.0  32577.65 99 
113410.5  32577.79 99 
113411.0  32577.85 99 
113411.5  32577.98 99 
113412.0  32578.16 99 
113412.5  32577.91 99 
113413.0  32577.86 99 
113413.5  32577.77 99 
113414.0  32578.31 99 
113414.5  32577.98 99 
113415.0  32577.76 99 
113415.5  32578.20 99 
113416.0  32578.13 99 
113416.5  32577.42 99 
113417.0  32577.83 99 
113417.5  32578.33 99 
113418.0  32577.81 99 
113418.5  32578.03 99 
113419.0  32577.14 99 
113419.5  32578.00 99 
113420.0  32578.36 99 
113420.5  32577.22 99 
113421.0  32577.51 99 
113421.5  32577.80 99 
113422.0  32577.89 99 
113422.5  32577.91 99 
113423.0  32578.48 99 
113423.5  32578.15 99 
113424.0  32578.30 99 
113424.5  32577.85 99 
113425.0  32577.76 99 
113425.5  32577.76 99 
113426.0  32577.84 99 
113426.5  32578.07 99 
113427.0  32578.01 99 
113427.5  32578.08 99 
113428.0  32578.20 99 
113428.5  32577.95 99 
113429.0  32577.73 99 
113429.5  32578.06 99 
113430.0  32577.78 99 
113430.5  32578.09 99 
113431.0  32578.13 99 
113431.5  32578.06 99 
113432.0  32577.99 99 
113432.5  32578.19 99 
113433.0  32578.10 99 
113433.5  32577.76 99 
113434.0  32577.68 99 
113434.5  32577.94 99 
113435.0  32578.01 99 
113435.5  32578.01 99 
113436.0  32577.99 99 
113436.5  32578.02 99 
113437.0  32578.24 99 
113437.5  32578.15 99 
113438.0  32577.92 99 
113438.5  32578.20 99 
113439.0  32578.20 99 
113439.5  32577.99 99 
113440.0  32577.53 99 
113440.5  32578.06 99 
113441.0  32577.53 99 
113441.5  32577.50 99 
113442.0  32578.18 99 
113442.5  32578.14 99 
113443.0  32578.02 99 
113443.5  32577.84 99 
113444.0  32578.18 99 
113444.5  32578.20 99 
113445.0  32577.83 99 
113445.5  32578.18 99 
113446.0  32578.70 99 
113446.5  32578.14 99 
113447.0  32577.92 99 
113447.5  32577.91 99 
113448.0  32578.32 99 
113448.5  32577.71 99 
113449.0  32577.90 99 
113449.5  32577.89 99 
113450.0  32578.01 99 
113450.5  32577.99 99 
113451.0  32578.10 99 
113451.5  32577.92 99 
113452.0  32577.52 99 
113452.5  32577.94 99 
113453.0  32577.49 99 
113453.5  32577.69 99 
113454.0  32577.93 99 
113454.5  32577.53 99 
113455.0  32577.99 99 
113455.5  32577.98 99 
113456.0  32577.90 99 
113456.5  32577.76 99 
113457.0  32578.03 99 
113457.5  32578.02 99 
113458.0  32577.78 99 
113458.5  32578.08 99 
113459.0  32577.81 99 
113459.5  32577.99 99 
113500.0  32577.87 99 
113500.5  32578.03 99 
113501.0  32577.52 99 
113501.5  32577.71 99 
113502.0  32577.77 99 
113502.5  32577.95 99 
113503.0  32578.10 99 
113503.5  32577.73 99 
113504.0  32577.30 99 
113504.5  32577.72 99 
113505.0  32578.31 99 
113505.5  32578.09 99 
113506.0  32578.22 99 
113506.5  32578.16 99 
113507.0  32578.54 99 
113507.5  32578.27 99 
113508.0  32577.80 99 
113508.5  32578.13 99 
113509.0  32577.80 99 
113509.5  32578.18 99 
113510.0  32578.11 99 
113510.5  32577.04 99 
113511.0  32577.24 99 
113511.5  32577.89 99 
113512.0  32578.46 99 
113512.5  32577.58 99 
113513.0  32577.61 99 
113513.5  32577.88 99 
113514.0  32577.76 99 
113514.5  32577.98 99 
113515.0  32577.86 99 
113515.5  32577.70 99 
113516.0  32577.99 99 
113516.5  32577.30 99 
113517.0  32577.75 99 
113517.5  32578.24 99 
113518.0  32577.27 99 
113518.5  32577.93 99 
113519.0  32577.75 99 
113519.5  32577.68 99 
113520.0  32577.58 99 
113520.5  32577.56 99 
113521.0  32577.72 99 
113521.5  32577.97 99 
113522.0  32578.10 99 
113522.5  32577.73 99 
113523.0  32577.82 99 
113523.5  32577.58 99 
113524.0  32577.81 99 
113524.5  32578.01 99 
113525.0  32577.44 99 
113525.5  32577.80 99 
113526.0  32577.63 99 
113526.5  32578.07 99 
113527.0  32577.51 99 
113527.5  32577.71 99 
113528.0  32577.92 99 
113528.5  32577.61 99 
113529.0  32577.09 99 
113529.5  32577.65 99 
113530.0  32577.47 99 
113530.5  32577.52 99 
113531.0  32577.72 99 
113531.5  32577.32 99 
113532.0  32577.72 99 
113532.5  32578.08 99 
113533.0  32577.80 99 
113533.5  32577.69 99 
113534.0  32576.80 99 
113534.5  32577.25 99 
113535.0  32577.81 99 
113535.5  32577.54 99 
113536.0  32578.19 99 
113536.5  32577.71 99 
113537.0  32578.00 99 
113537.5  32577.70 99 
113538.0  32577.51 99 
113538.5  32577.61 99 
113539.0  32577.62 99 
113539.5  32577.92 99 
113540.0  32577.34 99 
113540.5  32577.55 99 
113541.0  32577.38 99 
113541.5  32578.12 99 
113542.0  32577.50 99 
113542.5  32577.46 99 
113543.0  32577.73 99 
113543.5  32577.75 99 
113544.0  32577.87 99 
113544.5  32577.24 99 
113545.0  32577.78 99 
113545.5  32578.00 99 
113546.0  32577.56 99 
113546.5  32577.35 99 
113547.0  32577.80 99 
113547.5  32577.66 99 
113548.0  32577.95 99 
113548.5  32577.44 99 
113549.0  32577.88 99 
113549.5  32577.09 99 
113550.0  32577.25 99 
113550.5  32577.61 99 
113551.0  32577.28 99 
113551.5  32577.78 99 
113552.0  32577.90 99 
113552.5  32577.59 99 
113553.0  32577.60 99 
113553.5  32578.25 99 
113554.0  32577.82 99 
113554.5  32577.99 99 
113555.0  32577.79 99 
113555.5  32577.49 99 
113556.0  32577.43 99 
113556.5  32577.19 99 
113557.0  32577.58 99 
113557.5  32577.39 99 
113558.0  32577.87 99 
113558.5  32578.38 99 
113559.0  32577.73 99 
113559.5  32577.48 99 
113600.0  32577.46 99 
113600.5  32577.40 99 
113601.0  32576.75 99 
113601.5  32577.57 99 
113602.0  32577.57 99 
113602.5  32577.06 99 
113603.0  32576.93 99 
113603.5  32577.12 99 
113604.0  32577.75 99 
113604.5  32576.81 99 
113605.0  32577.02 99 
113605.5  32577.62 99 
113606.0  32577.70 99 
113606.5  32577.69 99 
113607.0  32577.32 99 
113607.5  32577.09 99 
113608.0  32577.66 99 
113608.5  32577.34 99 
113609.0  32577.54 99 
113609.5  32577.28 99 
113610.0  32577.94 99 
113610.5  32577.42 99 
113611.0  32577.28 99 
113611.5  32577.71 99 
113612.0  32577.40 99 
113612.5  32577.11 99 
113613.0  32577.61 99 
113613.5  32577.18 99 
113614.0  32576.91 99 
113614.5  32577.61 99 
113615.0  32577.18 99 
113615.5  32577.61 99 
113616.0  32576.91 99 
113616.5  32577.40 99 
113617.0  32577.62 99 
113617.5  32577.70 99 
113618.0  32577.62 99 
113618.5  32577.04 99 
113619.0  32577.58 99 
113619.5  32577.74 99 
113620.0  32577.43 99 
113620.5  32577.40 99 
113621.0  32577.37 99 
113621.5  32578.00 99 
113622.0  32577.22 99 
113622.5  32577.54 99 
113623.0  32577.24 99 
113623.5  32576.83 99 
113624.0  32577.14 99 
113624.5  32577.23 99 
113625.0  32577.13 99 
113625.5  32577.30 99 
113626.0  32577.87 99 
113626.5  32577.67 99 
113627.0  32577.23 99 
113627.5  32577.38 99 
113628.0  32577.59 99 
113628.5  32576.93 99 
113629.0  32577.44 99 
113629.5  32577.52 99 
113630.0  32577.18 99 
113630.5  32577.25 99 
113631.0  32577.23 99 
113631.5  32577.14 99 
113632.0  32577.47 99 
113632.5  32577.33 99 
113633.0  32576.91 99 
113633.5  32577.32 99 
113634.0  32577.50 99 
113634.5  32577.28 99 
113635.0  32577.40 99 
113635.5  32577.50 99 
113636.0  32577.68 99 
113636.5  32577.20 99 
113637.0  32576.70 99 
113637.5  32576.75 99 
113638.0  32577.21 99 
113638.5  32576.99 99 
113639.0  32578.08 99 
113639.5  32577.62 99 
113640.0  32577.24 99 
113640.5  32577.19 99 
113641.0  32577.04 99 
113641.5  32577.17 99 
113642.0  32577.57 99 
113642.5  32576.93 99 
113643.0  32576.87 99 
113643.5  32577.38 99 
113644.0  32577.77 99 
113644.5  32577.51 99 
113645.0  32576.91 99 
113645.5  32577.27 99 
113646.0  32577.10 99 
113646.5  32576.58 99 
113647.0  32576.77 99 
113647.5  32576.63 99 
113648.0  32577.10 99 
113648.5  32577.42 99 
113649.0  32577.26 99 
113649.5  32577.12 99 
113650.0  32577.22 99 
113650.5  32577.44 99 
113651.0  32577.53 99 
113651.5  32576.94 99 
113652.0  32577.10 99 
113652.5  32577.47 99 
113653.0  32577.25 99 
113653.5  32577.25 99 
113654.0  32577.35 99 
113654.5  32577.69 99 
113655.0  32577.14 99 
113655.5  32576.70 99 
113656.0  32577.18 99 
113656.5  32577.32 99 
113657.0  32577.40 99 
113657.5  32577.49 99 
113658.0  32577.01 99 
113658.5  32576.91 99 
113659.0  32576.70 99 
113659.5  32576.95 99 
113700.0  32576.82 99 
113700.5  32577.00 99 
113701.0  32576.86 99 
113701.5  32577.16 99 
113702.0  32576.90 99 
113702.5  32577.66 99 
113703.0  32576.94 99 
113703.5  32577.49 99 
113704.0  32576.65 99 
113704.5  32577.21 99 
113705.0  32577.01 99 
113705.5  32576.55 99 
113706.0  32577.33 99 
113706.5  32577.19 99 
113707.0  32576.96 99 
113707.5  32577.29 99 
113708.0  32576.95 99 
113708.5  32576.95 99 
113709.0  32577.34 99 
113709.5  32576.74 99 
113710.0  32576.97 99 
113710.5  32577.48 99 
113711.0  32577.11 99 
113711.5  32576.92 99 
113712.0  32576.82 99 
113712.5  32577.16 99 
113713.0  32577.40 99 
113713.5  32576.80 99 
113714.0  32577.06 99 
113714.5  32577.40 99 
113715.0  32577.27 99 
113715.5  32577.60 99 
113716.0  32576.95 99 
113716.5  32577.05 99 
113717.0  32576.90 99 
113717.5  32576.64 99 
113718.0  32576.64 99 
113718.5  32577.56 99 
113719.0  32577.12 99 
113719.5  32577.29 99 
113720.0  32577.06 99 
113720.5  32576.87 99 
113721.0  32576.97 99 
113721.5  32577.22 99 
113722.0  32577.16 99 
113722.5  32577.37 99 
113723.0  32577.31 99 
113723.5  32577.40 99 
113724.0  32576.80 99 
113724.5  32577.15 99 
113725.0  32577.22 99 
113725.5  32577.04 99 
113726.0  32577.09 99 
113726.5  32576.57 99 
113727.0  32576.59 99 
113727.5  32577.28 99 
113728.0  32576.99 99 
113728.5  32576.92 99 
113729.0  32576.91 99 
113729.5  32576.58 99 
113730.0  32577.07 99 
113730.5  32576.84 99 
113731.0  32577.05 99 
113731.5  32576.76 99 
113732.0  32576.83 99 
113732.5  32576.62 99 
113733.0  32576.63 99 
113733.5  32577.15 99 
113734.0  32577.16 99 
113734.5  32577.15 99 
113735.0  32576.90 99 
113735.5  32577.36 99 
113736.0  32577.05 99 
113736.5  32576.74 99 
113737.0  32577.00 99 
113737.5  32577.14 99 
113738.0  32576.92 99 
113738.5  32576.62 99 
113739.0  32576.99 99 
113739.5  32576.77 99 
113740.0  32576.75 99 
113740.5  32577.17 99 
113741.0  32576.81 99 
113741.5  32576.32 99 
113742.0  32576.68 99 
113742.5  32576.99 99 
113743.0  32577.00 99 
113743.5  32576.88 99 
113744.0  32576.95 99 
113744.5  32576.76 99 
113745.0  32576.78 99 
113745.5  32576.94 99 
113746.0  32576.88 99 
113746.5  32576.55 99 
113747.0  32576.75 99 
113747.5  32577.13 99 
113748.0  32576.72 99 
113748.5  32576.53 99 
113749.0  32576.76 99 
113749.5  32576.92 99 
113750.0  32576.54 99 
113750.5  32576.66 99 
113751.0  32576.58 99 
113751.5  32576.73 99 
113752.0  32576.73 99 
113752.5  32576.68 99 
113753.0  32576.85 99 
113753.5  32576.84 99 
113754.0  32577.01 99 
113754.5  32576.65 99 
113755.0  32576.85 99 
113755.5  32576.83 99 
113756.0  32577.05 99 
113756.5  32576.37 99 
113757.0  32576.68 99 
113757.5  32577.01 99 
113758.0  32576.36 99 
113758.5  32576.54 99 
113759.0  32576.55 99 
113759.5  32576.81 99 
113800.0  32577.58 99 
113800.5  32576.41 99 
113801.0  32577.05 99 
113801.5  32576.62 99 
113802.0  32576.53 99 
113802.5  32576.43 99 
113803.0  32577.53 99 
113803.5  32576.42 99 
113804.0  32576.79 99 
113804.5  32576.62 99 
113805.0  32576.80 99 
113805.5  32577.15 99 
113806.0  32576.81 99 
113806.5  32576.62 99 
113807.0  32576.59 99 
113807.5  32577.22 99 
113808.0  32577.02 99 
113808.5  32576.71 99 
113809.0  32576.82 99 
113809.5  32576.79 99 
113810.0  32576.54 99 
113810.5  32576.37 99 
113811.0  32576.47 99 
113811.5  32577.21 99 
113812.0  32576.21 99 
113812.5  32577.05 99 
113813.0  32577.01 99 
113813.5  32576.65 99 
113814.0  32577.01 99 
113814.5  32577.19 99 
113815.0  32576.94 99 
113815.5  32577.22 99 
113816.0  32576.82 99 
113816.5  32576.71 99 
113817.0  32576.92 99 
113817.5  32576.58 99 
113818.0  32577.06 99 
113818.5  32576.32 99 
113819.0  32576.80 99 
113819.5  32576.69 99 
113820.0  32576.25 99 
113820.5  32576.47 99 
113821.0  32576.46 99 
113821.5  32576.83 99 
113822.0  32576.43 99 
113822.5  32576.48 99 
113823.0  32576.98 99 
113823.5  32576.38 99 
113824.0  32576.42 99 
113824.5  32576.34 99 
113825.0  32576.51 99 
113825.5  32576.54 99 
113826.0  32576.43 99 
113826.5  32576.27 99 
113827.0  32576.66 99 
113827.5  32576.20 99 
113828.0  32576.25 99 
113828.5  32576.27 99 
113829.0  32576.38 99 
113829.5  32576.46 99 
113830.0  32576.43 99 
113830.5  32576.47 99 
113831.0  32576.72 99 
113831.5  32576.33 99 
113832.0  32576.26 99 
113832.5  32576.71 99 
113833.0  32576.04 99 
113833.5  32576.58 99 
113834.0  32576.55 99 
113834.5  32575.66 99 
113835.0  32575.98 99 
113835.5  32576.69 99 
113836.0  32576.41 99 
113836.5  32576.43 99 
113837.0  32576.34 99 
113837.5  32576.56 99 
113838.0  32576.21 99 
113838.5  32575.77 99 
113839.0  32576.43 99 
113839.5  32576.57 99 
113840.0  32576.38 99 
113840.5  32576.36 99 
113841.0  32576.24 99 
113841.5  32576.44 99 
113842.0  32576.44 99 
113842.5  32576.51 99 
113843.0  32576.16 99 
113843.5  32576.62 99 
113844.0  32576.25 99 
113844.5  32576.26 99 
113845.0  32575.92 99 
113845.5  32576.02 99 
113846.0  32576.10 99 
113846.5  32575.99 99 
113847.0  32576.49 99 
113847.5  32576.26 99 
113848.0  32576.56 99 
113848.5  32576.54 99 
113849.0  32576.08 99 
113849.5  32576.19 99 
113850.0  32575.84 99 
113850.5  32576.33 99 
113851.0  32576.75 99 
113851.5  32576.43 99 
113852.0  32576.37 99 
113852.5  32576.52 99 
113853.0  32575.89 99 
113853.5  32576.58 99 
113854.0  32575.91 99 
113854.5  32576.99 99 
113855.0  32576.02 99 
113855.5  32575.90 99 
113856.0  32576.18 99 
113856.5  32576.70 99 
113857.0  32576.62 99 
113857.5  32576.48 99 
113858.0  32576.24 99 
113858.5  32576.46 99 
113859.0  32575.76 99 
113859.5  32575.66 99 
113900.0  32576.06 99 
113900.5  32576.12 99 
113901.0  32576.10 99 
113901.5  32575.79 99 
113902.0  32575.95 99 
113902.5  32576.31 99 
113903.0  32576.31 99 
113903.5  32576.09 99 
113904.0  32575.86 99 
113904.5  32576.59 99 
113905.0  32576.00 99 
113905.5  32576.31 99 
113906.0  32575.67 99 
113906.5  32575.79 99 
113907.0  32576.28 99 
113907.5  32576.25 99 
113908.0  32576.60 99 
113908.5  32575.83 99 
113909.0  32576.00 99 
113909.5  32575.73 99 
113910.0  32576.04 99 
113910.5  32575.88 99 
113911.0  32575.63 99 
113911.5  32576.30 99 
113912.0  32576.02 99 
113912.5  32575.94 99 
113913.0  32575.90 99 
113913.5  32575.64 99 
113914.0  32575.32 99 
113914.5  32575.83 99 
113915.0  32576.09 99 
113915.5  32576.25 99 
113916.0  32576.10 99 
113916.5  32575.97 99 
113917.0  32576.96 99 
113917.5  32576.13 99 
113918.0  32575.80 99 
113918.5  32576.25 99 
113919.0  32575.48 99 
113919.5  32575.53 99 
113920.0  32576.12 99 
113920.5  32575.51 99 
113921.0  32575.82 99 
113921.5  32575.27 99 
113922.0  32576.06 99 
113922.5  32575.74 99 
113923.0  32576.34 99 
113923.5  32575.85 99 
113924.0  32575.86 99 
113924.5  32575.81 99 
113925.0  32575.95 99 
113925.5  32576.10 99 
113926.0  32575.50 99 
113926.5  32575.70 99 
113927.0  32575.86 99 
113927.5  32575.58 99 
113928.0  32575.23 99 
113928.5  32575.74 99 
113929.0  32575.26 99 
113929.5  32576.02 99 
113930.0  32575.50 99 
113930.5  32575.70 99 
113931.0  32575.52 99 
113931.5  32575.58 99 
113932.0  32575.51 99 
113932.5  32575.68 99 
113933.0  32575.20 99 
113933.5  32575.76 99 
113934.0  32575.62 99 
113934.5  32575.25 99 
113935.0  32575.76 99 
113935.5  32575.58 99 
113936.0  32575.85 99 
113936.5  32575.61 99 
113937.0  32575.78 99 
113937.5  32575.31 99 
113938.0  32575.73 99 
113938.5  32575.67 99 
113939.0  32575.76 99 
113939.5  32575.56 99 
113940.0  32575.54 99 
113940.5  32575.14 99 
113941.0  32575.31 99 
113941.5  32575.61 99 
113942.0  32575.37 99 
113942.5  32575.58 99 
113943.0  32575.74 99 
113943.5  32574.95 99 
113944.0  32575.52 99 
113944.5  32575.40 99 
113945.0  32574.92 99 
113945.5  32575.53 99 
113946.0  32575.50 99 
113946.5  32575.28 99 
113947.0  32575.53 99 
113947.5  32574.76 99 
113948.0  32575.51 99 
113948.5  32576.38 99 
113949.0  32575.07 99 
113949.5  32575.47 99 
113950.0  32575.40 99 
113950.5  32575.55 99 
113951.0  32575.17 99 
113951.5  32575.57 99 
113952.0  32575.36 99 
113952.5  32575.71 99 
113953.0  32575.13 99 
113953.5  32574.86 99 
113954.0  32575.52 99 
113954.5  32574.94 99 
113955.0  32575.24 99 
113955.5  32575.22 99 
113956.0  32574.96 99 
113956.5  32575.19 99 
113957.0  32575.09 99 
113957.5  32575.55 99 
113958.0  32575.26 99 
113958.5  32575.75 99 
113959.0  32574.70 99 
113959.5  32575.30 99 
114000.0  32575.68 99 
114000.5  32575.41 99 
114001.0  32575.27 99 
114001.5  32575.22 99 
114002.0  32574.64 99 
114002.5  32575.82 99 
114003.0  32575.40 99 
114003.5  32575.23 99 
114004.0  32574.68 99 
114004.5  32574.92 99 
114005.0  32575.63 99 
114005.5  32575.83 99 
114006.0  32575.38 99 
114006.5  32575.24 99 
114007.0  32575.33 99 
114007.5  32575.05 99 
114008.0  32575.51 99 
114008.5  32574.97 99 
114009.0  32575.03 99 
114009.5  32575.20 99 
114010.0  32575.12 99 
114010.5  32575.58 99 
114011.0  32575.19 99 
114011.5  32575.69 99 
114012.0  32575.31 99 
114012.5  32575.58 99 
114013.0  32574.90 99 
114013.5  32575.38 99 
114014.0  32575.49 99 
114014.5  32574.79 99 
114015.0  32575.43 99 
114015.5  32575.55 99 
114016.0  32574.89 99 
114016.5  32574.93 99 
114017.0  32575.45 99 
114017.5  32575.03 99 
114018.0  32575.16 99 
114018.5  32575.45 99 
114019.0  32575.01 99 
114019.5  32574.96 99 
114020.0  32575.07 99 
114020.5  32574.80 99 
114021.0  32574.76 99 
114021.5  32574.88 99 
114022.0  32575.18 99 
114022.5  32575.09 99 
114023.0  32575.40 99 
114023.5  32575.08 99 
114024.0  32575.33 99 
114024.5  32575.55 99 
114025.0  32574.78 99 
114025.5  32575.19 99 
114026.0  32574.70 99 
114026.5  32575.38 99 
114027.0  32575.14 99 
114027.5  32575.41 99 
114028.0  32575.01 99 
114028.5  32574.72 99 
114029.0  32575.12 99 
114029.5  32574.97 99 
114030.0  32574.77 99 
114030.5  32575.58 99 
114031.0  32574.76 99 
114031.5  32575.50 99 
114032.0  32575.02 99 
114032.5  32575.24 99 
114033.0  32575.39 99 
114033.5  32574.99 99 
114034.0  32574.97 99 
114034.5  32575.51 99 
114035.0  32574.96 99 
114035.5  32575.30 99 
114036.0  32574.54 99 
114036.5  32575.36 99 
114037.0  32575.11 99 
114037.5  32575.07 99 
114038.0  32575.14 99 
114038.5  32575.33 99 
114039.0  32575.07 99 
114039.5  32575.16 99 
114040.0  32574.81 99 
114040.5  32575.01 99 
114041.0  32574.66 99 
114041.5  32575.43 99 
114042.0  32574.52 99 
114042.5  32575.47 99 
114043.0  32575.09 99 
114043.5  32575.48 99 
114044.0  32574.35 99 
114044.5  32574.95 99 
114045.0  32574.52 99 
114045.5  32574.98 99 
114046.0  32574.43 99 
114046.5  32574.35 99 
114047.0  32574.72 99 
114047.5  32575.17 99 
114048.0  32574.73 99 
114048.5  32574.99 99 
114049.0  32574.49 99 
114049.5  32574.82 99 
114050.0  32574.39 99 
114050.5  32574.83 99 
114051.0  32574.99 99 
114051.5  32574.84 99 
114052.0  32574.65 99 
114052.5  32575.20 99 
114053.0  32575.26 99 
114053.5  32574.77 99 
114054.0  32574.53 99 
114054.5  32574.88 99 
114055.0  32575.05 99 
114055.5  32574.81 99 
114056.0  32574.22 99 
114056.5  32574.94 99 
114057.0  32575.23 99 
114057.5  32574.53 99 
114058.0  32574.93 99 
114058.5  32574.91 99 
114059.0  32574.55 99 
114059.5  32574.75 99 
114100.0  32574.55 99 
114100.5  32574.69 99 
114101.0  32574.72 99 
114101.5  32574.28 99 
114102.0  32574.63 99 
114102.5  32574.46 99 
114103.0  32575.27 99 
114103.5  32574.67 99 
114104.0  32574.98 99 
114104.5  32574.93 99 
114105.0  32574.57 99 
114105.5  32574.41 99 
114106.0  32574.57 99 
114106.5  32574.89 99 
114107.0  32574.43 99 
114107.5  32574.59 99 
114108.0  32574.49 99 
114108.5  32574.59 99 
114109.0  32574.45 99 
114109.5  32574.33 99 
114110.0  32574.68 99 
114110.5  32574.74 99 
114111.0  32574.79 98 
114111.5  32574.74 99 
114112.0  32574.25 99 
114112.5  32574.82 99 
114113.0  32574.26 99 
114113.5  32574.46 99 
114114.0  32574.10 99 
114114.5  32574.66 99 
114115.0  32574.64 99 
114115.5  32574.40 99 
114116.0  32574.54 99 
114116.5  32574.27 99 
114117.0  32574.22 99 
114117.5  32574.09 99 
114118.0  32574.72 99 
114118.5  32574.71 99 
114119.0  32574.53 99 
114119.5  32574.19 99 
114120.0  32574.59 99 
114120.5  32574.54 99 
114121.0  32574.92 99 
114121.5  32574.54 99 
114122.0  32574.60 99 
114122.5  32574.42 99 
114123.0  32574.57 99 
114123.5  32574.39 99 
114124.0  32574.24 99 
114124.5  32574.42 99 
114125.0  32573.86 99 
114125.5  32574.12 99 
114126.0  32574.59 99 
114126.5  32574.12 99 
114127.0  32574.88 99 
114127.5  32574.62 99 
114128.0  32574.48 99 
114128.5  32574.62 99 
114129.0  32574.17 99 
114129.5  32574.75 99 
114130.0  32574.13 99 
114130.5  32574.63 99 
114131.0  32574.54 99 
114131.5  32574.20 99 
114132.0  32574.60 99 
114132.5  32573.59 99 
114133.0  32574.78 99 
114133.5  32574.39 99 
114134.0  32574.20 99 
114134.5  32574.59 99 
114135.0  32573.96 99 
114135.5  32574.43 99 
114136.0  32574.38 99 
114136.5  32574.41 99 
114137.0  32574.48 99 
114137.5  32574.22 99 
114138.0  32574.13 99 
114138.5  32574.67 99 
114139.0  32574.47 99 
114139.5  32574.38 99 
114140.0  32574.19 99 
114140.5  32574.40 99 
114141.0  32574.56 99 
114141.5  32573.98 99 
114142.0  32574.03 99 
114142.5  32573.99 99 
114143.0  32574.66 99 
114143.5  32574.29 99 
114144.0  32574.51 99 
114144.5  32575.09 99 
114145.0  32574.11 99 
114145.5  32574.49 99 
114146.0  32574.13 99 
114146.5  32574.51 99 
114147.0  32574.15 99 
114147.5  32574.77 99 
114148.0  32574.03 99 
114148.5  32574.34 99 
114149.0  32574.57 99 
114149.5  32574.46 99 
114150.0  32574.68 99 
114150.5  32573.54 99 
114151.0  32574.52 99 
114151.5  32574.67 99 
114152.0  32573.89 99 
114152.5  32574.42 99 
114153.0  32574.02 99 
114153.5  32573.62 99 
114154.0  32574.61 99 
114154.5  32574.35 99 
114155.0  32574.26 99 
114155.5  32574.29 99 
114156.0  32574.30 99 
114156.5  32574.16 99 
114157.0  32574.40 99 
114157.5  32574.32 99 
114158.0  32573.92 99 
114158.5  32573.63 99 
114159.0  32573.83 99 
114159.5  32574.36 99 
114200.0  32574.54 99 
114200.5  32574.26 99 
114201.0  32573.81 99 
114201.5  32574.34 99 
114202.0  32574.14 99 
114202.5  32574.42 99 
114203.0  32573.82 99 
114203.5  32574.11 99 
114204.0  32574.35 99 
114204.5  32574.12 99 
114205.0  32574.49 99 
114205.5  32574.22 99 
114206.0  32574.39 99 
114206.5  32574.19 99 
114207.0  32574.23 99 
114207.5  32574.15 99 
114208.0  32574.14 99 
114208.5  32574.50 99 
114209.0  32574.46 99 
114209.5  32574.52 99 
114210.0  32574.15 99 
114210.5  32574.60 99 
114211.0  32574.07 99 
114211.5  32574.06 99 
114212.0  32573.99 99 
114212.5  32574.13 99 
114213.0  32574.09 99 
114213.5  32574.65 99 
114214.0  32574.26 99 
114214.5  32573.78 99 
114215.0  32574.11 99 
114215.5  32574.32 99 
114216.0  32574.36 99 
114216.5  32573.66 99 
114217.0  32574.01 99 
114217.5  32574.17 99 
114218.0  32574.33 99 
114218.5  32574.04 99 
114219.0  32573.91 99 
114219.5  32574.04 99 
114220.0  32573.97 99 
114220.5  32573.87 99 
114221.0  32574.42 99 
114221.5  32573.71 99 
114222.0  32574.10 99 
114222.5  32574.09 99 
114223.0  32574.03 99 
114223.5  32573.87 99 
114224.0  32573.89 99 
114224.5  32573.73 99 
114225.0  32574.13 99 
114225.5  32574.03 99 
114226.0  32573.60 99 
114226.5  32574.40 99 
114227.0  32573.76 99 
114227.5  32574.14 99 
114228.0  32573.73 99 
114228.5  32574.25 99 
114229.0  32574.34 99 
114229.5  32573.74 99 
114230.0  32573.91 99 
114230.5  32574.51 99 
114231.0  32573.51 99 
114231.5  32573.81 99 
114232.0  32574.71 99 
114232.5  32573.90 99 
114233.0  32573.93 99 
114233.5  32573.97 99 
114234.0  32574.20 99 
114234.5  32574.15 99 
114235.0  32573.73 99 
114235.5  32574.08 99 
114236.0  32574.14 99 
114236.5  32573.89 99 
114237.0  32573.80 99 
114237.5  32573.92 99 
114238.0  32574.37 99 
114238.5  32573.50 99 
114239.0  32573.72 99 
114239.5  32574.18 99 
114240.0  32574.14 99 
114240.5  32573.61 99 
114241.0  32574.17 99 
114241.5  32574.03 99 
114242.0  32573.86 99 
114242.5  32573.75 99 
114243.0  32573.59 99 
114243.5  32574.05 99 
114244.0  32573.47 99 
114244.5  32573.96 99 
114245.0  32574.23 99 
114245.5  32573.77 99 
114246.0  32573.50 99 
114246.5  32573.78 99 
114247.0  32573.92 99 
114247.5  32574.11 99 
114248.0  32573.80 99 
114248.5  32574.23 99 
114249.0  32573.40 99 
114249.5  32573.69 99 
114250.0  32573.71 99 
114250.5  32574.20 99 
114251.0  32573.75 99 
114251.5  32574.02 99 
114252.0  32573.17 99 
114252.5  32574.09 99 
114253.0  32574.13 99 
114253.5  32574.07 99 
114254.0  32573.88 99 
114254.5  32573.50 99 
114255.0  32573.66 99 
114255.5  32573.96 99 
114256.0  32573.58 99 
114256.5  32573.58 99 
114257.0  32573.95 99 
114257.5  32574.28 99 
114258.0  32573.40 99 
114258.5  32574.13 99 
114259.0  32574.30 99 
114259.5  32573.41 99 
114300.0  32573.58 99 
114300.5  32573.72 99 
114301.0  32573.80 99 
114301.5  32574.31 99 
114302.0  32573.84 99 
114302.5  32573.83 99 
114303.0  32573.09 99 
114303.5  32573.68 99 
114304.0  32573.49 99 
114304.5  32573.89 99 
114305.0  32573.92 99 
114305.5  32573.61 99 
114306.0  32573.42 99 
114306.5  32573.58 99 
114307.0  32573.86 99 
114307.5  32573.93 99 
114308.0  32574.01 99 
114308.5  32573.30 99 
114309.0  32573.42 99 
114309.5  32573.66 99 
114310.0  32573.87 99 
114310.5  32573.58 99 
114311.0  32573.64 99 
114311.5  32574.16 99 
114312.0  32574.13 99 
114312.5  32573.39 99 
114313.0  32573.39 99 
114313.5  32573.43 99 
114314.0  32573.59 99 
114314.5  32573.69 99 
114315.0  32573.76 99 
114315.5  32573.46 99 
114316.0  32573.66 99 
114316.5  32573.41 99 
114317.0  32573.67 99 
114317.5  32573.78 99 
114318.0  32574.06 99 
114318.5  32572.99 99 
114319.0  32573.56 99 
114319.5  32573.32 99 
114320.0  32573.99 99 
114320.5  32573.55 99 
114321.0  32573.10 99 
114321.5  32573.80 99 
114322.0  32573.71 99 
114322.5  32573.88 99 
114323.0  32572.86 99 
114323.5  32573.56 99 
114324.0  32573.52 99 
114324.5  32573.24 99 
114325.0  32573.72 99 
114325.5  32573.50 99 
114326.0  32573.77 99 
114326.5  32573.62 99 
114327.0  32573.86 99 
114327.5  32572.87 99 
114328.0  32573.16 99 
114328.5  32573.48 99 
114329.0  32573.25 99 
114329.5  32573.71 99 
114330.0  32573.38 99 
114330.5  32573.29 99 
114331.0  32573.07 99 
114331.5  32572.91 99 
114332.0  32573.25 99 
114332.5  32573.26 99 
114333.0  32573.30 99 
114333.5  32573.82 99 
114334.0  32573.39 99 
114334.5  32573.30 99 
114335.0  32573.76 99 
114335.5  32572.79 99 
114336.0  32573.55 99 
114336.5  32573.38 99 
114337.0  32573.95 99 
114337.5  32573.05 99 
114338.0  32573.57 99 
114338.5  32573.10 99 
114339.0  32573.62 99 
114339.5  32573.35 99 
114340.0  32573.83 99 
114340.5  32573.25 99 
114341.0  32573.34 99 
114341.5  32573.33 99 
114342.0  32573.48 99 
114342.5  32573.39 99 
114343.0  32573.18 99 
114343.5  32573.34 99 
114344.0  32573.55 99 
114344.5  32573.76 99 
114345.0  32573.39 99 
114345.5  32573.52 99 
114346.0  32572.82 99 
114346.5  32572.93 99 
114347.0  32573.58 99 
114347.5  32573.25 99 
114348.0  32573.44 98 
114348.5  32574.08 99 
114349.0  32573.43 99 
114349.5  32573.09 99 
114350.0  32573.04 99 
114350.5  32573.63 99 
114351.0  32573.54 99 
114351.5  32573.15 99 
114352.0  32573.49 99 
114352.5  32572.99 99 
114353.0  32573.08 99 
114353.5  32573.26 99 
114354.0  32573.53 99 
114354.5  32573.10 99 
114355.0  32572.86 99 
114355.5  32573.59 99 
114356.0  32573.24 99 
114356.5  32572.76 99 
114357.0  32572.89 99 
114357.5  32573.54 99 
114358.0  32572.66 99 
114358.5  32573.30 99 
114359.0  32573.11 99 
114359.5  32573.34 99 
114400.0  32573.09 99 
114400.5  32572.54 99 
114401.0  32572.89 99 
114401.5  32572.97 99 
114402.0  32573.08 99 
114402.5  32573.03 99 
114403.0  32573.00 99 
114403.5  32573.15 99 
114404.0  32572.88 99 
114404.5  32573.43 99 
114405.0  32573.12 99 
114405.5  32572.99 99 
114406.0  32573.16 99 
114406.5  32572.56 99 
114407.0  32572.92 99 
114407.5  32572.68 99 
114408.0  32573.30 99 
114408.5  32573.26 99 
114409.0  32573.06 99 
114409.5  32573.05 99 
114410.0  32572.82 99 
114410.5  32572.91 99 
114411.0  32573.32 99 
114411.5  32572.51 99 
114412.0  32572.88 99 
114412.5  32572.99 99 
114413.0  32572.92 99 
114413.5  32573.59 99 
114414.0  32573.00 99 
114414.5  32573.05 99 
114415.0  32573.01 99 
114415.5  32573.30 99 
114416.0  32572.86 99 
114416.5  32573.50 99 
114417.0  32572.87 99 
114417.5  32572.84 99 
114418.0  32572.81 99 
114418.5  32573.08 99 
114419.0  32573.15 99 
114419.5  32573.02 99 
114420.0  32573.21 99 
114420.5  32572.75 99 
114421.0  32573.24 99 
114421.5  32573.27 99 
114422.0  32573.12 99 
114422.5  32572.70 99 
114423.0  32572.70 99 
114423.5  32572.69 99 
114424.0  32572.73 99 
114424.5  32572.56 99 
114425.0  32572.61 99 
114425.5  32572.89 99 
114426.0  32572.65 99 
114426.5  32572.93 99 
114427.0  32572.87 99 
114427.5  32572.87 99 
114428.0  32572.57 99 
114428.5  32572.91 99 
114429.0  32572.33 99 
114429.5  32573.04 99 
114430.0  32572.95 99 
114430.5  32572.79 99 
114431.0  32573.41 99 
114431.5  32572.40 99 
114432.0  32573.21 99 
114432.5  32572.60 99 
114433.0  32572.86 99 
114433.5  32573.09 99 
114434.0  32572.98 99 
114434.5  32572.84 99 
114435.0  32572.78 99 
114435.5  32572.83 99 
114436.0  32572.52 99 
114436.5  32572.90 99 
114437.0  32572.65 99 
114437.5  32573.24 99 
114438.0  32573.35 99 
114438.5  32572.91 99 
114439.0  32573.27 99 
114439.5  32572.29 99 
114440.0  32572.89 99 
114440.5  32573.16 99 
114441.0  32572.71 99 
114441.5  32572.44 99 
114442.0  32572.91 99 
114442.5  32573.04 99 
114443.0  32572.56 99 
114443.5  32572.66 99 
114444.0  32572.92 99 
114444.5  32572.84 99 
114445.0  32573.04 99 
114445.5  32572.61 99 
114446.0  32572.87 99 
114446.5  32573.43 99 
114447.0  32572.71 99 
114447.5  32572.96 99 
114448.0  32572.76 99 
114448.5  32573.19 99 
114449.0  32572.11 99 
114449.5  32572.79 99 
114450.0  32572.85 99 
114450.5  32572.96 99 
114451.0  32572.28 99 
114451.5  32573.07 99 
114452.0  32572.62 99 
114452.5  32573.02 99 
114453.0  32572.64 99 
114453.5  32572.45 99 
114454.0  32572.75 99 
114454.5  32572.60 99 
114455.0  32573.16 99 
114455.5  32572.84 99 
114456.0  32572.60 99 
114456.5  32572.86 99 
114457.0  32572.86 99 
114457.5  32572.57 99 
114458.0  32572.58 99 
114458.5  32572.33 99 
114459.0  32572.89 99 
114459.5  32572.23 99 
114500.0  32571.87 99 
114500.5  32572.73 99 
114501.0  32572.84 99 
114501.5  32572.26 99 
114502.0  32572.75 99 
114502.5  32572.52 99 
114503.0  32572.73 99 
114503.5  32572.60 99 
114504.0  32572.37 99 
114504.5  32572.85 99 
114505.0  32572.51 99 
114505.5  32572.33 99 
114506.0  32572.73 99 
114506.5  32572.79 99 
114507.0  32572.67 99 
114507.5  32572.87 99 
114508.0  32572.37 99 
114508.5  32572.51 99 
114509.0  32572.50 99 
114509.5  32572.56 99 
114510.0  32572.63 99 
114510.5  32573.03 99 
114511.0  32572.45 99 
114511.5  32572.71 99 
114512.0  32573.15 99 
114512.5  32572.31 99 
114513.0  32572.31 99 
114513.5  32573.24 99 
114514.0  32573.00 99 
114514.5  32572.52 99 
114515.0  32572.60 99 
114515.5  32572.30 99 
114516.0  32572.29 99 
114516.5  32572.55 99 
114517.0  32572.39 99 
114517.5  32572.43 99 
114518.0  32572.48 99 
114518.5  32572.29 99 
114519.0  32572.82 99 
114519.5  32572.43 99 
114520.0  32572.73 99 
114520.5  32572.41 99 
114521.0  32572.67 99 
114521.5  32572.72 99 
114522.0  32572.71 99 
114522.5  32572.47 99 
114523.0  32572.59 99 
114523.5  32572.41 99 
114524.0  32572.58 99 
114524.5  32572.46 99 
114525.0  32571.97 99 
114525.5  32573.16 99 
114526.0  32572.47 99 
114526.5  32572.59 99 
114527.0  32572.28 99 
114527.5  32572.69 99 
114528.0  32572.30 99 
114528.5  32572.48 99 
114529.0  32572.55 99 
114529.5  32572.19 99 
114530.0  32572.34 99 
114530.5  32572.25 99 
114531.0  32572.40 99 
114531.5  32572.33 99 
114532.0  32572.02 99 
114532.5  32572.48 99 
114533.0  32572.60 99 
114533.5  32572.16 99 
114534.0  32571.91 99 
114534.5  32572.62 99 
114535.0  32572.13 99 
114535.5  32572.53 99 
114536.0  32572.18 99 
114536.5  32572.27 99 
114537.0  32572.35 99 
114537.5  32572.34 99 
114538.0  32572.63 99 
114538.5  32572.59 99 
114539.0  32572.28 99 
114539.5  32572.45 99 
114540.0  32572.32 99 
114540.5  32572.52 99 
114541.0  32571.86 99 
114541.5  32571.97 99 
114542.0  32572.03 99 
114542.5  32572.46 99 
114543.0  32572.12 99 
114543.5  32571.84 99 
114544.0  32572.66 99 
114544.5  32572.30 99 
114545.0  32573.18 99 
114545.5  32572.64 99 
114546.0  32572.47 99 
114546.5  32571.89 99 
114547.0  32572.08 99 
114547.5  32572.50 99 
114548.0  32572.30 99 
114548.5  32572.10 99 
114549.0  32572.20 99 
114549.5  32572.31 99 
114550.0  32571.97 99 
114550.5  32571.60 99 
114551.0  32571.96 99 
114551.5  32572.13 99 
114552.0  32572.32 99 
114552.5  32572.02 99 
114553.0  32572.28 99 
114553.5  32571.86 99 
114554.0  32571.93 99 
114554.5  32571.89 99 
114555.0  32572.23 99 
114555.5  32572.06 99 
114556.0  32572.26 99 
114556.5  32571.79 99 
114557.0  32571.71 99 
114557.5  32572.46 99 
114558.0  32572.00 99 
114558.5  32572.11 99 
114559.0  32571.54 99 
114559.5  32572.00 99 
114600.0  32572.09 99 
114600.5  32572.05 99 
114601.0  32572.38 99 
114601.5  32571.78 99 
114602.0  32571.66 99 
114602.5  32572.20 99 
114603.0  32571.74 99 
114603.5  32572.16 99 
114604.0  32571.90 99 
114604.5  32572.09 99 
114605.0  32572.22 99 
114605.5  32572.11 99 
114606.0  32572.34 99 
114606.5  32571.85 99 
114607.0  32572.01 99 
114607.5  32571.76 99 
114608.0  32572.17 99 
114608.5  32572.04 99 
114609.0  32572.24 99 
114609.5  32572.20 99 
114610.0  32572.29 99 
114610.5  32571.56 99 
114611.0  32571.65 99 
114611.5  32571.49 99 
114612.0  32571.68 98 
114612.5  32572.33 99 
114613.0  32571.44 99 
114613.5  32571.45 99 
114614.0  32571.38 99 
114614.5  32571.96 99 
114615.0  32571.86 99 
114615.5  32572.00 99 
114616.0  32571.78 99 
114616.5  32571.93 99 
114617.0  32571.21 99 
114617.5  32571.37 99 
114618.0  32570.98 99 
114618.5  32572.00 99 
114619.0  32571.59 99 
114619.5  32571.43 99 
114620.0  32571.53 99 
114620.5  32571.60 99 
114621.0  32572.01 99 
114621.5  32571.43 99 
114622.0  32572.12 99 
114622.5  32572.01 99 
114623.0  32571.61 99 
114623.5  32571.37 99 
114624.0  32571.30 99 
114624.5  32572.00 99 
114625.0  32571.80 99 
114625.5  32571.29 99 
114626.0  32571.80 99 
114626.5  32571.75 99 
114627.0  32571.66 99 
114627.5  32571.46 99 
114628.0  32571.73 99 
114628.5  32571.34 99 
114629.0  32571.88 99 
114629.5  32571.76 99 
114630.0  32571.62 99 
114630.5  32571.36 99 
114631.0  32571.59 99 
114631.5  32571.94 99 
114632.0  32572.05 99 
114632.5  32571.72 99 
114633.0  32571.33 99 
114633.5  32571.89 99 
114634.0  32572.03 99 
114634.5  32571.13 99 
114635.0  32571.55 99 
114635.5  32572.08 99 
114636.0  32571.53 99 
114636.5  32571.30 99 
114637.0  32571.50 99 
114637.5  32571.35 99 
114638.0  32571.32 99 
114638.5  32571.83 99 
114639.0  32571.30 99 
114639.5  32571.76 99 
114640.0  32571.30 99 
114640.5  32572.01 99 
114641.0  32571.63 99 
114641.5  32571.56 99 
114642.0  32571.00 99 
114642.5  32571.19 99 
114643.0  32571.31 99 
114643.5  32571.62 99 
114644.0  32571.78 99 
114644.5  32571.29 99 
114645.0  32571.55 99 
114645.5  32571.67 99 
114646.0  32571.38 99 
114646.5  32571.62 99 
114647.0  32571.58 99 
114647.5  32571.44 99 
114648.0  32571.67 99 
114648.5  32571.51 99 
114649.0  32571.06 99 
114649.5  32571.19 99 
114650.0  32571.65 99 
114650.5  32570.86 99 
114651.0  32571.90 99 
114651.5  32571.91 99 
114652.0  32571.58 99 
114652.5  32571.62 99 
114653.0  32571.72 99 
114653.5  32571.19 99 
114654.0  32571.13 99 
114654.5  32571.23 99 
114655.0  32571.43 99 
114655.5  32571.45 99 
114656.0  32571.16 99 
114656.5  32571.50 99 
114657.0  32571.37 99 
114657.5  32570.58 99 
114658.0  32571.16 99 
114658.5  32571.28 99 
114659.0  32571.28 99 
114659.5  32571.28 99 
114700.0  32571.23 99 
114700.5  32571.41 99 
114701.0  32571.22 99 
114701.5  32571.63 99 
114702.0  32571.24 99 
114702.5  32571.08 99 
114703.0  32571.57 99 
114703.5  32571.67 99 
114704.0  32571.04 99 
114704.5  32571.46 99 
114705.0  32571.14 99 
114705.5  32571.00 99 
114706.0  32571.50 99 
114706.5  32571.08 99 
114707.0  32570.82 99 
114707.5  32571.32 99 
114708.0  32571.25 99 
114708.5  32571.06 99 
114709.0  32570.92 99 
114709.5  32571.55 99 
114710.0  32570.86 99 
114710.5  32571.00 99 
114711.0  32571.33 99 
114711.5  32571.06 99 
114712.0  32571.46 99 
114712.5  32571.45 99 
114713.0  32571.30 99 
114713.5  32571.41 99 
114714.0  32571.46 99 
114714.5  32571.17 99 
114715.0  32571.12 99 
114715.5  32571.32 99 
114716.0  32571.80 99 
114716.5  32571.63 99 
114717.0  32571.09 99 
114717.5  32570.93 99 
114718.0  32570.93 99 
114718.5  32571.16 99 
114719.0  32571.22 99 
114719.5  32571.40 99 
114720.0  32571.86 99 
114720.5  32571.20 99 
114721.0  32571.03 99 
114721.5  32571.07 99 
114722.0  32571.07 99 
114722.5  32571.57 99 
114723.0  32570.88 99 
114723.5  32570.96 99 
114724.0  32571.44 99 
114724.5  32571.66 99 
114725.0  32571.19 99 
114725.5  32571.44 99 
114726.0  32571.46 99 
114726.5  32571.13 99 
114727.0  32570.97 99 
114727.5  32571.25 99 
114728.0  32571.02 99 
114728.5  32571.21 99 
114729.0  32571.43 99 
114729.5  32571.47 99 
114730.0  32571.05 99 
114730.5  32570.80 99 
114731.0  32571.73 99 
114731.5  32571.26 99 
114732.0  32571.22 99 
114732.5  32571.49 99 
114733.0  32571.16 99 
114733.5  32571.19 99 
114734.0  32570.27 99 
114734.5  32571.38 99 
114735.0  32571.28 99 
114735.5  32571.26 99 
114736.0  32571.38 99 
114736.5  32571.32 99 
114737.0  32570.98 99 
114737.5  32571.20 99 
114738.0  32571.35 99 
114738.5  32571.56 99 
114739.0  32571.44 99 
114739.5  32571.12 99 
114740.0  32570.83 99 
114740.5  32570.84 99 
114741.0  32571.83 99 
114741.5  32571.18 99 
114742.0  32570.97 99 
114742.5  32571.00 99 
114743.0  32571.10 99 
114743.5  32571.41 99 
114744.0  32570.88 99 
114744.5  32571.08 99 
114745.0  32571.45 99 
114745.5  32571.83 99 
114746.0  32571.60 99 
114746.5  32571.46 99 
114747.0  32570.73 99 
114747.5  32571.39 99 
114748.0  32571.54 99 
114748.5  32570.88 99 
114749.0  32571.03 99 
114749.5  32571.02 99 
114750.0  32571.61 99 
114750.5  32571.14 99 
114751.0  32571.09 99 
114751.5  32571.37 99 
114752.0  32571.22 99 
114752.5  32571.21 99 
114753.0  32570.93 99 
114753.5  32571.32 99 
114754.0  32571.54 99 
114754.5  32570.61 99 
114755.0  32571.25 99 
114755.5  32571.38 99 
114756.0  32571.27 99 
114756.5  32571.72 99 
114757.0  32571.66 99 
114757.5  32571.15 99 
114758.0  32570.87 99 
114758.5  32570.63 99 
114759.0  32571.15 99 
114759.5  32571.65 99 
114800.0  32571.34 99 
114800.5  32571.12 99 
114801.0  32571.40 99 
114801.5  32571.11 99 
114802.0  32570.91 99 
114802.5  32571.31 99 
114803.0  32571.41 99 
114803.5  32571.31 99 
114804.0  32571.10 99 
114804.5  32571.27 99 
114805.0  32570.70 99 
114805.5  32571.31 99 
114806.0  32571.46 99 
114806.5  32571.51 99 
114807.0  32570.84 99 
114807.5  32570.89 99 
114808.0  32571.90 99 
114808.5  32571.38 99 
114809.0  32570.90 99 
114809.5  32571.67 99 
114810.0  32571.06 99 
114810.5  32571.62 99 
114811.0  32571.65 99 
114811.5  32571.27 99 
114812.0  32571.27 99 
114812.5  32570.85 99 
114813.0  32571.36 99 
114813.5  32571.46 99 
114814.0  32570.94 99 
114814.5  32571.37 99 
114815.0  32571.54 99 
114815.5  32571.80 99 
114816.0  32570.78 99 
114816.5  32571.29 99 
114817.0  32571.32 99 
114817.5  32571.25 99 
114818.0  32571.30 99 
114818.5  32571.96 99 
114819.0  32571.55 99 
114819.5  32571.52 99 
114820.0  32571.45 99 
114820.5  32572.02 99 
114821.0  32571.17 99 
114821.5  32571.05 99 
114822.0  32570.91 99 
114822.5  32571.69 99 
114823.0  32571.76 99 
114823.5  32571.49 99 
114824.0  32571.36 99 
114824.5  32571.56 99 
114825.0  32571.30 99 
114825.5  32571.50 99 
114826.0  32571.71 99 
114826.5  32571.49 99 
114827.0  32571.58 99 
114827.5  32571.68 99 
114828.0  32571.73 99 
114828.5  32571.33 99 
114829.0  32571.94 99 
114829.5  32571.49 99 
114830.0  32571.39 99 
114830.5  32571.70 99 
114831.0  32571.13 99 
114831.5  32571.22 99 
114832.0  32571.19 99 
114832.5  32571.42 99 
114833.0  32571.53 99 
114833.5  32571.44 99 
114834.0  32571.63 99 
114834.5  32571.43 99 
114835.0  32571.29 99 
114835.5  32571.02 99 
114836.0  32571.57 99 
114836.5  32571.25 99 
114837.0  32571.34 99 
114837.5  32571.43 99 
114838.0  32571.24 99 
114838.5  32571.27 99 
114839.0  32571.50 99 
114839.5  32571.22 99 
114840.0  32571.29 99 
114840.5  32571.83 99 
114841.0  32571.86 99 
114841.5  32571.60 99 
114842.0  32571.36 99 
114842.5  32571.41 99 
114843.0  32571.68 99 
114843.5  32571.17 99 
114844.0  32570.96 99 
114844.5  32571.07 99 
114845.0  32570.77 99 
114845.5  32571.23 99 
114846.0  32571.42 99 
114846.5  32571.29 99 
114847.0  32570.86 99 
114847.5  32571.62 99 
114848.0  32571.18 99 
114848.5  32571.61 99 
114849.0  32571.03 99 
114849.5  32571.31 99 
114850.0  32571.47 99 
114850.5  32571.16 99 
114851.0  32571.47 99 
114851.5  32571.26 99 
114852.0  32571.73 99 
114852.5  32571.07 99 
114853.0  32571.73 99 
114853.5  32570.96 99 
114854.0  32571.43 99 
114854.5  32571.59 99 
114855.0  32571.19 99 
114855.5  32571.29 99 
114856.0  32571.37 99 
114856.5  32571.34 99 
114857.0  32571.06 99 
114857.5  32571.50 99 
114858.0  32571.66 99 
114858.5  32571.18 99 
114859.0  32571.48 99 
114859.5  32571.17 99 
114900.0  32570.89 99 
114900.5  32571.41 99 
114901.0  32571.20 99 
114901.5  32571.03 99 
114902.0  32571.20 99 
114902.5  32571.31 99 
114903.0  32571.59 99 
114903.5  32572.15 99 
114904.0  32571.29 99 
114904.5  32571.01 99 
114905.0  32570.94 99 
114905.5  32570.98 99 
114906.0  32571.47 99 
114906.5  32571.60 99 
114907.0  32571.11 99 
114907.5  32570.88 99 
114908.0  32571.14 99 
114908.5  32571.39 99 
114909.0  32571.18 99 
114909.5  32571.22 99 
114910.0  32571.25 99 
114910.5  32571.52 99 
114911.0  32571.23 99 
114911.5  32571.08 99 
114912.0  32571.13 99 
114912.5  32571.53 99 
114913.0  32571.67 99 
114913.5  32571.62 99 
114914.0  32571.10 99 
114914.5  32570.82 99 
114915.0  32570.94 99 
114915.5  32570.96 99 
114916.0  32570.67 99 
114916.5  32570.75 99 
114917.0  32571.05 99 
114917.5  32571.27 99 
114918.0  32570.95 99 
114918.5  32571.15 99 
114919.0  32570.76 99 
114919.5  32571.58 99 
114920.0  32571.26 99 
114920.5  32571.27 99 
114921.0  32571.44 99 
114921.5  32571.09 99 
114922.0  32571.30 99 
114922.5  32570.81 99 
114923.0  32570.55 99 
114923.5  32571.42 99 
114924.0  32571.45 99 
114924.5  32571.12 99 
114925.0  32571.11 99 
114925.5  32570.80 99 
114926.0  32571.78 99 
114926.5  32571.47 99 
114927.0  32571.25 99 
114927.5  32570.62 99 
114928.0  32571.01 99 
114928.5  32571.02 99 
114929.0  32570.97 99 
114929.5  32571.39 99 
114930.0  32571.20 99 
114930.5  32571.07 99 
114931.0  32571.13 99 
114931.5  32570.74 99 
114932.0  32570.67 99 
114932.5  32570.67 99 
114933.0  32570.98 99 
114933.5  32571.51 99 
114934.0  32570.58 99 
114934.5  32570.82 99 
114935.0  32570.80 99 
114935.5  32570.50 99 
114936.0  32570.83 99 
114936.5  32571.29 99 
114937.0  32571.10 99 
114937.5  32570.87 99 
114938.0  32571.07 99 
114938.5  32571.05 99 
114939.0  32570.65 99 
114939.5  32571.04 99 
114940.0  32571.22 99 
114940.5  32571.21 99 
114941.0  32570.37 99 
114941.5  32571.58 99 
114942.0  32570.95 99 
114942.5  32570.86 99 
114943.0  32570.62 99 
114943.5  32570.65 99 
114944.0  32571.07 99 
114944.5  32570.97 99 
114945.0  32570.83 99 
114945.5  32571.32 99 
114946.0  32571.06 99 
114946.5  32571.15 99 
114947.0  32571.07 99 
114947.5  32570.86 99 
114948.0  32571.31 99 
114948.5  32571.02 99 
114949.0  32570.90 99 
114949.5  32571.14 99 
114950.0  32570.97 99 
114950.5  32571.16 99 
114951.0  32571.12 99 
114951.5  32571.38 99 
114952.0  32570.74 99 
114952.5  32571.36 99 
114953.0  32570.66 99 
114953.5  32570.72 99 
114954.0  32570.84 99 
114954.5  32570.49 99 
114955.0  32570.81 99 
114955.5  32570.86 99 
114956.0  32570.81 99 
114956.5  32570.87 99 
114957.0  32570.67 99 
114957.5  32570.67 99 
114958.0  32570.29 99 
114958.5  32570.31 99 
114959.0  32570.64 99 
114959.5  32571.14 99 
115000.0  32571.11 99 
115000.5  32571.32 99 
115001.0  32570.74 99 
115001.5  32570.88 99 
115002.0  32571.30 99 
115002.5  32570.76 99 
115003.0  32571.05 99 
115003.5  32570.36 99 
115004.0  32570.60 99 
115004.5  32571.04 99 
115005.0  32570.34 99 
115005.5  32571.12 99 
115006.0  32571.23 99 
115006.5  32570.86 99 
115007.0  32570.71 99 
115007.5  32570.90 99 
115008.0  32570.36 99 
115008.5  32571.87 99 
115009.0  32570.46 99 
115009.5  32571.05 99 
115010.0  32571.37 99 
115010.5  32570.50 99 
115011.0  32570.88 99 
115011.5  32570.66 99 
115012.0  32570.85 99 
115012.5  32570.50 99 
115013.0  32571.23 99 
115013.5  32570.97 99 
115014.0  32571.09 99 
115014.5  32570.75 99 
115015.0  32571.20 99 
115015.5  32570.97 99 
115016.0  32571.14 99 
115016.5  32570.63 99 
115017.0  32570.67 99 
115017.5  32570.81 99 
115018.0  32570.64 99 
115018.5  32570.62 99 
115019.0  32571.04 99 
115019.5  32570.63 99 
115020.0  32570.82 99 
115020.5  32570.42 99 
115021.0  32570.65 99 
115021.5  32571.33 99 
115022.0  32571.19 99 
115022.5  32571.03 99 
115023.0  32570.96 99 
115023.5  32570.93 99 
115024.0  32570.67 99 
115024.5  32570.84 99 
115025.0  32571.13 99 
115025.5  32570.29 99 
115026.0  32570.80 99 
115026.5  32570.66 99 
115027.0  32570.92 99 
115027.5  32570.90 99 
115028.0  32570.63 99 
115028.5  32570.91 99 
115029.0  32570.60 99 
115029.5  32570.83 99 
115030.0  32571.25 99 
115030.5  32570.28 99 
115031.0  32570.91 99 
115031.5  32570.28 98 
115032.0  32571.13 99 
115032.5  32570.89 99 
115033.0  32570.83 99 
115033.5  32570.77 99 
115034.0  32570.68 99 
115034.5  32570.78 99 
115035.0  32570.95 99 
115035.5  32571.02 99 
115036.0  32570.56 99 
115036.5  32570.58 99 
115037.0  32570.68 99 
115037.5  32570.88 99 
115038.0  32570.75 99 
115038.5  32570.65 99 
115039.0  32571.24 99 
115039.5  32570.93 99 
115040.0  32570.97 99 
115040.5  32571.12 99 
115041.0  32570.89 99 
115041.5  32570.63 99 
115042.0  32571.18 99 
115042.5  32570.61 99 
115043.0  32571.16 99 
115043.5  32570.78 99 
115044.0  32570.74 99 
115044.5  32571.03 99 
115045.0  32571.29 99 
115045.5  32570.46 99 
115046.0  32570.49 99 
115046.5  32570.82 99 
115047.0  32570.89 99 
115047.5  32570.91 99 
115048.0  32571.11 99 
115048.5  32571.05 99 
115049.0  32570.83 99 
115049.5  32570.97 99 
115050.0  32570.76 99 
115050.5  32570.67 99 
115051.0  32570.38 99 
115051.5  32571.26 99 
115052.0  32570.98 99 
115052.5  32570.77 99 
115053.0  32570.90 99 
115053.5  32570.75 99 
115054.0  32570.90 99 
115054.5  32571.17 99 
115055.0  32570.93 99 
115055.5  32571.03 99 
115056.0  32570.83 99 
115056.5  32571.14 98 
115057.0  32570.55 99 
115057.5  32571.06 99 
115058.0  32570.87 99 
115058.5  32570.95 99 
115059.0  32571.07 99 
115059.5  32571.11 99 
115100.0  32570.89 99 
115100.5  32571.09 99 
115101.0  32570.82 99 
115101.5  32571.03 99 
115102.0  32570.92 99 
115102.5  32571.16 99 
115103.0  32571.09 99 
115103.5  32571.20 99 
115104.0  32570.48 99 
115104.5  32571.19 99 
115105.0  32570.80 99 
115105.5  32571.19 99 
115106.0  32571.23 99 
115106.5  32571.17 99 
115107.0  32570.74 99 
115107.5  32571.18 99 
115108.0  32570.92 99 
115108.5  32570.81 99 
115109.0  32571.25 99 
115109.5  32570.87 99 
115110.0  32571.20 99 
115110.5  32570.68 99 
115111.0  32570.63 99 
115111.5  32571.11 99 
115112.0  32570.79 99 
115112.5  32571.32 99 
115113.0  32571.00 99 
115113.5  32571.26 99 
115114.0  32570.88 99 
115114.5  32571.12 99 
115115.0  32570.76 99 
115115.5  32571.79 99 
115116.0  32571.11 99 
115116.5  32570.55 99 
115117.0  32570.47 99 
115117.5  32570.66 99 
115118.0  32570.80 99 
115118.5  32570.89 99 
115119.0  32571.21 99 
115119.5  32570.78 99 
115120.0  32571.21 99 
115120.5  32570.35 99 
115121.0  32570.77 99 
115121.5  32570.60 99 
115122.0  32571.03 99 
115122.5  32571.08 99 
115123.0  32571.22 99 
115123.5  32570.98 99 
115124.0  32571.36 99 
115124.5  32570.85 99 
115125.0  32571.63 99 
115125.5  32571.13 99 
115126.0  32570.75 99 
115126.5  32571.32 99 
115127.0  32570.96 99 
115127.5  32570.35 99 
115128.0  32570.69 99 
115128.5  32571.13 99 
115129.0  32571.07 99 
115129.5  32570.91 99 
115130.0  32571.11 99 
115130.5  32571.27 99 
115131.0  32571.03 99 
115131.5  32570.63 99 
115132.0  32570.71 99 
115132.5  32571.02 99 
115133.0  32571.38 99 
115133.5  32570.76 99 
115134.0  32570.95 99 
115134.5  32571.16 99 
115135.0  32570.92 99 
115135.5  32571.02 99 
115136.0  32570.89 99 
115136.5  32571.22 99 
115137.0  32571.05 99 
115137.5  32570.76 99 
115138.0  32570.57 99 
115138.5  32571.31 99 
115139.0  32571.17 99 
115139.5  32571.18 99 
115140.0  32570.96 99 
115140.5  32570.38 99 
115141.0  32570.90 99 
115141.5  32570.83 99 
115142.0  32571.13 99 
115142.5  32571.50 99 
115143.0  32570.82 99 
115143.5  32570.97 99 
115144.0  32570.24 99 
115144.5  32570.86 99 
115145.0  32570.77 99 
115145.5  32570.62 99 
115146.0  32570.88 99 
115146.5  32571.23 99 
115147.0  32571.04 99 
115147.5  32570.56 99 
115148.0  32570.93 99 
115148.5  32570.90 99 
115149.0  32571.04 99 
115149.5  32570.90 99 
115150.0  32571.01 99 
115150.5  32570.69 99 
115151.0  32571.14 99 
115151.5  32570.80 99 
115152.0  32571.09 99 
115152.5  32571.05 99 
115153.0  32570.81 99 
115153.5  32570.71 99 
115154.0  32571.01 99 
115154.5  32570.69 99 
115155.0  32571.08 99 
115155.5  32570.86 99 
115156.0  32571.82 99 
115156.5  32570.99 99 
115157.0  32570.83 99 
115157.5  32570.73 99 
115158.0  32570.44 99 
115158.5  32570.58 99 
115159.0  32570.67 99 
115159.5  32570.63 99 
115200.0  32571.18 99 
115200.5  32570.50 99 
115201.0  32570.84 99 
115201.5  32570.77 99 
115202.0  32571.16 99 
115202.5  32570.78 99 
115203.0  32570.61 99 
115203.5  32570.60 99 
115204.0  32570.97 99 
115204.5  32571.27 99 
115205.0  32570.73 99 
115205.5  32570.72 99 
115206.0  32570.70 99 
115206.5  32570.69 99 
115207.0  32571.08 99 
115207.5  32571.06 99 
115208.0  32570.95 99 
115208.5  32570.59 99 
115209.0  32571.16 99 
115209.5  32570.93 99 
115210.0  32571.45 99 
115210.5  32570.98 99 
115211.0  32571.10 99 
115211.5  32571.14 99 
115212.0  32571.71 99 
115212.5  32571.60 99 
115213.0  32570.63 99 
115213.5  32571.02 99 
115214.0  32571.44 99 
115214.5  32570.96 99 
115215.0  32570.92 99 
115215.5  32571.29 99 
115216.0  32571.36 99 
115216.5  32571.30 99 
115217.0  32570.88 99 
115217.5  32571.54 99 
115218.0  32570.45 99 
115218.5  32570.84 99 
115219.0  32570.85 99 
115219.5  32570.91 99 
115220.0  32571.42 99 
115220.5  32571.39 99 
115221.0  32570.84 99 
115221.5  32570.63 99 
115222.0  32571.09 99 
115222.5  32570.92 99 
115223.0  32571.35 99 
115223.5  32570.85 99 
115224.0  32570.83 99 
115224.5  32571.38 99 
115225.0  32570.41 99 
115225.5  32570.77 99 
115226.0  32570.90 99 
115226.5  32570.77 99 
115227.0  32570.51 99 
115227.5  32570.87 99 
115228.0  32570.68 99 
115228.5  32571.59 99 
115229.0  32571.04 99 
115229.5  32570.48 99 
115230.0  32570.97 99 
115230.5  32570.67 99 
115231.0  32571.09 99 
115231.5  32571.10 99 
115232.0  32570.40 99 
115232.5  32570.19 99 
115233.0  32570.54 99 
115233.5  32570.91 99 
115234.0  32571.18 99 
115234.5  32570.68 99 
115235.0  32571.11 99 
115235.5  32571.66 99 
115236.0  32570.94 99 
115236.5  32570.78 99 
115237.0  32570.69 99 
115237.5  32571.06 99 
115238.0  32571.20 99 
115238.5  32570.95 99 
115239.0  32571.00 99 
115239.5  32570.67 99 
115240.0  32570.78 99 
115240.5  32570.85 99 
115241.0  32570.84 99 
115241.5  32570.79 99 
115242.0  32570.41 99 
115242.5  32570.69 99 
115243.0  32571.06 99 
115243.5  32571.39 99 
115244.0  32570.72 99 
115244.5  32570.60 99 
115245.0  32570.91 99 
115245.5  32570.85 99 
115246.0  32570.55 99 
115246.5  32571.12 99 
115247.0  32571.34 99 
115247.5  32570.77 99 
115248.0  32571.28 99 
115248.5  32570.76 99 
115249.0  32571.08 99 
115249.5  32570.74 99 
115250.0  32570.75 99 
115250.5  32571.00 99 
115251.0  32571.06 99 
115251.5  32570.33 99 
115252.0  32570.95 99 
115252.5  32571.04 99 
115253.0  32570.60 99 
115253.5  32570.77 99 
115254.0  32570.79 99 
115254.5  32570.83 99 
115255.0  32570.51 99 
115255.5  32570.62 99 
115256.0  32571.34 99 
115256.5  32571.02 99 
115257.0  32571.14 99 
115257.5  32571.20 99 
115258.0  32570.68 99 
115258.5  32571.41 99 
115259.0  32571.00 99 
115259.5  32570.71 99 
115300.0  32570.81 99 
115300.5  32570.90 99 
115301.0  32570.83 99 
115301.5  32570.97 99 
115302.0  32570.84 99 
115302.5  32571.60 99 
115303.0  32570.48 99 
115303.5  32570.75 99 
115304.0  32570.95 99 
115304.5  32570.89 99 
115305.0  32571.53 99 
115305.5  32571.21 99 
115306.0  32571.30 99 
115306.5  32571.20 99 
115307.0  32570.98 99 
115307.5  32571.25 99 
115308.0  32571.06 99 
115308.5  32570.78 99 
115309.0  32570.78 99 
115309.5  32571.11 99 
115310.0  32570.61 99 
115310.5  32570.81 99 
115311.0  32570.68 99 
115311.5  32570.34 99 
115312.0  32571.20 99 
115312.5  32570.40 99 
115313.0  32570.87 99 
115313.5  32571.29 99 
115314.0  32571.05 99 
115314.5  32571.11 99 
115315.0  32571.27 99 
115315.5  32570.84 99 
115316.0  32570.99 99 
115316.5  32571.27 99 
115317.0  32570.67 99 
115317.5  32570.80 99 
115318.0  32571.25 99 
115318.5  32571.34 99 
115319.0  32571.06 99 
115319.5  32570.98 99 
115320.0  32570.51 99 
115320.5  32570.94 99 
115321.0  32570.73 99 
115321.5  32570.83 99 
115322.0  32571.05 99 
115322.5  32571.04 99 
115323.0  32570.80 99 
115323.5  32570.76 99 
115324.0  32571.15 99 
115324.5  32570.90 99 
115325.0  32571.25 99 
115325.5  32570.94 99 
115326.0  32570.87 99 
115326.5  32570.80 99 
115327.0  32570.62 99 
115327.5  32570.48 99 
115328.0  32570.84 99 
115328.5  32571.27 99 
115329.0  32570.62 99 
115329.5  32570.81 99 
115330.0  32570.71 99 
115330.5  32570.63 99 
115331.0  32570.83 99 
115331.5  32571.05 99 
115332.0  32571.00 99 
115332.5  32571.24 99 
115333.0  32571.43 99 
115333.5  32570.80 99 
115334.0  32570.86 99 
115334.5  32571.23 99 
115335.0  32571.36 99 
115335.5  32571.19 99 
115336.0  32571.06 99 
115336.5  32570.87 99 
115337.0  32570.16 99 
115337.5  32570.99 99 
115338.0  32570.80 99 
115338.5  32570.71 99 
115339.0  32570.94 99 
115339.5  32570.70 99 
115340.0  32570.75 99 
115340.5  32570.64 99 
115341.0  32570.50 99 
115341.5  32570.37 99 
115342.0  32571.22 99 
115342.5  32570.80 99 
115343.0  32570.89 99 
115343.5  32570.89 99 
115344.0  32570.62 99 
115344.5  32571.05 99 
115345.0  32570.99 99 
115345.5  32571.19 99 
115346.0  32570.81 99 
115346.5  32570.40 99 
115347.0  32570.86 99 
115347.5  32570.59 99 
115348.0  32570.76 99 
115348.5  32570.61 99 
115349.0  32571.40 99 
115349.5  32570.35 99 
115350.0  32571.41 99 
115350.5  32570.84 99 
115351.0  32570.62 99 
115351.5  32571.06 99 
115352.0  32570.65 99 
115352.5  32571.10 99 
115353.0  32570.93 99 
115353.5  32571.60 99 
115354.0  32570.84 99 
115354.5  32570.81 99 
115355.0  32570.26 99 
115355.5  32571.17 99 
115356.0  32570.89 99 
115356.5  32570.43 99 
115357.0  32570.48 99 
115357.5  32571.20 99 
115358.0  32570.88 99 
115358.5  32570.79 99 
115359.0  32571.37 99 
115359.5  32570.54 99 
115400.0  32570.66 99 
115400.5  32570.83 99 
115401.0  32570.29 99 
115401.5  32571.05 99 
115402.0  32570.70 99 
115402.5  32571.18 99 
115403.0  32570.54 99 
115403.5  32570.57 99 
115404.0  32570.07 99 
115404.5  32571.31 99 
115405.0  32571.02 99 
115405.5  32570.49 99 
115406.0  32570.54 99 
115406.5  32570.55 99 
115407.0  32571.16 99 
115407.5  32570.56 99 
115408.0  32570.67 99 
115408.5  32570.98 99 
115409.0  32570.82 99 
115409.5  32570.38 99 
115410.0  32570.76 99 
115410.5  32571.28 99 
115411.0  32570.97 99 
115411.5  32570.74 99 
115412.0  32571.16 99 
115412.5  32570.79 99 
115413.0  32571.06 99 
115413.5  32571.16 99 
115414.0  32570.52 99 
115414.5  32570.78 99 
115415.0  32570.98 99 
115415.5  32570.52 99 
115416.0  32570.65 99 
115416.5  32570.76 99 
115417.0  32570.97 99 
115417.5  32570.76 99 
115418.0  32570.82 99 
115418.5  32570.90 99 
115419.0  32570.83 99 
115419.5  32571.39 99 
115420.0  32570.43 99 
115420.5  32570.83 99 
115421.0  32570.77 99 
115421.5  32570.70 99 
115422.0  32570.82 99 
115422.5  32570.86 99 
115423.0  32570.69 99 
115423.5  32571.06 99 
115424.0  32570.63 99 
115424.5  32570.79 99 
115425.0  32570.30 99 
115425.5  32570.77 99 
115426.0  32571.11 99 
115426.5  32571.27 99 
115427.0  32570.63 99 
115427.5  32570.61 99 
115428.0  32570.76 99 
115428.5  32570.28 99 
115429.0  32570.66 99 
115429.5  32571.00 99 
115430.0  32570.73 99 
115430.5  32571.00 99 
115431.0  32570.39 99 
115431.5  32570.86 99 
115432.0  32570.65 99 
115432.5  32571.01 99 
115433.0  32570.76 99 
115433.5  32570.63 99 
115434.0  32570.69 99 
115434.5  32570.57 99 
115435.0  32570.56 99 
115435.5  32570.37 99 
115436.0  32570.44 99 
115436.5  32570.49 99 
115437.0  32570.51 99 
115437.5  32570.34 99 
115438.0  32570.79 99 
115438.5  32570.67 99 
115439.0  32570.72 99 
115439.5  32570.92 99 
115440.0  32570.69 99 
115440.5  32571.00 99 
115441.0  32570.49 99 
115441.5  32570.63 99 
115442.0  32570.70 99 
115442.5  32570.10 99 
115443.0  32570.96 99 
115443.5  32570.33 99 
115444.0  32570.40 99 
115444.5  32570.65 99 
115445.0  32570.50 99 
115445.5  32570.47 99 
115446.0  32570.56 99 
115446.5  32570.47 99 
115447.0  32570.84 99 
115447.5  32570.45 99 
115448.0  32570.34 99 
115448.5  32570.50 99 
115449.0  32570.54 99 
115449.5  32570.68 99 
115450.0  32570.40 99 
115450.5  32570.92 99 
115451.0  32570.36 99 
115451.5  32570.68 99 
115452.0  32570.61 99 
115452.5  32570.69 99 
115453.0  32570.80 99 
115453.5  32570.26 99 
115454.0  32570.85 99 
115454.5  32570.18 99 
115455.0  32570.29 99 
115455.5  32570.12 99 
115456.0  32570.70 99 
115456.5  32570.51 99 
115457.0  32570.19 99 
115457.5  32571.01 99 
115458.0  32570.15 99 
115458.5  32570.45 99 
115459.0  32570.48 99 
115459.5  32570.67 99 
115500.0  32569.94 99 
115500.5  32570.76 99 
115501.0  32570.30 99 
115501.5  32569.97 99 
115502.0  32570.26 99 
115502.5  32570.88 99 
115503.0  32570.58 99 
115503.5  32570.69 99 
115504.0  32570.32 99 
115504.5  32570.28 99 
115505.0  32570.61 99 
115505.5  32570.94 99 
115506.0  32570.45 99 
115506.5  32570.62 99 
115507.0  32570.23 99 
115507.5  32570.61 99 
115508.0  32571.00 99 
115508.5  32570.17 99 
115509.0  32570.53 99 
115509.5  32571.12 99 
115510.0  32570.32 99 
115510.5  32570.86 99 
115511.0  32570.62 99 
115511.5  32571.05 99 
115512.0  32570.37 99 
115512.5  32570.30 99 
115513.0  32569.68 99 
115513.5  32570.85 99 
115514.0  32570.57 99 
115514.5  32570.51 99 
115515.0  32570.19 99 
115515.5  32570.64 99 
115516.0  32570.41 99 
115516.5  32570.27 99 
115517.0  32570.84 99 
115517.5  32570.93 99 
115518.0  32570.30 99 
115518.5  32571.12 99 
115519.0  32570.68 99 
115519.5  32570.23 99 
115520.0  32570.33 99 
115520.5  32570.54 99 
115521.0  32570.70 99 
115521.5  32570.53 99 
115522.0  32570.26 99 
115522.5  32570.51 99 
115523.0  32570.50 99 
115523.5  32570.53 99 
115524.0  32570.29 99 
115524.5  32570.58 99 
115525.0  32570.44 99 
115525.5  32570.20 99 
115526.0  32570.67 99 
115526.5  32570.58 99 
115527.0  32570.72 99 
115527.5  32570.66 99 
115528.0  32570.60 99 
115528.5  32570.36 99 
115529.0  32571.03 99 
115529.5  32570.44 99 
115530.0  32570.24 99 
115530.5  32570.74 99 
115531.0  32570.74 99 
115531.5  32570.80 99 
115532.0  32569.68 99 
115532.5  32570.58 99 
115533.0  32570.90 99 
115533.5  32570.35 99 
115534.0  32570.41 99 
115534.5  32570.36 99 
115535.0  32570.12 99 
115535.5  32570.83 99 
115536.0  32570.35 99 
115536.5  32570.30 99 
115537.0  32570.54 99 
115537.5  32570.50 99 
115538.0  32570.28 99 
115538.5  32570.51 99 
115539.0  32570.59 99 
115539.5  32570.75 99 
115540.0  32570.66 99 
115540.5  32570.61 99 
115541.0  32570.66 99 
115541.5  32571.27 99 
115542.0  32570.19 99 
115542.5  32570.54 99 
115543.0  32570.36 99 
115543.5  32570.54 99 
115544.0  32570.57 99 
115544.5  32570.98 99 
115545.0  32570.38 99 
115545.5  32570.23 99 
115546.0  32570.99 99 
115546.5  32571.20 99 
115547.0  32570.38 99 
115547.5  32570.66 99 
115548.0  32570.84 99 
115548.5  32570.33 99 
115549.0  32570.62 99 
115549.5  32570.51 99 
115550.0  32570.75 99 
115550.5  32570.42 99 
115551.0  32570.41 99 
115551.5  32570.76 99 
115552.0  32570.73 99 
115552.5  32570.48 99 
115553.0  32570.17 99 
115553.5  32569.89 99 
115554.0  32570.00 99 
115554.5  32570.84 99 
115555.0  32570.66 99 
115555.5  32570.58 99 
115556.0  32570.73 99 
115556.5  32570.17 99 
115557.0  32569.92 99 
115557.5  32570.39 99 
115558.0  32570.47 99 
115558.5  32570.87 99 
115559.0  32570.77 99 
115559.5  32570.87 99 
115600.0  32570.49 99 
115600.5  32570.67 99 
115601.0  32570.49 99 
115601.5  32570.57 99 
115602.0  32570.62 99 
115602.5  32570.94 99 
115603.0  32570.38 99 
115603.5  32570.21 99 
115604.0  32570.25 99 
115604.5  32570.63 99 
115605.0  32570.86 99 
115605.5  32570.19 99 
115606.0  32570.15 99 
115606.5  32571.14 99 
115607.0  32569.83 99 
115607.5  32570.25 99 
115608.0  32570.28 99 
115608.5  32570.19 99 
115609.0  32570.55 99 
115609.5  32570.26 99 
115610.0  32570.21 99 
115610.5  32570.41 99 
115611.0  32570.41 99 
115611.5  32570.17 99 
115612.0  32570.94 99 
115612.5  32570.72 99 
115613.0  32570.67 99 
115613.5  32569.87 99 
115614.0  32570.49 99 
115614.5  32571.02 99 
115615.0  32570.06 99 
115615.5  32570.08 99 
115616.0  32570.54 99 
115616.5  32570.43 99 
115617.0  32570.41 99 
115617.5  32570.31 99 
115618.0  32570.39 99 
115618.5  32570.63 99 
115619.0  32570.27 99 
115619.5  32570.62 99 
115620.0  32570.40 99 
115620.5  32570.33 99 
115621.0  32570.29 99 
115621.5  32570.60 99 
115622.0  32570.16 99 
115622.5  32570.64 99 
115623.0  32570.14 99 
115623.5  32569.85 99 
115624.0  32570.37 99 
115624.5  32569.95 99 
115625.0  32570.81 99 
115625.5  32570.21 99 
115626.0  32570.33 99 
115626.5  32570.31 99 
115627.0  32570.56 99 
115627.5  32570.36 99 
115628.0  32570.84 99 
115628.5  32570.16 99 
115629.0  32570.66 99 
115629.5  32571.07 99 
115630.0  32570.66 99 
115630.5  32570.70 99 
115631.0  32570.50 99 
115631.5  32570.40 99 
115632.0  32570.71 99 
115632.5  32569.94 99 
115633.0  32570.28 99 
115633.5  32570.35 99 
115634.0  32570.40 99 
115634.5  32570.59 99 
115635.0  32570.16 99 
115635.5  32570.53 99 
115636.0  32570.22 99 
115636.5  32570.16 99 
115637.0  32570.20 99 
115637.5  32570.07 99 
115638.0  32570.27 99 
115638.5  32570.53 99 
115639.0  32570.03 99 
115639.5  32569.97 99 
115640.0  32570.10 99 
115640.5  32570.42 99 
115641.0  32570.11 99 
115641.5  32570.77 99 
115642.0  32570.14 99 
115642.5  32570.52 99 
115643.0  32570.07 99 
115643.5  32570.08 99 
115644.0  32570.46 99 
115644.5  32570.55 99 
115645.0  32570.16 99 
115645.5  32570.77 99 
115646.0  32570.07 99 
115646.5  32570.53 99 
115647.0  32570.40 99 
115647.5  32570.09 99 
115648.0  32570.29 99 
115648.5  32569.79 99 
115649.0  32570.49 99 
115649.5  32570.23 99 
115650.0  32570.13 99 
115650.5  32570.62 99 
115651.0  32569.89 99 
115651.5  32570.54 99 
115652.0  32570.61 99 
115652.5  32570.45 99 
115653.0  32570.21 99 
115653.5  32570.13 99 
115654.0  32570.44 99 
115654.5  32570.47 99 
115655.0  32570.68 99 
115655.5  32570.08 99 
115656.0  32570.25 99 
115656.5  32570.35 99 
115657.0  32569.91 99 
115657.5  32570.35 99 
115658.0  32570.56 99 
115658.5  32571.01 99 
115659.0  32570.48 99 
115659.5  32570.70 99 
115700.0  32570.48 99 
115700.5  32570.55 99 
115701.0  32570.36 99 
115701.5  32570.11 99 
115702.0  32569.93 99 
115702.5  32570.27 99 
115703.0  32570.62 99 
115703.5  32570.22 99 
115704.0  32570.07 99 
115704.5  32570.27 99 
115705.0  32570.01 99 
115705.5  32570.85 99 
115706.0  32570.54 99 
115706.5  32570.04 99 
115707.0  32570.38 99 
115707.5  32570.30 99 
115708.0  32570.24 99 
115708.5  32570.42 99 
115709.0  32570.30 99 
115709.5  32570.22 99 
115710.0  32570.55 99 
115710.5  32570.16 99 
115711.0  32570.17 99 
115711.5  32570.13 99 
115712.0  32569.73 99 
115712.5  32570.24 99 
115713.0  32570.03 99 
115713.5  32569.91 99 
115714.0  32570.49 99 
115714.5  32570.03 99 
115715.0  32570.11 99 
115715.5  32570.81 99 
115716.0  32570.07 99 
115716.5  32570.16 99 
115717.0  32569.89 99 
115717.5  32570.32 99 
115718.0  32570.05 99 
115718.5  32570.77 99 
115719.0  32570.21 99 
115719.5  32570.86 99 
115720.0  32570.32 99 
115720.5  32570.26 99 
115721.0  32570.03 99 
115721.5  32570.23 99 
115722.0  32570.02 99 
115722.5  32570.39 99 
115723.0  32569.98 99 
115723.5  32569.92 99 
115724.0  32569.88 99 
115724.5  32570.75 99 
115725.0  32570.80 99 
115725.5  32570.51 99 
115726.0  32570.17 99 
115726.5  32570.21 99 
115727.0  32570.30 99 
115727.5  32570.01 99 
115728.0  32570.17 99 
115728.5  32570.57 99 
115729.0  32570.03 99 
115729.5  32570.08 99 
115730.0  32569.95 99 
115730.5  32570.24 99 
115731.0  32570.22 99 
115731.5  32569.84 99 
115732.0  32570.61 99 
115732.5  32570.16 99 
115733.0  32570.28 99 
115733.5  32569.61 99 
115734.0  32570.12 99 
115734.5  32570.07 99 
115735.0  32570.06 99 
115735.5  32569.98 99 
115736.0  32569.80 99 
115736.5  32569.76 99 
115737.0  32570.14 99 
115737.5  32569.83 99 
115738.0  32569.94 99 
115738.5  32569.82 99 
115739.0  32570.06 99 
115739.5  32569.63 99 
115740.0  32570.05 99 
115740.5  32569.77 99 
115741.0  32570.32 99 
115741.5  32570.30 99 
115742.0  32569.85 99 
115742.5  32570.55 99 
115743.0  32569.61 99 
115743.5  32569.76 99 
115744.0  32570.10 99 
115744.5  32570.60 99 
115745.0  32569.96 99 
115745.5  32569.77 99 
115746.0  32569.78 99 
115746.5  32569.83 99 
115747.0  32569.92 99 
115747.5  32570.03 99 
115748.0  32570.21 99 
115748.5  32569.62 99 
115749.0  32569.97 99 
115749.5  32570.12 99 
115750.0  32569.63 99 
115750.5  32569.58 99 
115751.0  32570.66 99 
115751.5  32569.91 99 
115752.0  32570.38 99 
115752.5  32569.56 99 
115753.0  32569.87 99 
115753.5  32569.56 99 
115754.0  32569.28 99 
115754.5  32570.26 99 
115755.0  32570.15 99 
115755.5  32569.65 99 
115756.0  32569.52 99 
115756.5  32570.03 99 
115757.0  32570.35 99 
115757.5  32569.90 99 
115758.0  32570.14 99 
115758.5  32570.21 99 
115759.0  32569.98 99 
115759.5  32570.00 99 
115800.0  32570.26 99 
115800.5  32570.16 99 
115801.0  32569.84 99 
115801.5  32569.72 99 
115802.0  32569.99 99 
115802.5  32569.85 99 
115803.0  32570.21 99 
115803.5  32570.04 99 
115804.0  32570.36 99 
115804.5  32570.06 99 
115805.0  32569.96 99 
115805.5  32569.95 99 
115806.0  32569.81 99 
115806.5  32570.15 99 
115807.0  32569.25 99 
115807.5  32569.91 99 
115808.0  32570.10 99 
115808.5  32570.17 99 
115809.0  32570.66 99 
115809.5  32569.88 99 
115810.0  32569.50 99 
115810.5  32570.28 99 
115811.0  32570.79 99 
115811.5  32569.65 99 
115812.0  32569.85 99 
115812.5  32569.42 99 
115813.0  32570.47 99 
115813.5  32570.15 99 
115814.0  32570.10 99 
115814.5  32570.37 99 
115815.0  32569.82 99 
115815.5  32570.32 99 
115816.0  32570.09 99 
115816.5  32570.10 99 
115817.0  32570.36 99 
115817.5  32570.35 99 
115818.0  32570.43 99 
115818.5  32570.03 99 
115819.0  32569.69 99 
115819.5  32570.20 99 
115820.0  32569.55 99 
115820.5  32569.76 99 
115821.0  32569.86 99 
115821.5  32570.00 99 
115822.0  32570.46 98 
115822.5  32570.34 99 
115823.0  32570.38 99 
115823.5  32569.97 99 
115824.0  32570.37 99 
115824.5  32570.00 99 
115825.0  32569.96 99 
115825.5  32569.89 99 
115826.0  32569.88 99 
115826.5  32570.16 99 
115827.0  32570.45 99 
115827.5  32570.00 99 
115828.0  32569.54 99 
115828.5  32569.54 99 
115829.0  32569.45 99 
115829.5  32569.95 99 
115830.0  32570.32 99 
115830.5  32570.08 99 
115831.0  32569.54 99 
115831.5  32569.68 99 
115832.0  32569.80 99 
115832.5  32569.91 99 
115833.0  32569.67 99 
115833.5  32570.43 99 
115834.0  32569.50 99 
115834.5  32570.24 99 
115835.0  32570.13 99 
115835.5  32569.75 99 
115836.0  32570.23 99 
115836.5  32569.60 99 
115837.0  32569.74 99 
115837.5  32570.05 99 
115838.0  32569.69 99 
115838.5  32570.27 99 
115839.0  32569.83 99 
115839.5  32569.40 99 
115840.0  32569.96 99 
115840.5  32569.30 99 
115841.0  32570.18 99 
115841.5  32569.82 99 
115842.0  32570.00 99 
115842.5  32569.50 99 
115843.0  32569.56 99 
115843.5  32569.98 99 
115844.0  32570.08 99 
115844.5  32569.68 99 
115845.0  32570.00 99 
115845.5  32570.12 99 
115846.0  32569.89 99 
115846.5  32569.81 99 
115847.0  32569.60 99 
115847.5  32569.39 99 
115848.0  32570.18 99 
115848.5  32569.95 99 
115849.0  32569.67 99 
115849.5  32570.03 99 
115850.0  32570.14 99 
115850.5  32569.97 99 
115851.0  32569.72 99 
115851.5  32569.66 99 
115852.0  32569.97 99 
115852.5  32569.76 99 
115853.0  32569.79 99 
115853.5  32569.97 99 
115854.0  32569.79 99 
115854.5  32569.59 99 
115855.0  32569.18 99 
115855.5  32569.97 99 
115856.0  32569.35 99 
115856.5  32569.99 99 
115857.0  32569.64 99 
115857.5  32569.95 99 
115858.0  32569.67 99 
115858.5  32569.28 99 
115859.0  32569.09 99 
115859.5  32569.59 99 
115900.0  32569.77 99 
115900.5  32569.43 99 
115901.0  32569.66 99 
115901.5  32569.94 99 
115902.0  32569.66 99 
115902.5  32569.94 99 
115903.0  32569.60 99 
115903.5  32569.67 99 
115904.0  32569.59 99 
115904.5  32569.85 99 
115905.0  32569.54 99 
115905.5  32569.31 99 
115906.0  32570.05 99 
115906.5  32569.58 99 
115907.0  32569.97 99 
115907.5  32569.91 99 
115908.0  32569.51 99 
115908.5  32569.72 99 
115909.0  32569.60 99 
115909.5  32569.51 99 
115910.0  32569.62 99 
115910.5  32570.39 99 
115911.0  32570.23 99 
115911.5  32570.04 99 
115912.0  32569.45 99 
115912.5  32570.13 99 
115913.0  32570.09 99 
115913.5  32569.95 99 
115914.0  32569.35 99 
115914.5  32569.96 99 
115915.0  32569.42 99 
115915.5  32569.93 99 
115916.0  32570.13 99 
115916.5  32569.24 99 
115917.0  32569.82 99 
115917.5  32569.83 99 
115918.0  32569.71 99 
115918.5  32569.56 99 
115919.0  32569.81 99 
115919.5  32569.55 99 
115920.0  32569.50 99 
115920.5  32569.80 99 
115921.0  32569.14 99 
115921.5  32569.50 99 
115922.0  32569.90 99 
115922.5  32569.29 99 
115923.0  32569.28 99 
115923.5  32569.22 99 
115924.0  32569.41 99 
115924.5  32569.90 99 
115925.0  32569.23 99 
115925.5  32569.68 99 
115926.0  32569.86 99 
115926.5  32568.53 99 
115927.0  32569.57 99 
115927.5  32569.35 99 
115928.0  32569.70 99 
115928.5  32569.48 99 
115929.0  32569.49 99 
115929.5  32569.54 99 
115930.0  32569.23 99 
115930.5  32569.23 99 
115931.0  32569.55 99 
115931.5  32569.52 99 
115932.0  32569.29 99 
115932.5  32569.38 99 
115933.0  32569.31 99 
115933.5  32569.02 99 
115934.0  32569.75 99 
115934.5  32569.43 99 
115935.0  32569.90 99 
115935.5  32569.48 99 
115936.0  32569.78 99 
115936.5  32569.28 99 
115937.0  32568.85 99 
115937.5  32569.58 99 
115938.0  32569.79 99 
115938.5  32569.31 99 
115939.0  32570.04 99 
115939.5  32569.75 99 
115940.0  32569.75 99 
115940.5  32569.61 99 
115941.0  32569.22 99 
115941.5  32569.20 99 
115942.0  32569.80 99 
115942.5  32569.39 99 
115943.0  32569.49 99 
115943.5  32569.14 99 
115944.0  32569.10 99 
115944.5  32569.43 99 
115945.0  32569.94 99 
115945.5  32569.01 99 
115946.0  32569.37 99 
115946.5  32569.54 99 
115947.0  32569.25 99 
115947.5  32569.82 99 
115948.0  32569.90 99 
115948.5  32569.44 99 
115949.0  32569.28 99 
115949.5  32569.11 99 
115950.0  32569.53 99 
115950.5  32569.63 99 
115951.0  32569.81 99 
115951.5  32569.43 99 
115952.0  32569.36 99 
115952.5  32569.55 99 
115953.0  32569.17 99 
115953.5  32570.10 99 
115954.0  32569.78 99 
115954.5  32569.64 99 
115955.0  32569.69 99 
115955.5  32569.28 99 
115956.0  32569.41 99 
115956.5  32569.82 99 
115957.0  32569.82 99 
115957.5  32569.63 99 
115958.0  32569.79 99 
115958.5  32569.06 99 
115959.0  32569.76 99 
115959.5  32569.37 99 
120000.0  32569.37 99 
120000.5  32569.53 99 
120001.0  32569.15 99 
120001.5  32569.22 99 
120002.0  32569.38 99 
120002.5  32569.21 99 
120003.0  32569.01 99 
120003.5  32569.75 99 
120004.0  32569.25 99 
120004.5  32568.82 99 
120005.0  32569.34 99 
120005.5  32569.09 99 
120006.0  32569.68 99 
120006.5  32569.59 99 
120007.0  32569.36 99 
120007.5  32569.66 99 
120008.0  32569.74 99 
120008.5  32569.33 99 
120009.0  32569.31 99 
120009.5  32569.05 99 
120010.0  32569.31 99 
120010.5  32569.56 99 
120011.0  32569.19 99 
120011.5  32569.18 99 
120012.0  32569.07 99 
120012.5  32569.39 99 
120013.0  32569.86 99 
120013.5  32569.42 99 
120014.0  32569.60 99 
120014.5  32569.32 99 
120015.0  32569.28 99 
120015.5  32569.20 99 
120016.0  32569.41 99 
120016.5  32569.30 99 
120017.0  32569.37 99 
120017.5  32569.51 99 
120018.0  32569.12 99 
120018.5  32569.35 99 
120019.0  32568.91 99 
120019.5  32569.16 99 
120020.0  32569.46 99 
120020.5  32569.16 99 
120021.0  32569.13 99 
120021.5  32568.90 99 
120022.0  32569.07 99 
120022.5  32569.56 99 
120023.0  32569.26 99 
120023.5  32569.17 99 
120024.0  32569.55 99 
120024.5  32569.45 99 
120025.0  32569.44 99 
120025.5  32569.30 99 
120026.0  32569.15 99 
120026.5  32569.71 99 
120027.0  32569.66 99 
120027.5  32568.97 99 
120028.0  32569.33 99 
120028.5  32569.47 99 
120029.0  32569.29 99 
120029.5  32569.44 99 
120030.0  32569.20 99 
120030.5  32569.12 99 
120031.0  32569.25 99 
120031.5  32569.03 99 
120032.0  32568.76 99 
120032.5  32568.70 99 
120033.0  32568.92 99 
120033.5  32568.99 99 
120034.0  32568.97 99 
120034.5  32569.44 99 
120035.0  32569.29 99 
120035.5  32569.15 99 
120036.0  32569.09 99 
120036.5  32569.30 99 
120037.0  32569.28 99 
120037.5  32569.35 99 
120038.0  32569.11 99 
120038.5  32569.20 99 
120039.0  32569.32 99 
120039.5  32569.27 99 
120040.0  32569.00 99 
120040.5  32569.49 99 
120041.0  32569.18 99 
120041.5  32568.83 99 
120042.0  32569.29 99 
120042.5  32568.60 99 
120043.0  32569.52 99 
120043.5  32569.30 99 
120044.0  32569.24 99 
120044.5  32568.75 99 
120045.0  32568.95 99 
120045.5  32568.92 99 
120046.0  32569.01 99 
120046.5  32569.58 99 
120047.0  32569.14 99 
120047.5  32569.22 99 
120048.0  32569.35 99 
120048.5  32569.25 99 
120049.0  32569.22 99 
120049.5  32568.95 99 
120050.0  32569.23 99 
120050.5  32569.00 99 
120051.0  32569.29 99 
120051.5  32568.83 99 
120052.0  32568.88 99 
120052.5  32569.38 99 
120053.0  32569.23 99 
120053.5  32569.20 99 
120054.0  32569.18 99 
120054.5  32568.81 99 
120055.0  32568.77 99 
120055.5  32569.15 99 
120056.0  32568.91 99 
120056.5  32568.82 99 
120057.0  32569.16 99 
120057.5  32569.47 99 
120058.0  32569.11 99 
120058.5  32569.36 99 
120059.0  32568.81 99 
120059.5  32569.54 99 
120100.0  32569.08 99 
120100.5  32568.74 99 
120101.0  32569.30 99 
120101.5  32569.10 99 
120102.0  32569.03 99 
120102.5  32569.46 99 
120103.0  32568.99 99 
120103.5  32569.02 99 
120104.0  32569.10 99 
120104.5  32569.22 99 
120105.0  32568.79 99 
120105.5  32569.29 99 
120106.0  32568.77 99 
120106.5  32569.12 99 
120107.0  32569.67 99 
120107.5  32568.86 99 
120108.0  32568.87 99 
120108.5  32569.27 99 
120109.0  32568.66 99 
120109.5  32568.70 99 
120110.0  32568.89 99 
120110.5  32569.27 99 
120111.0  32569.07 99 
120111.5  32568.57 99 
120112.0  32569.14 99 
120112.5  32568.63 99 
120113.0  32569.31 99 
120113.5  32569.33 99 
120114.0  32568.63 99 
120114.5  32568.95 99 
120115.0  32568.79 99 
120115.5  32568.76 99 
120116.0  32569.07 99 
120116.5  32568.81 99 
120117.0  32568.77 99 
120117.5  32568.91 99 
120118.0  32568.69 99 
120118.5  32569.25 99 
120119.0  32569.05 99 
120119.5  32568.85 99 
120120.0  32569.16 99 
120120.5  32569.03 99 
120121.0  32568.95 99 
120121.5  32569.09 99 
120122.0  32568.91 99 
120122.5  32569.31 99 
120123.0  32568.63 99 
120123.5  32568.82 99 
120124.0  32569.04 99 
120124.5  32568.97 99 
120125.0  32568.59 99 
120125.5  32568.95 99 
120126.0  32568.74 99 
120126.5  32569.13 99 
120127.0  32568.35 99 
120127.5  32568.89 99 
120128.0  32568.80 99 
120128.5  32568.83 99 
120129.0  32568.50 99 
120129.5  32569.23 99 
120130.0  32569.34 99 
120130.5  32568.82 99 
120131.0  32569.06 99 
120131.5  32568.44 99 
120132.0  32568.81 99 
120132.5  32569.27 99 
120133.0  32568.77 99 
120133.5  32568.55 99 
120134.0  32569.13 99 
120134.5  32569.29 99 
120135.0  32568.92 99 
120135.5  32568.79 99 
120136.0  32569.40 99 
120136.5  32569.06 99 
120137.0  32568.60 99 
120137.5  32569.15 99 
120138.0  32568.54 99 
120138.5  32569.23 99 
120139.0  32569.05 99 
120139.5  32568.93 99 
120140.0  32568.50 99 
120140.5  32568.97 99 
120141.0  32569.14 99 
120141.5  32568.87 99 
120142.0  32569.05 99 
120142.5  32568.80 99 
120143.0  32568.56 99 
120143.5  32568.56 99 
120144.0  32569.18 99 
120144.5  32569.13 99 
120145.0  32569.36 99 
120145.5  32568.51 99 
120146.0  32568.42 99 
120146.5  32568.46 99 
120147.0  32568.76 99 
120147.5  32568.92 99 
120148.0  32568.26 99 
120148.5  32568.74 99 
120149.0  32568.63 99 
120149.5  32569.01 99 
120150.0  32568.95 99 
120150.5  32568.56 99 
120151.0  32568.94 99 
120151.5  32568.77 99 
120152.0  32568.96 99 
120152.5  32569.32 99 
120153.0  32569.20 99 
120153.5  32568.74 99 
120154.0  32568.57 99 
120154.5  32569.20 99 
120155.0  32569.19 99 
120155.5  32568.89 99 
120156.0  32569.03 99 
120156.5  32568.57 99 
120157.0  32568.70 99 
120157.5  32569.05 99 
120158.0  32568.65 99 
120158.5  32569.11 99 
120159.0  32568.45 99 
120159.5  32568.59 99 
120200.0  32568.28 99 
120200.5  32569.08 99 
120201.0  32568.80 99 
120201.5  32568.49 99 
120202.0  32568.86 99 
120202.5  32568.49 99 
120203.0  32568.59 99 
120203.5  32568.10 99 
120204.0  32568.81 99 
120204.5  32568.57 99 
120205.0  32568.42 99 
120205.5  32568.74 99 
120206.0  32568.73 99 
120206.5  32568.67 99 
120207.0  32568.50 99 
120207.5  32568.49 99 
120208.0  32568.61 99 
120208.5  32568.93 99 
120209.0  32568.90 99 
120209.5  32568.46 99 
120210.0  32568.17 99 
120210.5  32568.85 99 
120211.0  32568.78 99 
120211.5  32569.22 99 
120212.0  32568.61 99 
120212.5  32569.00 99 
120213.0  32568.46 99 
120213.5  32568.40 99 
120214.0  32568.78 99 
120214.5  32568.51 99 
120215.0  32569.35 99 
120215.5  32569.01 99 
120216.0  32568.71 99 
120216.5  32569.01 99 
120217.0  32568.57 99 
120217.5  32568.84 99 
120218.0  32568.96 99 
120218.5  32568.94 99 
120219.0  32568.54 99 
120219.5  32568.95 99 
120220.0  32568.35 99 
120220.5  32568.62 99 
120221.0  32568.95 99 
120221.5  32568.75 99 
120222.0  32568.55 99 
120222.5  32568.16 99 
120223.0  32568.75 99 
120223.5  32569.16 99 
120224.0  32568.43 99 
120224.5  32568.69 99 
120225.0  32568.51 99 
120225.5  32568.82 99 
120226.0  32569.41 99 
120226.5  32568.52 99 
120227.0  32568.99 99 
120227.5  32568.49 99 
120228.0  32568.89 99 
120228.5  32569.33 99 
120229.0  32568.49 99 
120229.5  32568.85 99 
120230.0  32568.75 99 
120230.5  32568.80 99 
120231.0  32569.09 99 
120231.5  32568.77 99 
120232.0  32568.87 99 
120232.5  32569.07 99 
120233.0  32568.69 99 
120233.5  32568.81 99 
120234.0  32568.83 99 
120234.5  32568.71 99 
120235.0  32568.81 99 
120235.5  32568.81 99 
120236.0  32568.82 99 
120236.5  32568.84 99 
120237.0  32569.15 99 
120237.5  32568.32 99 
120238.0  32568.78 99 
120238.5  32568.43 99 
120239.0  32568.78 99 
120239.5  32568.81 99 
120240.0  32568.53 99 
120240.5  32568.79 99 
120241.0  32569.34 99 
120241.5  32568.45 99 
120242.0  32568.95 99 
120242.5  32569.61 99 
120243.0  32568.49 99 
120243.5  32569.05 99 
120244.0  32569.00 99 
120244.5  32568.51 99 
120245.0  32568.51 99 
120245.5  32569.34 99 
120246.0  32568.84 99 
120246.5  32569.03 99 
120247.0  32568.37 99 
120247.5  32569.23 99 
120248.0  32568.98 99 
120248.5  32569.15 99 
120249.0  32569.04 99 
120249.5  32568.95 99 
120250.0  32568.86 99 
120250.5  32568.80 99 
120251.0  32568.23 99 
120251.5  32569.18 99 
120252.0  32569.00 99 
120252.5  32568.81 99 
120253.0  32569.44 99 
120253.5  32568.89 99 
120254.0  32569.27 99 
120254.5  32568.91 99 
120255.0  32568.33 99 
120255.5  32568.52 99 
120256.0  32568.63 99 
120256.5  32568.82 99 
120257.0  32568.84 99 
120257.5  32568.71 99 
120258.0  32568.73 99 
120258.5  32568.60 99 
120259.0  32568.43 99 
120259.5  32568.77 99 
120300.0  32568.76 99 
120300.5  32568.85 99 
120301.0  32568.85 99 
120301.5  32568.52 99 
120302.0  32568.22 99 
120302.5  32569.01 99 
120303.0  32568.53 99 
120303.5  32568.72 99 
120304.0  32568.63 99 
120304.5  32568.51 99 
120305.0  32568.62 99 
120305.5  32568.80 99 
120306.0  32568.83 99 
120306.5  32568.86 99 
120307.0  32568.42 99 
120307.5  32568.41 99 
120308.0  32568.74 99 
120308.5  32568.89 99 
120309.0  32567.86 99 
120309.5  32568.51 99 
120310.0  32568.39 99 
120310.5  32568.94 99 
120311.0  32568.80 99 
120311.5  32568.65 99 
120312.0  32568.60 99 
120312.5  32569.21 99 
120313.0  32568.20 99 
120313.5  32569.35 99 
120314.0  32568.45 99 
120314.5  32568.82 99 
120315.0  32568.44 99 
120315.5  32569.00 99 
120316.0  32569.17 99 
120316.5  32568.39 99 
120317.0  32568.30 99 
120317.5  32568.66 99 
120318.0  32568.90 99 
120318.5  32568.17 99 
120319.0  32568.21 99 
120319.5  32568.88 99 
120320.0  32568.80 99 
120320.5  32568.80 99 
120321.0  32568.40 99 
120321.5  32568.66 99 
120322.0  32569.41 99 
120322.5  32568.48 99 
120323.0  32568.92 99 
120323.5  32568.05 99 
120324.0  32568.46 99 
120324.5  32568.72 99 
120325.0  32568.45 99 
120325.5  32568.47 99 
120326.0  32568.73 99 
120326.5  32568.59 99 
120327.0  32568.34 99 
120327.5  32569.75 99 
120328.0  32568.96 99 
120328.5  32568.64 99 
120329.0  32568.77 99 
120329.5  32568.84 99 
120330.0  32568.52 99 
120330.5  32568.85 99 
120331.0  32569.19 99 
120331.5  32568.62 99 
120332.0  32568.45 99 
120332.5  32568.83 99 
120333.0  32568.79 99 
120333.5  32568.86 99 
120334.0  32569.44 99 
120334.5  32569.42 99 
120335.0  32568.85 99 
120335.5  32568.91 99 
120336.0  32568.80 99 
120336.5  32568.69 99 
120337.0  32568.80 99 
120337.5  32568.92 99 
120338.0  32568.74 99 
120338.5  32568.69 99 
120339.0  32568.97 99 
120339.5  32569.04 99 
120340.0  32568.72 99 
120340.5  32568.69 99 
120341.0  32569.01 99 
120341.5  32568.55 99 
120342.0  32568.71 99 
120342.5  32568.57 99 
120343.0  32568.88 99 
120343.5  32569.16 99 
120344.0  32568.66 99 
120344.5  32568.92 99 
120345.0  32568.73 99 
120345.5  32568.43 99 
120346.0  32568.69 99 
120346.5  32568.88 99 
120347.0  32569.10 99 
120347.5  32569.06 99 
120348.0  32568.71 99 
120348.5  32568.88 99 
120349.0  32568.26 99 
120349.5  32568.86 99 
120350.0  32568.81 99 
120350.5  32568.68 99 
120351.0  32568.92 99 
120351.5  32568.78 99 
120352.0  32568.77 99 
120352.5  32568.89 99 
120353.0  32568.81 99 
120353.5  32569.06 99 
120354.0  32569.16 99 
120354.5  32568.58 99 
120355.0  32568.60 99 
120355.5  32568.61 99 
120356.0  32568.82 99 
120356.5  32569.46 99 
120357.0  32569.10 99 
120357.5  32568.77 99 
120358.0  32568.98 99 
120358.5  32568.80 99 
120359.0  32568.66 99 
120359.5  32568.69 99 
120400.0  32569.17 99 
120400.5  32568.90 99 
120401.0  32569.11 99 
120401.5  32568.97 99 
120402.0  32569.07 99 
120402.5  32568.74 99 
120403.0  32569.23 99 
120403.5  32568.46 99 
120404.0  32569.21 99 
120404.5  32569.22 99 
120405.0  32568.49 99 
120405.5  32568.68 99 
120406.0  32568.25 99 
120406.5  32568.67 99 
120407.0  32568.49 99 
120407.5  32568.70 99 
120408.0  32568.89 99 
120408.5  32568.85 99 
120409.0  32568.75 99 
120409.5  32568.83 99 
120410.0  32569.13 99 
120410.5  32568.92 99 
120411.0  32568.75 99 
120411.5  32568.88 99 
120412.0  32568.66 99 
120412.5  32569.62 99 
120413.0  32569.36 99 
120413.5  32569.24 99 
120414.0  32569.05 99 
120414.5  32569.00 99 
120415.0  32568.77 99 
120415.5  32568.76 99 
120416.0  32568.80 99 
120416.5  32568.85 99 
120417.0  32569.15 99 
120417.5  32568.76 99 
120418.0  32568.68 99 
120418.5  32568.91 99 
120419.0  32568.94 99 
120419.5  32569.02 99 
120420.0  32569.03 99 
120420.5  32569.46 99 
120421.0  32568.51 99 
120421.5  32569.33 99 
120422.0  32569.03 99 
120422.5  32569.24 99 
120423.0  32569.57 99 
120423.5  32569.39 99 
120424.0  32569.11 99 
120424.5  32568.89 99 
120425.0  32569.41 99 
120425.5  32569.02 99 
120426.0  32569.34 99 
120426.5  32569.30 99 
120427.0  32569.40 99 
120427.5  32569.42 99 
120428.0  32569.31 99 
120428.5  32569.44 99 
120429.0  32569.33 99 
120429.5  32569.78 99 
120430.0  32569.01 99 
120430.5  32568.61 99 
120431.0  32569.10 99 
120431.5  32569.17 99 
120432.0  32569.50 99 
120432.5  32569.54 99 
120433.0  32569.09 99 
120433.5  32569.73 99 
120434.0  32569.26 99 
120434.5  32569.10 99 
120435.0  32569.15 99 
120435.5  32569.11 99 
120436.0  32569.50 99 
120436.5  32569.68 99 
120437.0  32569.37 99 
120437.5  32569.54 99 
120438.0  32569.07 99 
120438.5  32569.46 99 
120439.0  32569.08 99 
120439.5  32569.54 99 
120440.0  32568.96 99 
120440.5  32569.07 99 
120441.0  32569.78 99 
120441.5  32568.95 99 
120442.0  32568.86 99 
120442.5  32569.47 99 
120443.0  32569.38 99 
120443.5  32569.35 99 
120444.0  32569.32 99 
120444.5  32569.41 99 
120445.0  32569.19 99 
120445.5  32569.07 99 
120446.0  32569.35 99 
120446.5  32569.74 99 
120447.0  32569.44 99 
120447.5  32569.54 99 
120448.0  32569.35 99 
120448.5  32569.49 99 
120449.0  32569.50 99 
120449.5  32569.26 99 
120450.0  32569.55 99 
120450.5  32569.44 99 
120451.0  32569.49 99 
120451.5  32569.67 99 
120452.0  32569.41 99 
120452.5  32569.66 99 
120453.0  32569.43 99 
120453.5  32569.21 99 
120454.0  32569.48 99 
120454.5  32569.16 99 
120455.0  32569.68 99 
120455.5  32569.80 99 
120456.0  32569.33 99 
120456.5  32569.69 99 
120457.0  32569.48 99 
120457.5  32569.07 99 
120458.0  32568.99 99 
120458.5  32569.22 99 
120459.0  32569.77 99 
120459.5  32569.59 99 
120500.0  32569.76 99 
120500.5  32569.00 99 
120501.0  32569.16 99 
120501.5  32569.03 99 
120502.0  32569.77 99 
120502.5  32569.62 99 
120503.0  32569.89 99 
120503.5  32569.70 99 
120504.0  32569.50 99 
120504.5  32569.45 99 
120505.0  32569.12 99 
120505.5  32569.03 99 
120506.0  32569.69 99 
120506.5  32569.72 99 
120507.0  32569.79 99 
120507.5  32569.23 99 
120508.0  32569.46 99 
120508.5  32569.16 99 
120509.0  32569.49 99 
120509.5  32570.19 99 
120510.0  32569.99 99 
120510.5  32569.65 99 
120511.0  32569.23 99 
120511.5  32569.64 99 
120512.0  32569.41 99 
120512.5  32568.96 99 
120513.0  32569.54 99 
120513.5  32569.47 99 
120514.0  32569.63 99 
120514.5  32569.54 99 
120515.0  32569.62 99 
120515.5  32569.52 99 
120516.0  32569.45 99 
120516.5  32570.10 99 
120517.0  32569.12 99 
120517.5  32569.55 99 
120518.0  32569.73 99 
120518.5  32569.33 99 
120519.0  32569.77 99 
120519.5  32569.59 99 
120520.0  32569.27 99 
120520.5  32569.40 99 
120521.0  32569.61 99 
120521.5  32569.56 99 
120522.0  32569.78 99 
120522.5  32570.31 99 
120523.0  32569.53 99 
120523.5  32569.29 99 
120524.0  32569.73 99 
120524.5  32569.76 99 
120525.0  32570.30 99 
120525.5  32569.83 99 
120526.0  32569.35 99 
120526.5  32569.98 99 
120527.0  32569.58 99 
120527.5  32569.62 99 
120528.0  32569.53 99 
120528.5  32569.95 99 
120529.0  32569.94 99 
120529.5  32570.02 99 
120530.0  32569.19 99 
120530.5  32569.79 99 
120531.0  32569.82 99 
120531.5  32569.64 99 
120532.0  32570.08 99 
120532.5  32569.59 99 
120533.0  32569.81 99 
120533.5  32569.83 99 
120534.0  32569.88 99 
120534.5  32570.26 99 
120535.0  32570.25 99 
120535.5  32570.31 99 
120536.0  32569.26 99 
120536.5  32569.99 99 
120537.0  32569.82 99 
120537.5  32569.82 99 
120538.0  32570.75 99 
120538.5  32570.17 99 
120539.0  32570.12 99 
120539.5  32570.46 99 
120540.0  32569.69 99 
120540.5  32570.18 99 
120541.0  32569.40 99 
120541.5  32569.17 99 
120542.0  32569.98 99 
120542.5  32570.36 99 
120543.0  32569.89 99 
120543.5  32569.69 99 
120544.0  32570.07 99 
120544.5  32569.70 99 
120545.0  32569.87 99 
120545.5  32570.21 99 
120546.0  32569.59 99 
120546.5  32570.06 99 
120547.0  32569.72 99 
120547.5  32570.18 99 
120548.0  32570.49 99 
120548.5  32570.19 99 
120549.0  32570.71 99 
120549.5  32570.24 99 
120550.0  32570.00 99 
120550.5  32569.85 99 
120551.0  32569.90 99 
120551.5  32570.09 99 
120552.0  32569.92 99 
120552.5  32569.51 99 
120553.0  32569.95 99 
120553.5  32570.26 99 
120554.0  32570.15 99 
120554.5  32570.19 99 
120555.0  32570.06 99 
120555.5  32570.03 99 
120556.0  32569.46 99 
120556.5  32570.04 99 
120557.0  32569.93 99 
120557.5  32569.61 99 
120558.0  32569.31 99 
120558.5  32570.25 99 
120559.0  32570.24 99 
120559.5  32569.69 99 
120600.0  32569.80 99 
120600.5  32570.21 99 
120601.0  32570.17 99 
120601.5  32570.06 99 
120602.0  32570.41 99 
120602.5  32570.17 99 
120603.0  32570.02 99 
120603.5  32570.03 99 
120604.0  32570.54 99 
120604.5  32570.02 99 
120605.0  32569.93 99 
120605.5  32570.21 99 
120606.0  32569.97 99 
120606.5  32570.08 99 
120607.0  32570.27 99 
120607.5  32570.17 99 
120608.0  32570.43 99 
120608.5  32569.90 99 
120609.0  32569.94 99 
120609.5  32570.01 99 
120610.0  32569.97 99 
120610.5  32570.37 99 
120611.0  32570.33 99 
120611.5  32570.30 99 
120612.0  32570.08 99 
120612.5  32570.08 99 
120613.0  32570.66 99 
120613.5  32569.83 99 
120614.0  32570.49 99 
120614.5  32570.81 99 
120615.0  32570.48 99 
120615.5  32570.15 99 
120616.0  32570.29 99 
120616.5  32570.22 99 
120617.0  32570.10 99 
120617.5  32570.04 99 
120618.0  32570.28 99 
120618.5  32569.94 99 
120619.0  32570.20 99 
120619.5  32570.19 99 
120620.0  32570.24 99 
120620.5  32570.79 99 
120621.0  32570.23 99 
120621.5  32569.94 99 
120622.0  32570.67 99 
120622.5  32570.36 99 
120623.0  32570.03 99 
120623.5  32570.61 99 
120624.0  32570.16 99 
120624.5  32570.49 99 
120625.0  32570.25 99 
120625.5  32570.53 99 
120626.0  32570.15 99 
120626.5  32570.56 99 
120627.0  32570.37 99 
120627.5  32570.43 99 
120628.0  32569.92 99 
120628.5  32570.59 99 
120629.0  32570.35 99 
120629.5  32570.45 99 
120630.0  32570.15 99 
120630.5  32570.12 99 
120631.0  32570.43 99 
120631.5  32569.91 99 
120632.0  32570.71 99 
120632.5  32570.83 99 
120633.0  32570.75 99 
120633.5  32569.99 99 
120634.0  32570.49 99 
120634.5  32570.23 99 
120635.0  32570.41 99 
120635.5  32570.44 99 
120636.0  32570.76 99 
120636.5  32570.48 99 
120637.0  32570.51 99 
120637.5  32570.74 99 
120638.0  32570.53 99 
120638.5  32570.91 99 
120639.0  32570.48 99 
120639.5  32569.93 99 
120640.0  32570.81 99 
120640.5  32570.66 99 
120641.0  32570.60 99 
120641.5  32570.83 99 
120642.0  32570.23 99 
120642.5  32570.32 99 
120643.0  32570.27 99 
120643.5  32570.90 99 
120644.0  32570.36 99 
120644.5  32570.17 99 
120645.0  32570.16 99 
120645.5  32570.12 99 
120646.0  32570.48 99 
120646.5  32570.61 99 
120647.0  32570.81 99 
120647.5  32570.85 99 
120648.0  32570.68 99 
120648.5  32570.50 99 
120649.0  32570.60 99 
120649.5  32570.55 99 
120650.0  32570.77 99 
120650.5  32570.58 99 
120651.0  32570.79 99 
120651.5  32570.65 99 
120652.0  32570.97 99 
120652.5  32571.04 99 
120653.0  32571.21 99 
120653.5  32570.38 99 
120654.0  32570.17 99 
120654.5  32570.32 99 
120655.0  32570.70 99 
120655.5  32570.57 99 
120656.0  32570.53 99 
120656.5  32570.52 99 
120657.0  32570.62 99 
120657.5  32570.72 99 
120658.0  32570.79 99 
120658.5  32570.59 99 
120659.0  32570.50 99 
120659.5  32570.13 99 
120700.0  32570.51 99 
120700.5  32571.15 99 
120701.0  32570.36 99 
120701.5  32570.66 99 
120702.0  32570.65 99 
120702.5  32570.88 99 
120703.0  32570.48 99 
120703.5  32570.16 99 
120704.0  32570.89 99 
120704.5  32570.86 99 
120705.0  32570.54 99 
120705.5  32570.91 99 
120706.0  32570.74 99 
120706.5  32570.96 99 
120707.0  32571.06 99 
120707.5  32570.54 99 
120708.0  32570.41 99 
120708.5  32571.19 99 
120709.0  32570.60 99 
120709.5  32570.98 99 
120710.0  32570.39 99 
120710.5  32570.57 99 
120711.0  32570.27 99 
120711.5  32570.82 99 
120712.0  32570.79 99 
120712.5  32570.74 99 
120713.0  32570.69 99 
120713.5  32570.76 99 
120714.0  32570.39 99 
120714.5  32570.91 99 
120715.0  32570.78 99 
120715.5  32570.47 99 
120716.0  32570.17 99 
120716.5  32571.13 99 
120717.0  32570.60 99 
120717.5  32570.34 99 
120718.0  32570.78 99 
120718.5  32570.61 99 
120719.0  32570.84 99 
120719.5  32570.88 99 
120720.0  32570.48 99 
120720.5  32570.17 99 
120721.0  32570.75 99 
120721.5  32570.83 99 
120722.0  32570.65 99 
120722.5  32570.59 99 
120723.0  32571.11 99 
120723.5  32570.76 99 
120724.0  32571.16 99 
120724.5  32570.92 99 
120725.0  32570.57 99 
120725.5  32571.03 99 
120726.0  32570.64 99 
120726.5  32570.55 99 
120727.0  32570.72 99 
120727.5  32570.79 99 
120728.0  32570.76 99 
120728.5  32570.45 99 
120729.0  32570.85 99 
120729.5  32570.55 99 
120730.0  32570.59 99 
120730.5  32571.13 99 
120731.0  32570.88 99 
120731.5  32571.05 99 
120732.0  32570.50 99 
120732.5  32570.57 99 
120733.0  32570.86 99 
120733.5  32570.79 99 
120734.0  32570.72 99 
120734.5  32571.00 99 
120735.0  32570.79 99 
120735.5  32570.89 99 
120736.0  32571.01 99 
120736.5  32570.59 99 
120737.0  32570.76 99 
120737.5  32571.08 99 
120738.0  32570.64 99 
120738.5  32571.01 99 
120739.0  32570.47 99 
120739.5  32570.87 99 
120740.0  32571.11 99 
120740.5  32570.78 99 
120741.0  32571.13 99 
120741.5  32570.40 99 
120742.0  32570.94 99 
120742.5  32570.74 99 
120743.0  32570.91 99 
120743.5  32570.35 99 
120744.0  32570.45 99 
120744.5  32571.13 99 
120745.0  32570.41 99 
120745.5  32571.22 99 
120746.0  32570.63 99 
120746.5  32570.86 99 
120747.0  32571.05 99 
120747.5  32570.88 99 
120748.0  32570.93 99 
120748.5  32570.61 99 
120749.0  32570.83 99 
120749.5  32570.95 99 
120750.0  32570.66 99 
120750.5  32570.85 99 
120751.0  32570.97 99 
120751.5  32571.22 99 
120752.0  32570.63 99 
120752.5  32570.49 99 
120753.0  32570.90 99 
120753.5  32571.04 99 
120754.0  32571.01 99 
120754.5  32570.58 99 
120755.0  32571.06 99 
120755.5  32570.25 99 
120756.0  32570.79 99 
120756.5  32570.63 99 
120757.0  32570.41 99 
120757.5  32571.09 99 
120758.0  32570.87 99 
120758.5  32571.06 99 
120759.0  32570.69 99 
120759.5  32571.21 99 
120800.0  32571.18 99 
120800.5  32570.89 99 
120801.0  32570.84 99 
120801.5  32570.85 99 
120802.0  32571.00 99 
120802.5  32570.51 99 
120803.0  32570.72 99 
120803.5  32571.07 99 
120804.0  32571.43 99 
120804.5  32571.06 99 
120805.0  32570.89 99 
120805.5  32570.74 99 
120806.0  32571.14 99 
120806.5  32570.50 99 
120807.0  32571.17 99 
120807.5  32570.76 99 
120808.0  32571.28 99 
120808.5  32570.92 99 
120809.0  32571.25 99 
120809.5  32570.97 99 
120810.0  32571.04 99 
120810.5  32571.28 99 
120811.0  32570.57 99 
120811.5  32570.84 99 
120812.0  32570.66 99 
120812.5  32570.73 99 
120813.0  32571.45 99 
120813.5  32570.79 99 
120814.0  32571.05 99 
120814.5  32570.97 99 
120815.0  32570.60 99 
120815.5  32571.01 99 
120816.0  32570.81 99 
120816.5  32571.31 99 
120817.0  32570.88 99 
120817.5  32571.17 99 
120818.0  32570.85 99 
120818.5  32570.81 99 
120819.0  32570.86 99 
120819.5  32571.14 99 
120820.0  32570.86 99 
120820.5  32571.36 99 
120821.0  32570.79 99 
120821.5  32570.89 99 
120822.0  32570.99 99 
120822.5  32570.79 99 
120823.0  32570.48 99 
120823.5  32571.24 99 
120824.0  32571.01 99 
120824.5  32570.95 99 
120825.0  32570.82 99 
120825.5  32570.72 99 
120826.0  32571.00 99 
120826.5  32570.79 99 
120827.0  32570.72 99 
120827.5  32570.69 99 
120828.0  32570.56 99 
120828.5  32570.96 99 
120829.0  32570.88 99 
120829.5  32570.98 99 
120830.0  32571.00 99 
120830.5  32571.00 99 
120831.0  32570.64 99 
120831.5  32570.84 99 
120832.0  32571.06 99 
120832.5  32570.52 99 
120833.0  32571.23 99 
120833.5  32570.41 99 
120834.0  32571.08 99 
120834.5  32570.69 99 
120835.0  32570.87 99 
120835.5  32570.71 99 
120836.0  32570.90 99 
120836.5  32570.70 99 
120837.0  32570.85 99 
120837.5  32570.83 99 
120838.0  32570.90 99 
120838.5  32571.29 99 
120839.0  32570.84 99 
120839.5  32570.84 99 
120840.0  32570.73 99 
120840.5  32570.73 99 
120841.0  32570.59 99 
120841.5  32570.77 99 
120842.0  32570.90 99 
120842.5  32570.65 99 
120843.0  32570.88 99 
120843.5  32570.17 99 
120844.0  32570.64 99 
120844.5  32571.42 99 
120845.0  32570.45 99 
120845.5  32570.82 99 
120846.0  32570.35 99 
120846.5  32570.62 99 
120847.0  32571.19 99 
120847.5  32570.50 99 
120848.0  32570.58 99 
120848.5  32570.91 99 
120849.0  32570.61 99 
120849.5  32570.48 99 
120850.0  32570.83 99 
120850.5  32570.30 99 
120851.0  32570.96 99 
120851.5  32571.01 99 
120852.0  32571.14 99 
120852.5  32571.21 99 
120853.0  32570.69 99 
120853.5  32570.78 99 
120854.0  32571.17 99 
120854.5  32570.77 99 
120855.0  32571.06 99 
120855.5  32570.44 99 
120856.0  32570.70 99 
120856.5  32570.67 99 
120857.0  32570.41 99 
120857.5  32570.19 99 
120858.0  32571.17 99 
120858.5  32569.96 99 
120859.0  32570.61 99 
120859.5  32569.89 99 
120900.0  32570.66 99 
120900.5  32571.00 99 
120901.0  32570.83 99 
120901.5  32570.15 99 
120902.0  32570.62 99 
120902.5  32570.61 99 
120903.0  32570.52 99 
120903.5  32570.72 99 
120904.0  32570.15 99 
120904.5  32570.74 99 
120905.0  32570.67 99 
120905.5  32570.87 99 
120906.0  32570.66 99 
120906.5  32570.36 99 
120907.0  32570.74 99 
120907.5  32570.96 99 
120908.0  32570.85 99 
120908.5  32570.84 99 
120909.0  32570.32 99 
120909.5  32570.56 99 
120910.0  32571.15 99 
120910.5  32571.14 99 
120911.0  32570.77 99 
120911.5  32570.16 99 
120912.0  32570.78 99 
120912.5  32570.31 99 
120913.0  32570.96 99 
120913.5  32570.01 99 
120914.0  32570.19 99 
120914.5  32570.30 99 
120915.0  32570.42 99 
120915.5  32571.37 99 
120916.0  32570.48 99 
120916.5  32569.85 99 
120917.0  32570.63 99 
120917.5  32570.91 99 
120918.0  32571.24 99 
120918.5  32570.70 99 
120919.0  32571.09 99 
120919.5  32570.10 99 
120920.0  32570.55 99 
120920.5  32570.72 99 
120921.0  32570.84 99 
120921.5  32570.22 99 
120922.0  32570.14 99 
120922.5  32570.27 99 
120923.0  32570.34 99 
120923.5  32570.58 99 
120924.0  32570.24 99 
120924.5  32570.82 99 
120925.0  32570.24 99 
120925.5  32570.39 99 
120926.0  32570.51 99 
120926.5  32570.99 99 
120927.0  32570.78 99 
120927.5  32570.81 99 
120928.0  32570.58 99 
120928.5  32570.69 99 
120929.0  32570.40 99 
120929.5  32570.56 99 
120930.0  32570.44 99 
120930.5  32570.38 99 
120931.0  32571.24 99 
120931.5  32570.36 99 
120932.0  32570.81 99 
120932.5  32570.43 99 
120933.0  32570.30 99 
120933.5  32570.92 99 
120934.0  32570.72 99 
120934.5  32570.26 99 
120935.0  32570.85 99 
120935.5  32570.81 99 
120936.0  32570.46 99 
120936.5  32570.68 99 
120937.0  32570.48 99 
120937.5  32570.36 99 
120938.0  32570.91 99 
120938.5  32570.43 99 
120939.0  32570.55 99 
120939.5  32570.48 99 
120940.0  32570.65 99 
120940.5  32570.70 99 
120941.0  32570.33 99 
120941.5  32570.34 99 
120942.0  32570.82 99 
120942.5  32570.59 99 
120943.0  32571.12 99 
120943.5  32570.48 99 
120944.0  32570.35 99 
120944.5  32571.00 99 
120945.0  32571.01 99 
120945.5  32570.17 99 
120946.0  32570.70 99 
120946.5  32570.61 99 
120947.0  32570.14 99 
120947.5  32570.30 99 
120948.0  32570.11 99 
120948.5  32570.55 99 
120949.0  32570.23 99 
120949.5  32570.20 99 
120950.0  32570.25 99 
120950.5  32570.19 99 
120951.0  32570.42 99 
120951.5  32570.65 99 
120952.0  32570.40 99 
120952.5  32570.99 99 
120953.0  32570.34 99 
120953.5  32570.50 99 
120954.0  32570.62 99 
120954.5  32570.43 99 
120955.0  32570.42 99 
120955.5  32570.15 99 
120956.0  32570.19 99 
120956.5  32570.52 99 
120957.0  32570.35 99 
120957.5  32570.27 99 
120958.0  32570.24 99 
120958.5  32570.57 99 
120959.0  32570.24 99 
120959.5  32569.91 99 
121000.0  32570.02 99 
121000.5  32570.16 99 
121001.0  32570.26 99 
121001.5  32570.05 99 
121002.0  32570.34 99 
121002.5  32570.86 99 
121003.0  32570.37 99 
121003.5  32570.08 99 
121004.0  32570.56 99 
121004.5  32570.14 99 
121005.0  32570.31 99 
121005.5  32570.23 99 
121006.0  32570.29 99 
121006.5  32570.58 99 
121007.0  32570.12 99 
121007.5  32570.28 99 
121008.0  32570.05 99 
121008.5  32570.17 99 
121009.0  32570.31 99 
121009.5  32570.46 99 
121010.0  32570.55 99 
121010.5  32570.52 99 
121011.0  32570.35 99 
121011.5  32570.18 99 
121012.0  32570.35 99 
121012.5  32570.52 99 
121013.0  32569.83 99 
121013.5  32570.40 99 
121014.0  32570.34 99 
121014.5  32570.93 99 
121015.0  32570.21 99 
121015.5  32570.12 99 
121016.0  32569.99 99 
121016.5  32570.01 99 
121017.0  32569.90 99 
121017.5  32570.79 99 
121018.0  32570.15 99 
121018.5  32570.23 99 
121019.0  32570.01 99 
121019.5  32570.33 99 
121020.0  32570.01 99 
121020.5  32570.79 99 
121021.0  32569.93 99 
121021.5  32570.11 99 
121022.0  32570.59 99 
121022.5  32570.55 99 
121023.0  32570.17 99 
121023.5  32569.77 99 
121024.0  32570.30 99 
121024.5  32569.61 99 
121025.0  32569.82 99 
121025.5  32569.89 99 
121026.0  32570.44 99 
121026.5  32570.06 99 
121027.0  32570.22 99 
121027.5  32570.21 99 
121028.0  32569.73 99 
121028.5  32569.95 99 
121029.0  32570.19 99 
121029.5  32570.08 99 
121030.0  32570.44 99 
121030.5  32570.25 99 
121031.0  32569.87 99 
121031.5  32570.10 99 
121032.0  32570.35 99 
121032.5  32570.68 99 
121033.0  32570.28 99 
121033.5  32569.83 99 
121034.0  32569.97 99 
121034.5  32570.58 99 
121035.0  32569.77 99 
121035.5  32570.52 99 
121036.0  32570.18 99 
121036.5  32570.25 99 
121037.0  32569.88 99 
121037.5  32570.38 99 
121038.0  32570.10 99 
121038.5  32570.67 99 
121039.0  32569.73 99 
121039.5  32569.84 99 
121040.0  32570.08 99 
121040.5  32570.20 99 
121041.0  32570.15 99 
121041.5  32570.56 99 
121042.0  32570.38 99 
121042.5  32570.24 99 
121043.0  32570.18 99 
121043.5  32570.01 99 
121044.0  32570.35 99 
121044.5  32570.62 99 
121045.0  32570.09 99 
121045.5  32570.42 99 
121046.0  32570.19 99 
121046.5  32569.69 99 
121047.0  32570.42 99 
121047.5  32570.31 99 
121048.0  32570.17 99 
121048.5  32570.41 99 
121049.0  32570.04 99 
121049.5  32570.24 99 
121050.0  32569.82 99 
121050.5  32569.71 99 
121051.0  32570.32 99 
121051.5  32569.72 99 
121052.0  32569.59 99 
121052.5  32569.83 99 
121053.0  32570.30 99 
121053.5  32569.73 99 
121054.0  32569.83 99 
121054.5  32570.35 99 
121055.0  32569.86 99 
121055.5  32569.84 99 
121056.0  32569.51 99 
121056.5  32570.08 99 
121057.0  32569.96 99 
121057.5  32569.97 99 
121058.0  32569.89 99 
121058.5  32570.33 99 
121059.0  32569.61 99 
121059.5  32570.00 99 
121100.0  32570.39 99 
121100.5  32570.15 99 
121101.0  32570.08 99 
121101.5  32569.82 99 
121102.0  32569.94 99 
121102.5  32570.22 99 
121103.0  32570.08 99 
121103.5  32569.59 99 
121104.0  32570.28 99 
121104.5  32570.31 99 
121105.0  32569.67 99 
121105.5  32569.33 99 
121106.0  32570.17 99 
121106.5  32569.91 99 
121107.0  32569.35 99 
121107.5  32570.19 99 
121108.0  32569.73 99 
121108.5  32570.02 99 
121109.0  32570.02 99 
121109.5  32569.87 99 
121110.0  32570.09 99 
121110.5  32569.67 99 
121111.0  32570.08 99 
121111.5  32569.83 99 
121112.0  32569.68 99 
121112.5  32569.28 99 
121113.0  32569.58 99 
121113.5  32569.92 99 
121114.0  32569.85 99 
121114.5  32570.10 99 
121115.0  32569.67 99 
121115.5  32569.80 99 
121116.0  32570.12 99 
121116.5  32570.08 99 
121117.0  32570.26 99 
121117.5  32570.34 99 
121118.0  32569.81 99 
121118.5  32570.42 99 
121119.0  32570.37 99 
121119.5  32569.80 99 
121120.0  32569.34 99 
121120.5  32570.14 99 
121121.0  32570.50 99 
121121.5  32570.23 99 
121122.0  32569.49 99 
121122.5  32569.83 99 
121123.0  32569.74 99 
121123.5  32570.03 99 
121124.0  32569.67 99 
121124.5  32569.64 99 
121125.0  32570.00 99 
121125.5  32569.47 99 
121126.0  32570.02 99 
121126.5  32570.08 99 
121127.0  32569.86 99 
121127.5  32569.86 99 
121128.0  32569.69 99 
121128.5  32569.68 99 
121129.0  32569.62 99 
121129.5  32570.12 99 
121130.0  32569.69 99 
121130.5  32569.73 99 
121131.0  32569.64 99 
121131.5  32569.94 99 
121132.0  32570.30 99 
121132.5  32569.40 99 
121133.0  32569.92 99 
121133.5  32569.79 99 
121134.0  32569.81 99 
121134.5  32569.85 99 
121135.0  32569.32 99 
121135.5  32569.67 99 
121136.0  32569.72 99 
121136.5  32569.47 99 
121137.0  32569.65 99 
121137.5  32569.75 99 
121138.0  32569.75 99 
121138.5  32569.20 99 
121139.0  32569.58 99 
121139.5  32569.30 99 
121140.0  32569.47 99 
121140.5  32569.80 99 
121141.0  32570.15 99 
121141.5  32569.92 99 
121142.0  32569.98 99 
121142.5  32570.03 99 
121143.0  32569.98 99 
121143.5  32569.63 99 
121144.0  32569.52 99 
121144.5  32569.47 99 
121145.0  32570.65 99 
121145.5  32570.07 99 
121146.0  32569.72 99 
121146.5  32569.51 99 
121147.0  32569.44 99 
121147.5  32569.94 99 
121148.0  32569.65 99 
121148.5  32569.27 99 
121149.0  32570.15 99 
121149.5  32569.71 99 
121150.0  32569.54 99 
121150.5  32570.22 99 
121151.0  32570.15 99 
121151.5  32569.97 99 
121152.0  32569.71 99 
121152.5  32569.88 99 
121153.0  32570.52 99 
121153.5  32570.03 99 
121154.0  32569.67 99 
121154.5  32569.85 99 
121155.0  32569.90 99 
121155.5  32569.65 99 
121156.0  32569.66 99 
121156.5  32569.64 99 
121157.0  32569.11 99 
121157.5  32569.92 99 
121158.0  32569.22 99 
121158.5  32570.11 99 
121159.0  32569.78 99 
121159.5  32570.23 99 
121200.0  32569.69 99 
121200.5  32569.97 99 
121201.0  32569.05 99 
121201.5  32569.87 99 
121202.0  32569.69 99 
121202.5  32569.41 99 
121203.0  32569.53 99 
121203.5  32569.72 99 
121204.0  32569.52 99 
121204.5  32569.32 99 
121205.0  32569.59 99 
121205.5  32569.71 99 
121206.0  32569.69 99 
121206.5  32569.60 99 
121207.0  32569.49 99 
121207.5  32569.31 99 
121208.0  32569.44 99 
121208.5  32569.59 99 
121209.0  32569.55 99 
121209.5  32569.59 99 
121210.0  32569.82 99 
121210.5  32569.44 99 
121211.0  32569.36 99 
121211.5  32569.62 99 
121212.0  32569.23 99 
121212.5  32569.87 99 
121213.0  32569.42 99 
121213.5  32569.28 99 
121214.0  32569.03 99 
121214.5  32569.27 99 
121215.0  32569.53 99 
121215.5  32569.90 99 
121216.0  32568.85 99 
121216.5  32569.53 99 
121217.0  32569.67 99 
121217.5  32569.71 99 
121218.0  32569.44 99 
121218.5  32569.47 99 
121219.0  32569.51 99 
121219.5  32569.61 99 
121220.0  32569.58 99 
121220.5  32569.58 99 
121221.0  32569.24 99 
121221.5  32569.45 99 
121222.0  32569.42 99 
121222.5  32569.50 99 
121223.0  32569.45 99 
121223.5  32569.47 99 
121224.0  32568.86 99 
121224.5  32569.65 99 
121225.0  32569.15 99 
121225.5  32568.72 99 
121226.0  32569.50 99 
121226.5  32569.20 99 
121227.0  32569.95 99 
121227.5  32569.61 99 
121228.0  32569.66 99 
121228.5  32568.96 99 
121229.0  32569.33 99 
121229.5  32569.18 99 
121230.0  32569.45 99 
121230.5  32569.66 99 
121231.0  32569.37 99 
121231.5  32569.60 99 
121232.0  32569.32 99 
121232.5  32569.80 99 
121233.0  32569.28 99 
121233.5  32569.57 99 
121234.0  32568.84 99 
121234.5  32569.61 99 
121235.0  32569.38 99 
121235.5  32569.36 99 
121236.0  32569.23 99 
121236.5  32569.12 99 
121237.0  32569.55 99 
121237.5  32569.64 99 
121238.0  32569.01 99 
121238.5  32568.94 99 
121239.0  32569.51 99 
121239.5  32570.01 99 
121240.0  32569.21 99 
121240.5  32569.37 99 
121241.0  32568.96 99 
121241.5  32569.28 99 
121242.0  32569.88 99 
121242.5  32569.65 99 
121243.0  32569.28 99 
121243.5  32569.21 99 
121244.0  32569.39 99 
121244.5  32569.47 99 
121245.0  32569.45 99 
121245.5  32569.24 99 
121246.0  32569.38 99 
121246.5  32569.39 99 
121247.0  32568.92 99 
121247.5  32569.39 99 
121248.0  32569.63 99 
121248.5  32569.84 99 
121249.0  32569.38 99 
121249.5  32569.48 99 
121250.0  32569.32 99 
121250.5  32569.47 99 
121251.0  32568.75 99 
121251.5  32569.51 99 
121252.0  32569.39 99 
121252.5  32569.55 99 
121253.0  32568.98 99 
121253.5  32570.13 99 
121254.0  32569.31 99 
121254.5  32569.16 99 
121255.0  32569.34 99 
121255.5  32569.09 99 
121256.0  32569.06 99 
121256.5  32569.77 99 
121257.0  32569.23 99 
121257.5  32569.29 99 
121258.0  32569.57 99 
121258.5  32569.42 99 
121259.0  32568.98 99 
121259.5  32569.20 99 
121300.0  32569.50 99 
121300.5  32569.72 99 
121301.0  32569.29 99 
121301.5  32568.79 99 
121302.0  32569.57 99 
121302.5  32569.89 99 
121303.0  32569.58 99 
121303.5  32569.36 99 
121304.0  32569.60 99 
121304.5  32569.55 99 
121305.0  32569.04 99 
121305.5  32569.15 99 
121306.0  32569.40 99 
121306.5  32569.83 99 
121307.0  32569.57 99 
121307.5  32569.48 99 
121308.0  32569.24 99 
121308.5  32569.58 99 
121309.0  32569.22 99 
121309.5  32569.12 99 
121310.0  32569.06 99 
121310.5  32569.73 99 
121311.0  32569.66 99 
121311.5  32569.07 99 
121312.0  32569.28 99 
121312.5  32568.73 99 
121313.0  32569.35 99 
121313.5  32569.49 99 
121314.0  32569.32 99 
121314.5  32569.49 99 
121315.0  32569.17 99 
121315.5  32570.01 99 
121316.0  32568.81 99 
121316.5  32569.16 99 
121317.0  32569.21 99 
121317.5  32569.53 99 
121318.0  32569.29 99 
121318.5  32569.60 99 
121319.0  32569.43 99 
121319.5  32569.49 99 
121320.0  32569.51 99 
121320.5  32569.48 99 
121321.0  32569.48 99 
121321.5  32569.54 99 
121322.0  32569.34 99 
121322.5  32569.29 99 
121323.0  32569.80 99 
121323.5  32569.48 99 
121324.0  32569.39 99 
121324.5  32569.19 99 
121325.0  32569.02 99 
121325.5  32569.16 99 
121326.0  32569.53 99 
121326.5  32569.24 99 
121327.0  32569.25 99 
121327.5  32569.44 99 
121328.0  32568.80 99 
121328.5  32569.29 99 
121329.0  32569.19 99 
121329.5  32569.56 99 
121330.0  32569.59 99 
121330.5  32569.36 99 
121331.0  32569.57 99 
121331.5  32569.84 99 
121332.0  32569.61 99 
121332.5  32569.77 99 
121333.0  32569.35 99 
121333.5  32569.52 99 
121334.0  32569.65 99 
121334.5  32569.75 99 
121335.0  32568.92 99 
121335.5  32569.34 99 
121336.0  32569.09 99 
121336.5  32569.51 99 
121337.0  32569.58 99 
121337.5  32569.56 99 
121338.0  32569.78 99 
121338.5  32569.01 99 
121339.0  32569.38 99 
121339.5  32569.53 99 
121340.0  32569.63 99 
121340.5  32569.94 99 
121341.0  32569.25 99 
121341.5  32569.62 99 
121342.0  32569.33 99 
121342.5  32569.77 99 
121343.0  32569.51 99 
121343.5  32569.26 99 
121344.0  32569.39 99 
121344.5  32569.43 99 
121345.0  32569.25 99 
121345.5  32569.54 99 
121346.0  32569.57 99 
121346.5  32569.19 99 
121347.0  32569.47 99 
121347.5  32569.69 99 
121348.0  32569.19 99 
121348.5  32569.66 99 
121349.0  32569.13 99 
121349.5  32569.41 99 
121350.0  32569.44 99 
121350.5  32569.72 99 
121351.0  32569.51 99 
121351.5  32569.47 99 
121352.0  32569.34 99 
121352.5  32569.68 99 
121353.0  32569.94 99 
121353.5  32569.32 99 
121354.0  32569.56 99 
121354.5  32569.24 99 
121355.0  32570.20 99 
121355.5  32569.88 99 
121356.0  32569.52 99 
121356.5  32570.44 99 
121357.0  32569.16 99 
121357.5  32569.64 99 
121358.0  32569.78 99 
121358.5  32569.46 99 
121359.0  32569.49 99 
121359.5  32569.00 99 
121400.0  32569.16 99 
121400.5  32569.39 99 
121401.0  32569.53 99 
121401.5  32569.35 99 
121402.0  32569.57 99 
121402.5  32569.76 99 
121403.0  32569.12 99 
121403.5  32570.17 99 
121404.0  32569.58 99 
121404.5  32569.87 99 
121405.0  32569.19 99 
121405.5  32568.53 99 
121406.0  32569.16 99 
121406.5  32569.22 99 
121407.0  32569.46 99 
121407.5  32569.68 99 
121408.0  32569.74 99 
121408.5  32570.13 99 
121409.0  32569.41 99 
121409.5  32569.64 99 
121410.0  32569.70 99 
121410.5  32570.12 99 
121411.0  32570.22 99 
121411.5  32569.19 99 
121412.0  32569.39 99 
121412.5  32569.59 99 
121413.0  32569.64 99 
121413.5  32569.85 99 
121414.0  32569.45 99 
121414.5  32569.85 99 
121415.0  32570.01 99 
121415.5  32569.49 99 
121416.0  32570.19 99 
121416.5  32570.20 99 
121417.0  32569.80 99 
121417.5  32569.15 99 
121418.0  32569.71 99 
121418.5  32569.82 99 
121419.0  32570.47 99 
121419.5  32569.80 99 
121420.0  32569.32 99 
121420.5  32569.19 99 
121421.0  32569.91 99 
121421.5  32569.16 99 
121422.0  32570.05 99 
121422.5  32569.75 99 
121423.0  32569.49 99 
121423.5  32569.10 99 
121424.0  32569.93 99 
121424.5  32569.63 99 
121425.0  32569.51 99 
121425.5  32570.06 99 
121426.0  32570.20 99 
121426.5  32569.56 99 
121427.0  32570.06 99 
121427.5  32569.65 99 
121428.0  32569.86 99 
121428.5  32569.43 99 
121429.0  32570.16 99 
121429.5  32569.83 99 
121430.0  32570.15 99 
121430.5  32569.89 99 
121431.0  32569.36 99 
121431.5  32569.76 99 
121432.0  32569.33 99 
121432.5  32569.82 99 
121433.0  32569.83 99 
121433.5  32569.95 99 
121434.0  32569.68 99 
121434.5  32569.62 99 
121435.0  32569.54 99 
121435.5  32569.48 99 
121436.0  32570.28 99 
121436.5  32569.85 99 
121437.0  32569.73 98 
121437.5  32569.34 99 
121438.0  32569.92 99 
121438.5  32570.08 99 
121439.0  32569.98 99 
121439.5  32569.71 99 
121440.0  32569.35 99 
121440.5  32569.94 99 
121441.0  32569.88 99 
121441.5  32569.87 99 
121442.0  32569.78 99 
121442.5  32569.48 99 
121443.0  32569.29 99 
121443.5  32569.95 99 
121444.0  32569.37 99 
121444.5  32569.33 99 
121445.0  32570.27 99 
121445.5  32570.16 99 
121446.0  32570.12 99 
121446.5  32569.62 99 
121447.0  32570.14 99 
121447.5  32569.72 99 
121448.0  32569.80 99 
121448.5  32569.67 99 
121449.0  32569.36 99 
121449.5  32569.49 99 
121450.0  32569.66 99 
121450.5  32569.58 99 
121451.0  32569.97 99 
121451.5  32569.15 99 
121452.0  32569.39 99 
121452.5  32569.60 99 
121453.0  32569.07 99 
121453.5  32569.55 99 
121454.0  32569.58 99 
121454.5  32569.78 99 
121455.0  32568.87 99 
121455.5  32569.39 99 
121456.0  32569.78 99 
121456.5  32570.23 99 
121457.0  32569.54 99 
121457.5  32569.78 99 
121458.0  32569.96 99 
121458.5  32570.51 99 
121459.0  32569.45 99 
121459.5  32569.72 99 
121500.0  32569.85 99 
121500.5  32569.64 99 
121501.0  32569.57 99 
121501.5  32569.60 99 
121502.0  32569.52 99 
121502.5  32569.87 98 
121503.0  32569.69 99 
121503.5  32569.90 99 
121504.0  32569.51 99 
121504.5  32569.26 99 
121505.0  32570.08 99 
121505.5  32569.60 99 
121506.0  32569.38 99 
121506.5  32570.13 99 
121507.0  32569.44 99 
121507.5  32569.37 99 
121508.0  32569.57 99 
121508.5  32569.64 99 
121509.0  32570.15 99 
121509.5  32569.38 99 
121510.0  32569.42 99 
121510.5  32569.73 99 
121511.0  32569.82 99 
121511.5  32569.50 99 
121512.0  32569.49 99 
121512.5  32569.10 99 
121513.0  32569.45 99 
121513.5  32570.14 99 
121514.0  32569.89 99 
121514.5  32569.39 99 
121515.0  32569.64 99 
121515.5  32569.55 99 
121516.0  32570.07 99 
121516.5  32570.51 99 
121517.0  32570.02 99 
121517.5  32569.92 99 
121518.0  32570.19 99 
121518.5  32570.07 99 
121519.0  32569.54 99 
121519.5  32569.78 99 
121520.0  32569.98 99 
121520.5  32570.45 99 
121521.0  32569.53 99 
121521.5  32570.31 99 
121522.0  32569.70 99 
121522.5  32569.42 99 
121523.0  32569.72 99 
121523.5  32569.38 99 
121524.0  32569.66 99 
121524.5  32570.15 99 
121525.0  32569.80 99 
121525.5  32569.30 99 
121526.0  32569.77 99 
121526.5  32570.45 99 
121527.0  32569.79 99 
121527.5  32570.01 99 
121528.0  32569.78 99 
121528.5  32570.18 99 
121529.0  32569.83 99 
121529.5  32569.33 99 
121530.0  32569.98 99 
121530.5  32570.07 99 
121531.0  32569.71 99 
121531.5  32569.47 99 
121532.0  32570.00 99 
121532.5  32570.28 99 
121533.0  32569.35 99 
121533.5  32569.90 99 
121534.0  32569.95 99 
121534.5  32569.89 99 
121535.0  32569.86 99 
121535.5  32569.98 99 
121536.0  32569.02 99 
121536.5  32570.15 99 
121537.0  32569.89 99 
121537.5  32569.89 99 
121538.0  32569.53 99 
121538.5  32570.29 99 
121539.0  32569.78 99 
121539.5  32569.68 99 
121540.0  32569.53 99 
121540.5  32570.36 99 
121541.0  32570.21 99 
121541.5  32569.94 99 
121542.0  32569.75 99 
121542.5  32569.85 99 
121543.0  32569.58 99 
121543.5  32570.16 99 
121544.0  32570.10 99 
121544.5  32570.48 99 
121545.0  32570.06 99 
121545.5  32570.19 99 
121546.0  32569.87 99 
121546.5  32569.71 99 
121547.0  32569.93 99 
121547.5  32569.86 99 
121548.0  32569.98 99 
121548.5  32569.94 99 
121549.0  32570.24 99 
121549.5  32569.81 99 
121550.0  32570.09 99 
121550.5  32570.39 99 
121551.0  32569.69 99 
121551.5  32570.13 99 
121552.0  32570.24 99 
121552.5  32570.47 99 
121553.0  32570.04 99 
121553.5  32569.81 99 
121554.0  32569.72 99 
121554.5  32569.62 99 
121555.0  32570.13 99 
121555.5  32570.49 99 
121556.0  32569.89 99 
121556.5  32570.17 99 
121557.0  32570.19 99 
121557.5  32570.00 99 
121558.0  32569.95 99 
121558.5  32569.92 99 
121559.0  32570.15 99 
121559.5  32569.91 99 
121600.0  32570.28 99 
121600.5  32570.01 99 
121601.0  32570.06 99 
121601.5  32569.91 99 
121602.0  32570.07 99 
121602.5  32570.24 99 
121603.0  32569.77 99 
121603.5  32570.05 99 
121604.0  32570.50 99 
121604.5  32570.47 99 
121605.0  32570.19 99 
121605.5  32569.81 99 
121606.0  32570.40 99 
121606.5  32569.76 99 
121607.0  32570.37 99 
121607.5  32569.77 99 
121608.0  32569.79 99 
121608.5  32570.23 99 
121609.0  32569.94 99 
121609.5  32570.08 99 
121610.0  32569.67 99 
121610.5  32570.10 99 
121611.0  32570.35 99 
121611.5  32570.23 99 
121612.0  32569.61 99 
121612.5  32570.46 99 
121613.0  32570.11 99 
121613.5  32570.10 99 
121614.0  32570.01 99 
121614.5  32570.00 99 
121615.0  32570.07 99 
121615.5  32569.89 99 
121616.0  32570.70 99 
121616.5  32569.91 99 
121617.0  32570.51 99 
121617.5  32570.22 99 
121618.0  32570.32 99 
121618.5  32570.08 99 
121619.0  32570.10 99 
121619.5  32570.52 99 
121620.0  32569.83 99 
121620.5  32570.14 99 
121621.0  32570.14 99 
121621.5  32570.33 99 
121622.0  32569.74 99 
121622.5  32570.61 99 
121623.0  32570.76 99 
121623.5  32570.15 99 
121624.0  32570.78 99 
121624.5  32570.26 99 
121625.0  32570.22 99 
121625.5  32570.52 99 
121626.0  32570.01 99 
121626.5  32570.12 99 
121627.0  32570.20 99 
121627.5  32570.11 99 
121628.0  32570.15 99 
121628.5  32569.98 99 
121629.0  32569.83 99 
121629.5  32570.02 99 
121630.0  32570.07 99 
121630.5  32570.11 99 
121631.0  32570.51 99 
121631.5  32569.88 99 
121632.0  32569.92 99 
121632.5  32570.54 99 
121633.0  32569.95 99 
121633.5  32569.95 99 
121634.0  32570.10 99 
121634.5  32570.17 99 
121635.0  32570.14 99 
121635.5  32569.76 99 
121636.0  32570.12 99 
121636.5  32569.96 99 
121637.0  32569.87 99 
121637.5  32570.17 99 
121638.0  32570.39 99 
121638.5  32570.46 99 
121639.0  32570.05 99 
121639.5  32570.20 99 
121640.0  32570.31 99 
121640.5  32570.71 99 
121641.0  32570.14 99 
121641.5  32570.45 99 
121642.0  32570.01 99 
121642.5  32570.43 99 
121643.0  32569.96 99 
121643.5  32570.08 99 
121644.0  32569.80 99 
121644.5  32570.62 99 
121645.0  32570.56 99 
121645.5  32570.56 99 
121646.0  32570.04 99 
121646.5  32570.46 99 
121647.0  32570.43 99 
121647.5  32570.38 99 
121648.0  32570.46 99 
121648.5  32570.41 99 
121649.0  32569.83 99 
121649.5  32570.41 99 
121650.0  32570.55 99 
121650.5  32570.36 99 
121651.0  32570.08 99 
121651.5  32570.38 99 
121652.0  32570.01 99 
121652.5  32570.25 99 
121653.0  32570.30 99 
121653.5  32569.86 99 
121654.0  32570.96 99 
121654.5  32570.24 99 
121655.0  32570.23 99 
121655.5  32570.36 99 
121656.0  32570.44 99 
121656.5  32570.47 99 
121657.0  32570.30 99 
121657.5  32569.89 99 
121658.0  32570.34 99 
121658.5  32570.40 99 
121659.0  32570.54 99 
121659.5  32570.48 99 
121700.0  32570.57 99 
121700.5  32570.44 99 
121701.0  32570.36 99 
121701.5  32570.04 99 
121702.0  32570.23 99 
121702.5  32569.94 99 
121703.0  32570.19 99 
121703.5  32570.22 99 
121704.0  32570.45 99 
121704.5  32570.44 99 
121705.0  32569.93 99 
121705.5  32570.43 99 
121706.0  32570.43 99 
121706.5  32570.42 99 
121707.0  32570.06 99 
121707.5  32570.24 99 
121708.0  32570.11 99 
121708.5  32570.41 99 
121709.0  32571.09 99 
121709.5  32570.08 99 
121710.0  32570.03 99 
121710.5  32570.54 99 
121711.0  32570.47 99 
121711.5  32570.93 99 
121712.0  32570.25 99 
121712.5  32570.42 99 
121713.0  32570.43 99 
121713.5  32570.26 99 
121714.0  32569.87 99 
121714.5  32570.73 99 
121715.0  32570.24 99 
121715.5  32570.77 99 
121716.0  32570.66 99 
121716.5  32570.14 99 
121717.0  32570.38 99 
121717.5  32569.97 99 
121718.0  32570.42 99 
121718.5  32570.13 99 
121719.0  32570.70 99 
121719.5  32570.43 99 
121720.0  32570.60 99 
121720.5  32570.87 99 
121721.0  32570.42 99 
121721.5  32570.53 99 
121722.0  32570.10 99 
121722.5  32570.02 99 
121723.0  32570.36 99 
121723.5  32570.50 99 
121724.0  32570.61 99 
121724.5  32570.20 99 
121725.0  32570.75 99 
121725.5  32570.65 99 
121726.0  32570.47 99 
121726.5  32570.65 99 
121727.0  32570.31 99 
121727.5  32570.12 99 
121728.0  32570.14 99 
121728.5  32570.20 99 
121729.0  32570.38 99 
121729.5  32570.22 99 
121730.0  32570.66 99 
121730.5  32570.68 99 
121731.0  32569.77 99 
121731.5  32569.87 99 
121732.0  32570.18 99 
121732.5  32570.53 99 
121733.0  32570.41 99 
121733.5  32570.09 99 
121734.0  32570.82 99 
121734.5  32570.62 99 
121735.0  32569.92 99 
121735.5  32570.54 99 
121736.0  32570.43 99 
121736.5  32570.16 99 
121737.0  32570.55 99 
121737.5  32570.68 99 
121738.0  32570.53 99 
121738.5  32569.98 99 
121739.0  32570.55 99 
121739.5  32570.34 99 
121740.0  32570.02 99 
121740.5  32570.40 99 
121741.0  32570.05 99 
121741.5  32570.40 99 
121742.0  32569.49 99 
121742.5  32570.42 99 
121743.0  32570.62 99 
121743.5  32570.20 99 
121744.0  32569.50 99 
121744.5  32570.10 99 
121745.0  32570.49 99 
121745.5  32569.91 99 
121746.0  32570.41 99 
121746.5  32569.91 99 
121747.0  32570.49 99 
121747.5  32570.47 99 
121748.0  32570.33 99 
121748.5  32570.52 99 
121749.0  32570.40 99 
121749.5  32570.62 99 
121750.0  32570.14 99 
121750.5  32570.29 99 
121751.0  32570.14 99 
121751.5  32570.79 99 
121752.0  32570.64 99 
121752.5  32570.62 99 
121753.0  32569.90 99 
121753.5  32570.61 99 
121754.0  32570.71 99 
121754.5  32570.12 99 
121755.0  32570.48 99 
121755.5  32570.51 99 
121756.0  32570.60 99 
121756.5  32570.51 99 
121757.0  32570.25 99 
121757.5  32570.11 99 
121758.0  32571.12 99 
121758.5  32570.16 99 
121759.0  32570.54 99 
121759.5  32570.23 99 
121800.0  32569.97 99 
121800.5  32570.28 99 
121801.0  32570.26 99 
121801.5  32570.52 99 
121802.0  32570.12 99 
121802.5  32570.21 99 
121803.0  32570.99 99 
121803.5  32570.31 99 
121804.0  32570.21 99 
121804.5  32570.40 99 
121805.0  32570.56 99 
121805.5  32570.68 99 
121806.0  32570.09 99 
121806.5  32570.22 99 
121807.0  32570.38 99 
121807.5  32570.49 99 
121808.0  32570.56 99 
121808.5  32570.15 99 
121809.0  32570.02 99 
121809.5  32570.59 99 
121810.0  32570.37 99 
121810.5  32570.75 99 
121811.0  32570.55 99 
121811.5  32570.79 99 
121812.0  32570.42 99 
121812.5  32570.47 99 
121813.0  32570.10 99 
121813.5  32570.40 99 
121814.0  32570.58 99 
121814.5  32570.87 99 
121815.0  32569.98 99 
121815.5  32570.88 99 
121816.0  32570.20 99 
121816.5  32570.50 99 
121817.0  32570.19 99 
121817.5  32570.44 99 
121818.0  32570.62 99 
121818.5  32569.96 99 
121819.0  32570.13 99 
121819.5  32570.70 99 
121820.0  32570.10 99 
121820.5  32570.66 99 
121821.0  32570.75 99 
121821.5  32570.41 99 
121822.0  32570.25 99 
121822.5  32570.74 99 
121823.0  32570.68 99 
121823.5  32570.12 99 
121824.0  32570.89 99 
121824.5  32570.29 99 
121825.0  32570.41 99 
121825.5  32570.60 99 
121826.0  32570.25 99 
121826.5  32570.67 99 
121827.0  32570.62 99 
121827.5  32570.72 99 
121828.0  32570.63 99 
121828.5  32570.89 99 
121829.0  32570.86 99 
121829.5  32570.47 99 
121830.0  32570.81 99 
121830.5  32570.73 99 
121831.0  32570.85 99 
121831.5  32570.83 99 
121832.0  32570.93 99 
121832.5  32570.21 99 
121833.0  32570.87 99 
121833.5  32570.77 99 
121834.0  32570.21 99 
121834.5  32571.14 99 
121835.0  32570.51 99 
121835.5  32570.94 99 
121836.0  32570.68 99 
121836.5  32570.89 99 
121837.0  32570.51 99 
121837.5  32570.69 99 
121838.0  32570.68 99 
121838.5  32571.06 99 
121839.0  32570.08 99 
121839.5  32570.27 99 
121840.0  32570.47 99 
121840.5  32570.21 99 
121841.0  32571.16 99 
121841.5  32570.68 99 
121842.0  32570.60 99 
121842.5  32570.58 99 
121843.0  32570.36 99 
121843.5  32570.48 99 
121844.0  32570.58 99 
121844.5  32570.73 99 
121845.0  32570.99 99 
121845.5  32570.77 99 
121846.0  32570.72 99 
121846.5  32570.56 99 
121847.0  32570.63 99 
121847.5  32570.54 99 
121848.0  32570.59 99 
121848.5  32570.35 99 
121849.0  32570.88 99 
121849.5  32570.48 99 
121850.0  32571.03 99 
121850.5  32570.50 99 
121851.0  32570.72 99 
121851.5  32570.96 99 
121852.0  32570.77 99 
121852.5  32570.71 99 
121853.0  32570.80 99 
121853.5  32570.45 99 
121854.0  32570.85 99 
121854.5  32570.85 99 
121855.0  32570.63 99 
121855.5  32570.85 99 
121856.0  32570.86 99 
121856.5  32570.97 99 
121857.0  32570.78 99 
121857.5  32571.04 99 
121858.0  32570.98 99 
121858.5  32570.91 99 
121859.0  32570.58 99 
121859.5  32570.37 99 
121900.0  32570.61 99 
121900.5  32571.36 99 
121901.0  32571.21 99 
121901.5  32571.12 99 
121902.0  32570.93 99 
121902.5  32570.53 99 
121903.0  32571.05 99 
121903.5  32570.76 99 
121904.0  32570.58 99 
121904.5  32570.89 99 
121905.0  32570.65 99 
121905.5  32570.58 99 
121906.0  32570.94 99 
121906.5  32570.57 99 
121907.0  32570.81 99 
121907.5  32570.99 99 
121908.0  32570.70 99 
121908.5  32570.42 99 
121909.0  32570.40 98 
121909.5  32571.29 99 
121910.0  32570.67 99 
121910.5  32571.31 99 
121911.0  32570.50 99 
121911.5  32570.70 99 
121912.0  32570.74 99 
121912.5  32570.72 99 
121913.0  32570.89 99 
121913.5  32570.34 99 
121914.0  32570.83 99 
121914.5  32570.63 99 
121915.0  32570.90 99 
121915.5  32570.73 99 
121916.0  32570.39 99 
121916.5  32570.61 99 
121917.0  32570.71 99 
121917.5  32570.38 99 
121918.0  32570.46 99 
121918.5  32570.77 99 
121919.0  32570.76 99 
121919.5  32571.05 99 
121920.0  32570.61 99 
121920.5  32570.42 99 
121921.0  32570.96 99 
121921.5  32570.49 99 
121922.0  32570.83 99 
121922.5  32570.39 99 
121923.0  32571.18 99 
121923.5  32570.47 99 
121924.0  32570.22 99 
121924.5  32570.58 99 
121925.0  32570.84 99 
121925.5  32571.07 99 
121926.0  32570.75 99 
121926.5  32570.89 99 
121927.0  32570.36 99 
121927.5  32570.88 99 
121928.0  32571.06 99 
121928.5  32570.42 99 
121929.0  32570.73 99 
121929.5  32570.27 99 
121930.0  32570.36 99 
121930.5  32570.61 99 
121931.0  32571.05 99 
121931.5  32570.97 99 
121932.0  32571.00 99 
121932.5  32571.05 99 
121933.0  32571.22 99 
121933.5  32570.91 99 
121934.0  32570.55 99 
121934.5  32570.72 99 
121935.0  32570.98 99 
121935.5  32571.07 99 
121936.0  32570.85 99 
121936.5  32570.66 99 
121937.0  32571.13 99 
121937.5  32570.53 99 
121938.0  32570.75 99 
121938.5  32570.18 99 
121939.0  32570.99 99 
121939.5  32570.96 99 
121940.0  32570.38 99 
121940.5  32571.41 99 
121941.0  32571.01 99 
121941.5  32571.16 99 
121942.0  32570.86 99 
121942.5  32571.21 99 
121943.0  32570.22 99 
121943.5  32570.48 99 
121944.0  32570.69 99 
121944.5  32571.04 99 
121945.0  32570.78 99 
121945.5  32570.60 99 
121946.0  32570.64 99 
121946.5  32570.82 99 
121947.0  32570.76 99 
121947.5  32570.79 99 
121948.0  32571.13 99 
121948.5  32570.84 99 
121949.0  32570.56 99 
121949.5  32570.26 99 
121950.0  32570.31 99 
121950.5  32570.26 99 
121951.0  32570.99 99 
121951.5  32570.84 99 
121952.0  32570.31 99 
121952.5  32570.90 99 
121953.0  32570.88 99 
121953.5  32570.55 99 
121954.0  32570.65 99 
121954.5  32571.63 99 
121955.0  32571.14 99 
121955.5  32570.70 99 
121956.0  32570.58 99 
121956.5  32570.66 99 
121957.0  32570.86 99 
121957.5  32570.37 99 
121958.0  32570.97 99 
121958.5  32570.31 99 
121959.0  32570.57 99 
121959.5  32570.88 99 
122000.0  32570.49 99 
122000.5  32571.02 99 
122001.0  32571.10 99 
122001.5  32570.80 99 
122002.0  32570.58 99 
122002.5  32571.01 99 
122003.0  32570.65 99 
122003.5  32570.70 99 
122004.0  32570.15 99 
122004.5  32570.90 99 
122005.0  32570.66 99 
122005.5  32570.83 99 
122006.0  32570.44 99 
122006.5  32570.05 99 
122007.0  32570.41 99 
122007.5  32570.82 99 
122008.0  32570.35 99 
122008.5  32570.87 99 
122009.0  32570.86 99 
122009.5  32570.65 99 
122010.0  32570.63 99 
122010.5  32570.84 99 
122011.0  32571.12 99 
122011.5  32570.07 99 
122012.0  32570.57 99 
122012.5  32570.88 99 
122013.0  32570.71 99 
122013.5  32570.98 99 
122014.0  32571.21 99 
122014.5  32571.09 99 
122015.0  32570.48 99 
122015.5  32570.45 99 
122016.0  32570.83 99 
122016.5  32570.78 99 
122017.0  32570.37 99 
122017.5  32570.48 99 
122018.0  32570.61 99 
122018.5  32570.48 99 
122019.0  32570.26 99 
122019.5  32570.89 99 
122020.0  32570.67 99 
122020.5  32570.56 99 
122021.0  32570.83 99 
122021.5  32570.55 99 
122022.0  32570.66 99 
122022.5  32570.50 99 
122023.0  32571.04 99 
122023.5  32570.63 99 
122024.0  32570.57 99 
122024.5  32570.31 99 
122025.0  32570.20 99 
122025.5  32570.46 99 
122026.0  32571.03 99 
122026.5  32570.48 99 
122027.0  32570.77 99 
122027.5  32570.85 99 
122028.0  32570.77 99 
122028.5  32571.05 99 
122029.0  32570.13 99 
122029.5  32570.90 99 
122030.0  32570.60 99 
122030.5  32570.66 99 
122031.0  32570.42 99 
122031.5  32570.68 99 
122032.0  32570.37 99 
122032.5  32570.97 99 
122033.0  32570.63 99 
122033.5  32570.92 99 
122034.0  32570.08 99 
122034.5  32570.33 99 
122035.0  32571.21 99 
122035.5  32570.63 99 
122036.0  32570.78 99 
122036.5  32571.12 99 
122037.0  32571.09 99 
122037.5  32570.19 99 
122038.0  32570.85 99 
122038.5  32570.42 99 
122039.0  32570.77 99 
122039.5  32570.70 99 
122040.0  32570.47 99 
122040.5  32570.31 99 
122041.0  32570.88 99 
122041.5  32570.34 99 
122042.0  32570.61 99 
122042.5  32570.65 99 
122043.0  32570.51 99 
122043.5  32570.23 99 
122044.0  32570.96 99 
122044.5  32570.83 99 
122045.0  32570.75 99 
122045.5  32570.89 99 
122046.0  32570.46 99 
122046.5  32570.95 99 
122047.0  32570.64 99 
122047.5  32570.82 99 
122048.0  32570.49 99 
122048.5  32570.69 99 
122049.0  32570.18 99 
122049.5  32570.54 99 
122050.0  32570.51 99 
122050.5  32570.96 99 
122051.0  32570.31 99 
122051.5  32570.62 99 
122052.0  32571.12 99 
122052.5  32570.65 99 
122053.0  32570.37 99 
122053.5  32570.64 99 
122054.0  32570.48 99 
122054.5  32570.08 99 
122055.0  32570.90 99 
122055.5  32570.46 99 
122056.0  32570.49 99 
122056.5  32570.69 99 
122057.0  32570.15 99 
122057.5  32570.00 99 
122058.0  32570.20 99 
122058.5  32570.79 99 
122059.0  32570.57 99 
122059.5  32570.40 99 
122100.0  32570.43 99 
122100.5  32570.50 99 
122101.0  32570.88 99 
122101.5  32570.33 99 
122102.0  32570.29 99 
122102.5  32570.30 99 
122103.0  32570.43 99 
122103.5  32570.88 99 
122104.0  32570.65 99 
122104.5  32570.56 99 
122105.0  32570.63 99 
122105.5  32570.47 99 
122106.0  32570.47 99 
122106.5  32570.30 99 
122107.0  32570.69 99 
122107.5  32570.64 99 
122108.0  32570.26 99 
122108.5  32570.62 99 
122109.0  32570.13 99 
122109.5  32570.41 99 
122110.0  32570.71 99 
122110.5  32571.13 99 
122111.0  32570.13 99 
122111.5  32570.40 99 
122112.0  32570.68 99 
122112.5  32570.40 99 
122113.0  32570.62 99 
122113.5  32570.39 99 
122114.0  32569.99 99 
122114.5  32570.18 99 
122115.0  32571.09 99 
122115.5  32570.94 99 
122116.0  32570.50 99 
122116.5  32570.01 99 
122117.0  32570.51 99 
122117.5  32570.67 99 
122118.0  32570.42 99 
122118.5  32570.36 99 
122119.0  32570.78 99 
122119.5  32570.18 99 
122120.0  32570.65 99 
122120.5  32570.71 99 
122121.0  32570.27 99 
122121.5  32570.55 99 
122122.0  32570.42 99 
122122.5  32570.75 99 
122123.0  32570.30 99 
122123.5  32571.17 99 
122124.0  32569.78 99 
122124.5  32570.63 99 
122125.0  32570.94 99 
122125.5  32570.26 99 
122126.0  32570.94 99 
122126.5  32570.45 99 
122127.0  32570.36 99 
122127.5  32570.98 99 
122128.0  32571.04 99 
122128.5  32570.34 99 
122129.0  32570.34 99 
122129.5  32570.50 99 
122130.0  32570.04 99 
122130.5  32570.52 99 
122131.0  32570.60 99 
122131.5  32570.77 99 
122132.0  32570.42 99 
122132.5  32571.10 99 
122133.0  32569.95 99 
122133.5  32570.69 99 
122134.0  32570.78 99 
122134.5  32571.55 99 
122135.0  32570.34 99 
122135.5  32569.99 99 
122136.0  32570.96 99 
122136.5  32570.36 99 
122137.0  32570.40 99 
122137.5  32570.50 99 
122138.0  32570.91 99 
122138.5  32570.67 99 
122139.0  32570.65 99 
122139.5  32570.14 99 
122140.0  32570.64 99 
122140.5  32571.02 99 
122141.0  32570.36 99 
122141.5  32570.51 99 
122142.0  32569.99 99 
122142.5  32570.47 99 
122143.0  32570.46 99 
122143.5  32571.13 99 
122144.0  32570.64 99 
122144.5  32570.32 99 
122145.0  32570.57 99 
122145.5  32570.87 99 
122146.0  32570.51 99 
122146.5  32570.51 99 
122147.0  32570.14 99 
122147.5  32570.30 99 
122148.0  32570.44 99 
122148.5  32570.84 99 
122149.0  32570.45 99 
122149.5  32570.62 99 
122150.0  32571.11 99 
122150.5  32570.57 99 
122151.0  32570.58 99 
122151.5  32571.19 99 
122152.0  32570.35 99 
122152.5  32570.46 99 
122153.0  32570.50 99 
122153.5  32570.11 99 
122154.0  32570.54 98 
122154.5  32570.79 99 
122155.0  32570.26 99 
122155.5  32570.31 99 
122156.0  32570.58 99 
122156.5  32570.36 99 
122157.0  32570.56 99 
122157.5  32571.24 99 
122158.0  32571.19 99 
122158.5  32570.79 99 
122159.0  32570.46 99 
122159.5  32570.86 99 
122200.0  32570.13 99 
122200.5  32570.49 99 
122201.0  32570.34 99 
122201.5  32570.34 99 
122202.0  32570.70 99 
122202.5  32570.01 99 
122203.0  32570.95 99 
122203.5  32570.62 99 
122204.0  32570.01 99 
122204.5  32570.10 99 
122205.0  32570.50 99 
122205.5  32570.48 99 
122206.0  32570.33 99 
122206.5  32570.00 99 
122207.0  32570.31 99 
122207.5  32570.16 99 
122208.0  32570.32 99 
122208.5  32570.65 99 
122209.0  32570.10 99 
122209.5  32570.85 99 
122210.0  32570.12 99 
122210.5  32569.77 99 
122211.0  32570.92 99 
122211.5  32570.59 99 
122212.0  32570.55 99 
122212.5  32570.45 99 
122213.0  32570.62 99 
122213.5  32570.85 99 
122214.0  32570.36 99 
122214.5  32570.65 99 
122215.0  32570.22 99 
122215.5  32570.17 99 
122216.0  32570.11 99 
122216.5  32570.74 99 
122217.0  32570.45 99 
122217.5  32570.23 99 
122218.0  32570.27 99 
122218.5  32570.11 99 
122219.0  32570.63 99 
122219.5  32570.19 99 
122220.0  32570.00 99 
122220.5  32570.50 99 
122221.0  32570.56 99 
122221.5  32570.34 99 
122222.0  32570.29 99 
122222.5  32569.95 99 
122223.0  32570.68 99 
122223.5  32570.04 99 
122224.0  32570.49 99 
122224.5  32570.20 99 
122225.0  32569.89 99 
122225.5  32570.88 99 
122226.0  32570.34 99 
122226.5  32570.37 99 
122227.0  32570.32 99 
122227.5  32570.04 99 
122228.0  32570.58 99 
122228.5  32569.70 99 
122229.0  32570.21 99 
122229.5  32570.47 99 
122230.0  32569.91 99 
122230.5  32569.97 99 
122231.0  32570.41 99 
122231.5  32570.07 99 
122232.0  32570.03 99 
122232.5  32570.81 99 
122233.0  32570.42 99 
122233.5  32570.24 99 
122234.0  32570.04 99 
122234.5  32569.52 99 
122235.0  32570.65 99 
122235.5  32570.49 99 
122236.0  32570.12 99 
122236.5  32570.22 99 
122237.0  32570.15 99 
122237.5  32570.20 99 
122238.0  32570.07 99 
122238.5  32569.49 99 
122239.0  32570.06 99 
122239.5  32570.43 99 
122240.0  32569.97 99 
122240.5  32570.37 99 
122241.0  32570.16 99 
122241.5  32570.11 99 
122242.0  32570.50 99 
122242.5  32570.95 99 
122243.0  32570.21 99 
122243.5  32569.97 99 
122244.0  32570.21 99 
122244.5  32570.21 99 
122245.0  32569.86 99 
122245.5  32570.45 99 
122246.0  32570.51 99 
122246.5  32570.31 99 
122247.0  32570.14 99 
122247.5  32570.06 99 
122248.0  32569.91 99 
122248.5  32570.16 99 
122249.0  32570.42 99 
122249.5  32570.34 99 
122250.0  32570.11 99 
122250.5  32569.86 99 
122251.0  32570.11 99 
122251.5  32570.25 99 
122252.0  32569.94 99 
122252.5  32570.33 99 
122253.0  32570.24 99 
122253.5  32570.28 99 
122254.0  32569.97 99 
122254.5  32570.47 99 
122255.0  32570.08 99 
122255.5  32570.25 99 
122256.0  32570.19 99 
122256.5  32570.09 99 
122257.0  32570.21 99 
122257.5  32569.70 99 
122258.0  32570.07 99 
122258.5  32570.53 99 
122259.0  32570.26 99 
122259.5  32570.02 99 
122300.0  32570.15 99 
122300.5  32570.83 99 
122301.0  32570.30 99 
122301.5  32570.08 99 
122302.0  32569.96 99 
122302.5  32570.14 99 
122303.0  32569.80 99 
122303.5  32570.17 99 
122304.0  32570.25 99 
122304.5  32569.48 99 
122305.0  32570.03 99 
122305.5  32569.87 99 
122306.0  32570.32 99 
122306.5  32570.09 99 
122307.0  32570.55 99 
122307.5  32569.73 99 
122308.0  32570.43 99 
122308.5  32569.82 99 
122309.0  32570.10 99 
122309.5  32570.01 99 
122310.0  32570.09 99 
122310.5  32570.00 99 
122311.0  32570.32 99 
122311.5  32570.15 99 
122312.0  32569.63 99 
122312.5  32570.07 99 
122313.0  32569.72 99 
122313.5  32570.02 99 
122314.0  32570.45 99 
122314.5  32570.32 99 
122315.0  32570.20 99 
122315.5  32569.37 99 
122316.0  32570.44 99 
122316.5  32570.38 99 
122317.0  32570.07 99 
122317.5  32570.07 99 
122318.0  32569.71 99 
122318.5  32570.34 99 
122319.0  32570.06 99 
122319.5  32570.14 99 
122320.0  32569.60 99 
122320.5  32569.66 99 
122321.0  32569.63 99 
122321.5  32569.88 99 
122322.0  32569.65 99 
122322.5  32569.87 99 
122323.0  32570.46 99 
122323.5  32570.51 99 
122324.0  32569.62 99 
122324.5  32569.86 99 
122325.0  32570.14 99 
122325.5  32569.91 99 
122326.0  32569.99 99 
122326.5  32570.01 99 
122327.0  32569.99 99 
122327.5  32569.70 99 
122328.0  32570.02 99 
122328.5  32569.74 99 
122329.0  32570.03 99 
122329.5  32569.77 99 
122330.0  32569.87 99 
122330.5  32569.85 99 
122331.0  32569.54 99 
122331.5  32568.88 99 
122332.0  32570.09 99 
122332.5  32569.62 99 
122333.0  32569.47 99 
122333.5  32569.64 99 
122334.0  32570.53 99 
122334.5  32569.39 99 
122335.0  32569.60 99 
122335.5  32569.87 99 
122336.0  32570.06 99 
122336.5  32570.03 99 
122337.0  32569.80 99 
122337.5  32570.11 99 
122338.0  32569.77 99 
122338.5  32570.19 99 
122339.0  32569.54 99 
122339.5  32569.43 99 
122340.0  32570.18 99 
122340.5  32569.87 99 
122341.0  32570.31 99 
122341.5  32570.44 99 
122342.0  32569.88 99 
122342.5  32569.58 99 
122343.0  32569.79 99 
122343.5  32569.14 99 
122344.0  32569.97 99 
122344.5  32569.60 99 
122345.0  32569.85 99 
122345.5  32569.59 99 
122346.0  32570.11 99 
122346.5  32569.61 99 
122347.0  32569.90 99 
122347.5  32569.71 99 
122348.0  32569.37 99 
122348.5  32570.02 99 
122349.0  32570.04 99 
122349.5  32569.60 99 
122350.0  32569.29 99 
122350.5  32569.72 99 
122351.0  32570.06 99 
122351.5  32570.03 99 
122352.0  32569.54 99 
122352.5  32569.74 99 
122353.0  32569.76 99 
122353.5  32569.59 99 
122354.0  32569.71 99 
122354.5  32569.93 99 
122355.0  32570.00 99 
122355.5  32569.39 99 
122356.0  32569.89 99 
122356.5  32569.96 99 
122357.0  32570.01 99 
122357.5  32570.52 99 
122358.0  32569.84 99 
122358.5  32570.18 99 
122359.0  32569.63 99 
122359.5  32569.61 99 
122400.0  32569.85 99 
122400.5  32569.78 99 
122401.0  32569.67 99 
122401.5  32569.86 99 
122402.0  32569.48 99 
122402.5  32569.71 99 
122403.0  32569.54 99 
122403.5  32569.92 99 
122404.0  32569.18 99 
122404.5  32569.72 99 
122405.0  32569.50 99 
122405.5  32569.89 99 
122406.0  32569.58 99 
122406.5  32569.46 99 
122407.0  32569.48 99 
122407.5  32569.54 99 
122408.0  32569.44 99 
122408.5  32569.48 99 
122409.0  32570.10 99 
122409.5  32569.40 99 
122410.0  32569.93 99 
122410.5  32570.28 99 
122411.0  32569.37 99 
122411.5  32569.52 99 
122412.0  32569.65 99 
122412.5  32569.37 99 
122413.0  32569.68 99 
122413.5  32570.11 99 
122414.0  32569.58 99 
122414.5  32569.71 99 
122415.0  32569.47 99 
122415.5  32569.77 99 
122416.0  32569.19 99 
122416.5  32569.50 99 
122417.0  32569.76 99 
122417.5  32569.87 99 
122418.0  32570.08 99 
122418.5  32569.63 99 
122419.0  32569.52 99 
122419.5  32569.47 99 
122420.0  32569.79 99 
122420.5  32569.64 99 
122421.0  32569.62 99 
122421.5  32569.71 99 
122422.0  32569.49 99 
122422.5  32569.73 99 
122423.0  32570.11 99 
122423.5  32569.32 99 
122424.0  32569.42 99 
122424.5  32569.74 99 
122425.0  32569.62 99 
122425.5  32569.76 99 
122426.0  32569.74 99 
122426.5  32569.45 99 
122427.0  32569.09 99 
122427.5  32569.60 99 
122428.0  32569.40 99 
122428.5  32569.51 99 
122429.0  32569.65 99 
122429.5  32569.43 99 
122430.0  32569.10 99 
122430.5  32569.21 99 
122431.0  32569.75 99 
122431.5  32569.64 99 
122432.0  32569.47 99 
122432.5  32569.55 99 
122433.0  32569.29 99 
122433.5  32569.91 99 
122434.0  32569.60 99 
122434.5  32569.59 99 
122435.0  32569.73 99 
122435.5  32569.37 99 
122436.0  32569.07 99 
122436.5  32569.94 99 
122437.0  32569.41 99 
122437.5  32569.86 99 
122438.0  32569.36 99 
122438.5  32569.73 99 
122439.0  32569.38 99 
122439.5  32569.35 99 
122440.0  32569.50 99 
122440.5  32569.57 99 
122441.0  32569.89 99 
122441.5  32569.47 99 
122442.0  32569.76 99 
122442.5  32569.00 99 
122443.0  32569.19 99 
122443.5  32569.89 99 
122444.0  32569.22 99 
122444.5  32569.42 99 
122445.0  32569.54 99 
122445.5  32568.83 99 
122446.0  32569.34 99 
122446.5  32569.18 99 
122447.0  32568.92 99 
122447.5  32569.14 99 
122448.0  32569.02 99 
122448.5  32568.97 99 
122449.0  32569.31 99 
122449.5  32569.43 99 
122450.0  32569.17 99 
122450.5  32569.21 99 
122451.0  32569.14 99 
122451.5  32569.48 99 
122452.0  32568.81 99 
122452.5  32569.53 99 
122453.0  32568.96 99 
122453.5  32568.83 99 
122454.0  32569.21 99 
122454.5  32569.13 99 
122455.0  32569.77 99 
122455.5  32569.44 99 
122456.0  32569.09 99 
122456.5  32568.88 99 
122457.0  32569.50 99 
122457.5  32568.83 99 
122458.0  32569.42 99 
122458.5  32568.89 99 
122459.0  32568.90 99 
122459.5  32569.32 99 
122500.0  32569.17 99 
122500.5  32569.10 99 
122501.0  32569.41 99 
122501.5  32569.26 99 
122502.0  32569.59 99 
122502.5  32568.94 99 
122503.0  32569.06 99 
122503.5  32569.70 99 
122504.0  32569.22 99 
122504.5  32569.62 99 
122505.0  32569.43 99 
122505.5  32569.25 99 
122506.0  32569.11 99 
122506.5  32569.02 99 
122507.0  32569.43 99 
122507.5  32569.75 99 
122508.0  32569.00 99 
122508.5  32569.01 99 
122509.0  32569.10 99 
122509.5  32569.02 99 
122510.0  32569.12 99 
122510.5  32569.23 99 
122511.0  32569.02 99 
122511.5  32569.29 99 
122512.0  32569.05 99 
122512.5  32569.02 99 
122513.0  32568.91 99 
122513.5  32568.91 99 
122514.0  32568.71 99 
122514.5  32568.71 99 
122515.0  32569.07 99 
122515.5  32569.12 99 
122516.0  32568.83 99 
122516.5  32569.16 99 
122517.0  32569.57 99 
122517.5  32568.92 99 
122518.0  32569.36 99 
122518.5  32568.79 99 
122519.0  32568.93 99 
122519.5  32569.05 99 
122520.0  32569.34 99 
122520.5  32568.83 99 
122521.0  32569.34 99 
122521.5  32568.99 99 
122522.0  32568.96 99 
122522.5  32568.57 99 
122523.0  32569.08 99 
122523.5  32568.82 99 
122524.0  32569.07 99 
122524.5  32568.78 99 
122525.0  32568.79 99 
122525.5  32569.11 99 
122526.0  32569.14 99 
122526.5  32568.77 99 
122527.0  32568.63 99 
122527.5  32569.24 99 
122528.0  32568.96 99 
122528.5  32568.94 99 
122529.0  32569.15 99 
122529.5  32568.96 99 
122530.0  32568.98 99 
122530.5  32569.17 99 
122531.0  32569.03 99 
122531.5  32568.83 99 
122532.0  32569.00 99 
122532.5  32569.25 99 
122533.0  32569.19 99 
122533.5  32568.74 99 
122534.0  32569.33 99 
122534.5  32568.93 99 
122535.0  32569.15 99 
122535.5  32569.27 99 
122536.0  32568.71 99 
122536.5  32568.90 99 
122537.0  32569.21 99 
122537.5  32569.03 99 
122538.0  32568.64 99 
122538.5  32568.97 99 
122539.0  32569.12 99 
122539.5  32568.99 99 
122540.0  32568.82 99 
122540.5  32568.88 99 
122541.0  32569.08 99 
122541.5  32568.56 99 
122542.0  32568.66 99 
122542.5  32568.84 99 
122543.0  32568.59 99 
122543.5  32569.50 99 
122544.0  32568.83 99 
122544.5  32568.98 99 
122545.0  32569.49 99 
122545.5  32569.14 99 
122546.0  32568.95 99 
122546.5  32569.56 99 
122547.0  32569.59 99 
122547.5  32568.56 99 
122548.0  32568.79 99 
122548.5  32569.09 99 
122549.0  32569.11 99 
122549.5  32569.44 99 
122550.0  32569.20 99 
122550.5  32568.88 99 
122551.0  32568.68 99 
122551.5  32568.65 99 
122552.0  32568.89 99 
122552.5  32569.30 99 
122553.0  32568.83 99 
122553.5  32568.84 99 
122554.0  32569.07 99 
122554.5  32568.79 99 
122555.0  32568.59 99 
122555.5  32568.83 99 
122556.0  32569.04 99 
122556.5  32568.76 99 
122557.0  32569.06 99 
122557.5  32568.74 99 
122558.0  32569.25 99 
122558.5  32569.23 99 
122559.0  32569.03 99 
122559.5  32569.22 99 
122600.0  32568.79 99 
122600.5  32568.76 99 
122601.0  32569.14 99 
122601.5  32569.06 99 
122602.0  32568.82 99 
122602.5  32568.95 99 
122603.0  32568.77 99 
122603.5  32569.07 99 
122604.0  32568.29 99 
122604.5  32569.01 99 
122605.0  32568.70 99 
122605.5  32568.93 99 
122606.0  32568.64 99 
122606.5  32568.35 99 
122607.0  32568.90 99 
122607.5  32568.97 99 
122608.0  32568.52 99 
122608.5  32569.21 99 
122609.0  32569.00 99 
122609.5  32569.01 99 
122610.0  32568.88 99 
122610.5  32568.75 99 
122611.0  32568.59 99 
122611.5  32569.39 99 
122612.0  32568.75 99 
122612.5  32568.88 99 
122613.0  32568.72 99 
122613.5  32568.84 99 
122614.0  32569.11 99 
122614.5  32568.94 99 
122615.0  32568.75 99 
122615.5  32568.44 99 
122616.0  32568.94 99 
122616.5  32568.47 99 
122617.0  32568.92 99 
122617.5  32569.32 99 
122618.0  32568.61 99 
122618.5  32568.66 99 
122619.0  32568.68 99 
122619.5  32568.33 99 
122620.0  32568.33 99 
122620.5  32568.87 99 
122621.0  32568.68 99 
122621.5  32568.62 99 
122622.0  32569.21 99 
122622.5  32569.10 99 
122623.0  32569.11 99 
122623.5  32569.12 99 
122624.0  32568.54 99 
122624.5  32568.63 99 
122625.0  32569.10 99 
122625.5  32569.09 99 
122626.0  32568.33 99 
122626.5  32568.56 99 
122627.0  32568.46 99 
122627.5  32568.82 99 
122628.0  32568.63 99 
122628.5  32568.97 99 
122629.0  32569.58 99 
122629.5  32568.83 99 
122630.0  32568.47 99 
122630.5  32568.96 99 
122631.0  32568.67 99 
122631.5  32567.84 99 
122632.0  32568.66 99 
122632.5  32568.68 99 
122633.0  32569.05 99 
122633.5  32568.50 99 
122634.0  32568.91 99 
122634.5  32568.53 99 
122635.0  32569.02 99 
122635.5  32568.90 99 
122636.0  32568.80 99 
122636.5  32569.06 99 
122637.0  32568.76 99 
122637.5  32568.32 99 
122638.0  32568.39 99 
122638.5  32568.53 99 
122639.0  32568.39 99 
122639.5  32568.26 99 
122640.0  32568.27 99 
122640.5  32568.39 99 
122641.0  32568.78 99 
122641.5  32568.96 99 
122642.0  32569.00 99 
122642.5  32568.70 99 
122643.0  32568.49 99 
122643.5  32568.63 99 
122644.0  32568.91 99 
122644.5  32569.04 99 
122645.0  32569.05 99 
122645.5  32568.34 99 
122646.0  32568.83 99 
122646.5  32568.95 99 
122647.0  32569.14 99 
122647.5  32568.67 99 
122648.0  32569.10 99 
122648.5  32568.61 99 
122649.0  32568.67 99 
122649.5  32568.75 99 
122650.0  32568.72 99 
122650.5  32568.89 99 
122651.0  32568.82 99 
122651.5  32568.73 99 
122652.0  32568.56 99 
122652.5  32568.41 99 
122653.0  32568.28 99 
122653.5  32569.03 99 
122654.0  32568.79 99 
122654.5  32568.57 99 
122655.0  32568.80 99 
122655.5  32568.80 99 
122656.0  32568.99 99 
122656.5  32568.39 99 
122657.0  32568.95 99 
122657.5  32568.96 99 
122658.0  32569.18 99 
122658.5  32569.20 99 
122659.0  32568.87 99 
122659.5  32568.72 99 
122700.0  32568.92 99 
122700.5  32568.65 99 
122701.0  32568.54 99 
122701.5  32568.73 99 
122702.0  32569.00 99 
122702.5  32568.35 99 
122703.0  32568.79 99 
122703.5  32568.85 99 
122704.0  32568.53 99 
122704.5  32568.86 99 
122705.0  32568.90 99 
122705.5  32569.05 99 
122706.0  32568.62 99 
122706.5  32568.94 99 
122707.0  32569.29 99 
122707.5  32568.86 99 
122708.0  32568.65 99 
122708.5  32568.74 99 
122709.0  32568.52 99 
122709.5  32568.81 99 
122710.0  32568.66 99 
122710.5  32569.09 99 
122711.0  32568.85 99 
122711.5  32568.26 99 
122712.0  32568.46 99 
122712.5  32569.48 99 
122713.0  32569.21 99 
122713.5  32569.16 99 
122714.0  32568.60 99 
122714.5  32568.64 99 
122715.0  32568.87 99 
122715.5  32569.07 99 
122716.0  32568.88 99 
122716.5  32568.82 99 
122717.0  32568.99 99 
122717.5  32568.26 99 
122718.0  32569.12 99 
122718.5  32568.98 99 
122719.0  32569.17 99 
122719.5  32568.58 99 
122720.0  32568.41 99 
122720.5  32568.76 99 
122721.0  32568.68 99 
122721.5  32568.88 99 
122722.0  32568.42 99 
122722.5  32568.89 99 
122723.0  32568.62 99 
122723.5  32568.43 99 
122724.0  32568.49 99 
122724.5  32568.36 99 
122725.0  32568.40 99 
122725.5  32568.62 99 
122726.0  32568.38 99 
122726.5  32568.43 99 
122727.0  32568.31 99 
122727.5  32568.70 99 
122728.0  32568.83 99 
122728.5  32568.74 99 
122729.0  32568.80 99 
122729.5  32568.75 99 
122730.0  32569.00 99 
122730.5  32568.44 99 
122731.0  32568.92 99 
122731.5  32569.02 99 
122732.0  32568.62 99 
122732.5  32568.87 99 
122733.0  32568.64 99 
122733.5  32568.63 99 
122734.0  32569.19 99 
122734.5  32568.51 99 
122735.0  32568.72 99 
122735.5  32568.54 99 
122736.0  32568.82 99 
122736.5  32568.57 99 
122737.0  32569.30 99 
122737.5  32568.37 99 
122738.0  32568.61 99 
122738.5  32568.95 99 
122739.0  32568.73 99 
122739.5  32568.75 99 
122740.0  32568.79 99 
122740.5  32569.39 99 
122741.0  32568.94 99 
122741.5  32568.96 99 
122742.0  32569.09 99 
122742.5  32568.45 99 
122743.0  32569.04 99 
122743.5  32568.64 99 
122744.0  32568.56 99 
122744.5  32568.87 99 
122745.0  32568.46 99 
122745.5  32568.76 99 
122746.0  32568.72 99 
122746.5  32568.51 99 
122747.0  32568.64 99 
122747.5  32568.52 99 
122748.0  32568.16 99 
122748.5  32568.86 99 
122749.0  32568.58 99 
122749.5  32568.87 99 
122750.0  32568.90 99 
122750.5  32568.02 99 
122751.0  32568.94 99 
122751.5  32569.22 99 
122752.0  32568.94 99 
122752.5  32569.08 99 
122753.0  32568.35 99 
122753.5  32568.91 99 
122754.0  32568.71 99 
122754.5  32568.80 99 
122755.0  32568.84 99 
122755.5  32568.71 99 
122756.0  32568.39 99 
122756.5  32569.05 99 
122757.0  32568.37 99 
122757.5  32568.55 99 
122758.0  32568.99 99 
122758.5  32568.83 99 
122759.0  32568.97 99 
122759.5  32568.49 99 
122800.0  32569.06 99 
122800.5  32568.61 99 
122801.0  32568.50 99 
122801.5  32568.39 99 
122802.0  32568.84 99 
122802.5  32568.57 99 
122803.0  32568.46 99 
122803.5  32568.45 99 
122804.0  32568.36 99 
122804.5  32568.95 99 
122805.0  32568.41 99 
122805.5  32568.80 99 
122806.0  32568.78 99 
122806.5  32568.79 99 
122807.0  32569.03 99 
122807.5  32568.70 99 
122808.0  32568.45 99 
122808.5  32568.16 99 
122809.0  32569.01 99 
122809.5  32568.66 99 
122810.0  32569.00 99 
122810.5  32569.10 99 
122811.0  32568.74 99 
122811.5  32568.80 99 
122812.0  32568.39 99 
122812.5  32569.45 99 
122813.0  32568.71 99 
122813.5  32568.73 99 
122814.0  32568.85 99 
122814.5  32568.83 99 
122815.0  32568.45 99 
122815.5  32568.27 99 
122816.0  32568.94 99 
122816.5  32568.75 99 
122817.0  32568.51 99 
122817.5  32568.87 99 
122818.0  32569.08 99 
122818.5  32568.85 99 
122819.0  32569.00 99 
122819.5  32568.92 99 
122820.0  32568.84 99 
122820.5  32568.80 99 
122821.0  32569.02 99 
122821.5  32568.65 99 
122822.0  32568.62 99 
122822.5  32569.25 99 
122823.0  32568.78 99 
122823.5  32569.25 99 
122824.0  32568.59 99 
122824.5  32568.95 99 
122825.0  32568.67 99 
122825.5  32568.40 99 
122826.0  32569.00 99 
122826.5  32568.50 99 
122827.0  32568.96 99 
122827.5  32568.73 99 
122828.0  32568.41 99 
122828.5  32568.24 99 
122829.0  32569.03 98 
122829.5  32568.42 99 
122830.0  32568.81 99 
122830.5  32568.68 99 
122831.0  32568.70 99 
122831.5  32569.16 99 
122832.0  32568.68 99 
122832.5  32569.17 99 
122833.0  32568.73 99 
122833.5  32568.40 99 
122834.0  32568.59 99 
122834.5  32568.74 99 
122835.0  32568.66 99 
122835.5  32569.07 99 
122836.0  32569.10 99 
122836.5  32569.41 99 
122837.0  32568.81 99 
122837.5  32569.20 99 
122838.0  32568.60 99 
122838.5  32569.10 99 
122839.0  32568.94 99 
122839.5  32568.73 99 
122840.0  32569.07 99 
122840.5  32568.69 99 
122841.0  32568.67 99 
122841.5  32569.25 99 
122842.0  32568.59 99 
122842.5  32568.45 99 
122843.0  32569.01 99 
122843.5  32568.94 99 
122844.0  32568.45 99 
122844.5  32568.66 99 
122845.0  32569.28 99 
122845.5  32569.08 99 
122846.0  32568.85 99 
122846.5  32568.63 99 
122847.0  32568.99 99 
122847.5  32568.78 99 
122848.0  32568.61 99 
122848.5  32569.10 99 
122849.0  32568.73 99 
122849.5  32568.77 99 
122850.0  32568.94 99 
122850.5  32568.78 99 
122851.0  32568.20 99 
122851.5  32568.45 99 
122852.0  32568.67 99 
122852.5  32568.94 99 
122853.0  32569.03 99 
122853.5  32568.76 99 
122854.0  32568.61 99 
122854.5  32568.77 99 
122855.0  32569.19 99 
122855.5  32568.59 99 
122856.0  32568.81 99 
122856.5  32568.79 99 
122857.0  32569.01 99 
122857.5  32568.75 99 
122858.0  32568.88 99 
122858.5  32568.52 99 
122859.0  32569.16 99 
122859.5  32568.98 99 
122900.0  32568.91 99 
122900.5  32568.93 99 
122901.0  32568.88 99 
122901.5  32569.15 99 
122902.0  32569.46 99 
122902.5  32568.87 99 
122903.0  32568.88 99 
122903.5  32568.71 99 
122904.0  32569.02 99 
122904.5  32568.54 99 
122905.0  32569.12 99 
122905.5  32568.68 99 
122906.0  32568.96 99 
122906.5  32568.49 99 
122907.0  32569.09 99 
122907.5  32569.11 99 
122908.0  32569.36 99 
122908.5  32568.57 99 
122909.0  32568.79 99 
122909.5  32568.99 99 
122910.0  32568.90 99 
122910.5  32568.89 99 
122911.0  32568.74 99 
122911.5  32568.81 99 
122912.0  32568.51 99 
122912.5  32568.72 99 
122913.0  32569.10 99 
122913.5  32568.58 99 
122914.0  32568.93 99 
122914.5  32568.76 99 
122915.0  32569.09 99 
122915.5  32569.13 99 
122916.0  32569.15 99 
122916.5  32569.67 99 
122917.0  32568.91 99 
122917.5  32569.45 99 
122918.0  32568.61 99 
122918.5  32568.67 99 
122919.0  32569.03 99 
122919.5  32568.78 99 
122920.0  32568.40 99 
122920.5  32569.26 99 
122921.0  32569.16 99 
122921.5  32568.93 99 
122922.0  32568.58 99 
122922.5  32568.77 99 
122923.0  32569.24 99 
122923.5  32569.54 99 
122924.0  32568.92 99 
122924.5  32569.36 99 
122925.0  32568.75 99 
122925.5  32569.31 99 
122926.0  32569.25 99 
122926.5  32569.30 99 
122927.0  32569.01 99 
122927.5  32568.82 99 
122928.0  32568.76 99 
122928.5  32568.68 99 
122929.0  32568.82 99 
122929.5  32568.36 99 
122930.0  32568.86 99 
122930.5  32568.57 99 
122931.0  32568.90 99 
122931.5  32569.54 99 
122932.0  32568.92 99 
122932.5  32568.79 99 
122933.0  32568.48 99 
122933.5  32569.40 99 
122934.0  32568.74 99 
122934.5  32568.79 99 
122935.0  32569.30 99 
122935.5  32568.46 99 
122936.0  32568.87 99 
122936.5  32568.66 99 
122937.0  32569.05 99 
122937.5  32568.63 99 
122938.0  32568.98 99 
122938.5  32569.23 99 
122939.0  32568.60 99 
122939.5  32568.86 99 
122940.0  32568.56 99 
122940.5  32569.15 99 
122941.0  32569.19 99 
122941.5  32568.72 99 
122942.0  32569.22 99 
122942.5  32568.48 99 
122943.0  32569.37 99 
122943.5  32568.75 99 
122944.0  32568.65 99 
122944.5  32568.87 99 
122945.0  32568.52 99 
122945.5  32569.20 99 
122946.0  32569.10 99 
122946.5  32568.72 99 
122947.0  32568.63 99 
122947.5  32568.59 99 
122948.0  32568.78 99 
122948.5  32568.77 99 
122949.0  32568.79 99 
122949.5  32568.65 99 
122950.0  32568.58 99 
122950.5  32568.87 99 
122951.0  32568.71 99 
122951.5  32568.79 99 
122952.0  32568.76 99 
122952.5  32568.94 99 
122953.0  32568.67 99 
122953.5  32568.89 99 
122954.0  32568.88 99 
122954.5  32569.22 99 
122955.0  32568.46 99 
122955.5  32568.99 99 
122956.0  32568.69 99 
122956.5  32569.42 99 
122957.0  32569.19 99 
122957.5  32568.38 99 
122958.0  32569.66 99 
122958.5  32568.84 99 
122959.0  32568.70 99 
122959.5  32568.69 99 
123000.0  32568.92 99 
123000.5  32568.94 99 
123001.0  32569.08 99 
123001.5  32569.42 99 
123002.0  32568.34 99 
123002.5  32568.85 99 
123003.0  32569.09 99 
123003.5  32568.47 99 
123004.0  32568.66 99 
123004.5  32568.84 99 
123005.0  32568.86 99 
123005.5  32568.83 99 
123006.0  32569.20 99 
123006.5  32569.00 99 
123007.0  32568.40 99 
123007.5  32568.81 99 
123008.0  32568.46 99 
123008.5  32569.07 99 
123009.0  32568.75 99 
123009.5  32568.86 99 
123010.0  32568.96 99 
123010.5  32569.37 99 
123011.0  32568.67 99 
123011.5  32569.41 99 
123012.0  32568.66 99 
123012.5  32568.96 99 
123013.0  32569.13 99 
123013.5  32568.93 99 
123014.0  32568.88 99 
123014.5  32569.43 99 
123015.0  32568.71 99 
123015.5  32568.92 99 
123016.0  32568.86 99 
123016.5  32568.86 99 
123017.0  32568.85 99 
123017.5  32568.37 99 
123018.0  32569.25 99 
123018.5  32568.96 99 
123019.0  32568.73 99 
123019.5  32568.94 99 
123020.0  32568.86 99 
123020.5  32569.11 99 
123021.0  32568.50 99 
123021.5  32569.10 99 
123022.0  32568.41 99 
123022.5  32569.12 99 
123023.0  32568.73 99 
123023.5  32569.48 99 
123024.0  32568.52 99 
123024.5  32568.64 99 
123025.0  32569.02 99 
123025.5  32569.08 99 
123026.0  32568.72 99 
123026.5  32568.49 99 
123027.0  32568.43 99 
123027.5  32569.06 99 
123028.0  32568.71 99 
123028.5  32569.01 99 
123029.0  32568.73 99 
123029.5  32568.81 99 
123030.0  32569.09 99 
123030.5  32568.79 99 
123031.0  32568.73 99 
123031.5  32568.67 99 
123032.0  32569.41 99 
123032.5  32569.00 99 
123033.0  32568.14 99 
123033.5  32569.30 99 
123034.0  32568.24 99 
123034.5  32568.47 99 
123035.0  32568.80 99 
123035.5  32568.48 99 
123036.0  32569.11 99 
123036.5  32569.03 99 
123037.0  32568.86 99 
123037.5  32568.81 99 
123038.0  32568.54 99 
123038.5  32568.73 99 
123039.0  32569.69 99 
123039.5  32568.79 99 
123040.0  32569.05 99 
123040.5  32568.66 99 
123041.0  32568.55 99 
123041.5  32568.80 99 
123042.0  32568.59 99 
123042.5  32568.59 99 
123043.0  32568.75 99 
123043.5  32568.22 99 
123044.0  32568.68 99 
123044.5  32568.77 99 
123045.0  32569.15 99 
123045.5  32568.84 99 
123046.0  32568.84 99 
123046.5  32569.11 99 
123047.0  32568.66 99 
123047.5  32568.25 99 
123048.0  32568.99 99 
123048.5  32568.81 99 
123049.0  32568.73 99 
123049.5  32568.73 99 
123050.0  32569.03 99 
123050.5  32568.60 99 
123051.0  32568.58 99 
123051.5  32568.89 99 
123052.0  32568.57 99 
123052.5  32568.69 99 
123053.0  32569.13 99 
123053.5  32568.52 99 
123054.0  32568.88 99 
123054.5  32568.34 99 
123055.0  32568.65 99 
123055.5  32568.81 99 
123056.0  32569.00 99 
123056.5  32568.46 99 
123057.0  32569.18 99 
123057.5  32568.92 99 
123058.0  32568.78 99 
123058.5  32568.81 99 
123059.0  32568.37 99 
123059.5  32568.68 99 
123100.0  32568.52 99 
123100.5  32569.21 99 
123101.0  32568.53 99 
123101.5  32568.86 99 
123102.0  32569.12 99 
123102.5  32569.08 99 
123103.0  32569.03 99 
123103.5  32568.88 99 
123104.0  32568.81 99 
123104.5  32569.19 99 
123105.0  32568.47 99 
123105.5  32568.98 99 
123106.0  32569.05 99 
123106.5  32569.22 99 
123107.0  32568.88 99 
123107.5  32568.56 99 
123108.0  32568.52 99 
123108.5  32568.74 99 
123109.0  32568.80 99 
123109.5  32568.73 99 
123110.0  32568.70 99 
123110.5  32568.49 99 
123111.0  32568.48 99 
123111.5  32568.47 99 
123112.0  32568.74 99 
123112.5  32568.76 99 
123113.0  32569.08 99 
123113.5  32568.93 99 
123114.0  32568.94 99 
123114.5  32568.11 99 
123115.0  32568.66 99 
123115.5  32568.75 99 
123116.0  32568.72 99 
123116.5  32568.68 99 
123117.0  32568.70 99 
123117.5  32568.83 99 
123118.0  32568.59 99 
123118.5  32569.23 99 
123119.0  32568.70 99 
123119.5  32568.59 99 
123120.0  32568.41 99 
123120.5  32568.50 99 
123121.0  32568.40 99 
123121.5  32568.46 99 
123122.0  32568.92 99 
123122.5  32569.13 99 
123123.0  32568.64 99 
123123.5  32568.70 99 
123124.0  32568.99 99 
123124.5  32569.08 99 
123125.0  32568.41 99 
123125.5  32568.68 99 
123126.0  32568.36 99 
123126.5  32569.24 99 
123127.0  32568.89 99 
123127.5  32568.72 99 
123128.0  32568.64 99 
123128.5  32568.74 99 
123129.0  32568.43 99 
123129.5  32568.90 99 
123130.0  32569.02 99 
123130.5  32568.77 99 
123131.0  32568.31 99 
123131.5  32568.83 99 
123132.0  32568.87 99 
123132.5  32568.24 99 
123133.0  32569.16 99 
123133.5  32569.10 99 
123134.0  32568.76 99 
123134.5  32568.81 99 
123135.0  32568.42 99 
123135.5  32569.10 99 
123136.0  32569.04 99 
123136.5  32568.93 99 
123137.0  32568.44 99 
123137.5  32569.05 99 
123138.0  32568.58 99 
123138.5  32568.77 99 
123139.0  32568.98 99 
123139.5  32568.72 99 
123140.0  32568.40 99 
123140.5  32569.21 99 
123141.0  32568.43 99 
123141.5  32569.27 99 
123142.0  32568.70 99 
123142.5  32568.65 99 
123143.0  32569.07 99 
123143.5  32568.39 99 
123144.0  32568.92 99 
123144.5  32568.95 99 
123145.0  32568.54 99 
123145.5  32568.49 99 
123146.0  32568.27 99 
123146.5  32568.93 99 
123147.0  32568.32 99 
123147.5  32569.01 99 
123148.0  32568.34 99 
123148.5  32568.60 99 
123149.0  32568.61 99 
123149.5  32568.24 99 
123150.0  32568.89 99 
123150.5  32568.82 99 
123151.0  32568.17 99 
123151.5  32568.49 99 
123152.0  32568.50 99 
123152.5  32567.93 99 
123153.0  32568.93 99 
123153.5  32568.60 99 
123154.0  32568.67 99 
123154.5  32568.76 99 
123155.0  32569.11 99 
123155.5  32568.27 99 
123156.0  32568.14 99 
123156.5  32568.78 99 
123157.0  32569.11 98 
123157.5  32569.07 98 
123158.0  32568.49 99 
123158.5  32569.10 99 
123159.0  32568.64 99 
123159.5  32569.10 99 
123200.0  32568.71 99 
123200.5  32568.94 99 
123201.0  32569.44 99 
123201.5  32568.95 99 
123202.0  32568.62 99 
123202.5  32568.46 99 
123203.0  32568.63 99 
123203.5  32569.26 99 
123204.0  32568.37 99 
123204.5  32568.98 99 
123205.0  32569.02 99 
123205.5  32568.77 99 
123206.0  32568.60 99 
123206.5  32567.91 99 
123207.0  32568.47 99 
123207.5  32568.63 99 
123208.0  32568.69 99 
123208.5  32568.97 99 
123209.0  32568.85 99 
123209.5  32569.08 99 
123210.0  32568.84 99 
123210.5  32568.32 99 
123211.0  32568.81 99 
123211.5  32568.32 99 
123212.0  32568.90 99 
123212.5  32568.58 99 
123213.0  32568.71 99 
123213.5  32569.01 99 
123214.0  32568.25 99 
123214.5  32568.86 99 
123215.0  32568.29 99 
123215.5  32568.80 99 
123216.0  32568.18 99 
123216.5  32568.75 99 
123217.0  32568.47 99 
123217.5  32568.87 99 
123218.0  32568.91 99 
123218.5  32568.30 99 
123219.0  32568.85 99 
123219.5  32568.52 99 
123220.0  32568.54 99 
123220.5  32568.90 99 
123221.0  32568.04 99 
123221.5  32569.29 99 
123222.0  32568.65 99 
123222.5  32568.48 99 
123223.0  32569.24 99 
123223.5  32568.95 99 
123224.0  32568.72 99 
123224.5  32568.15 99 
123225.0  32568.63 99 
123225.5  32568.78 99 
123226.0  32569.12 99 
123226.5  32568.42 99 
123227.0  32568.35 99 
123227.5  32568.64 99 
123228.0  32568.60 99 
123228.5  32568.76 99 
123229.0  32568.78 99 
123229.5  32569.14 99 
123230.0  32568.71 99 
123230.5  32568.97 99 
123231.0  32568.24 99 
123231.5  32568.76 99 
123232.0  32568.61 99 
123232.5  32568.29 99 
123233.0  32568.41 99 
123233.5  32569.04 99 
123234.0  32568.73 99 
123234.5  32569.05 99 
123235.0  32568.22 99 
123235.5  32568.71 99 
123236.0  32567.99 99 
123236.5  32568.70 99 
123237.0  32568.43 99 
123237.5  32568.62 99 
123238.0  32568.52 99 
123238.5  32568.64 99 
123239.0  32568.65 99 
123239.5  32568.47 99 
123240.0  32568.70 99 
123240.5  32568.53 99 
123241.0  32569.08 99 
123241.5  32568.68 99 
123242.0  32568.65 99 
123242.5  32568.44 99 
123243.0  32568.63 99 
123243.5  32569.06 99 
123244.0  32569.07 99 
123244.5  32568.78 99 
123245.0  32569.00 99 
123245.5  32568.66 99 
123246.0  32568.71 99 
123246.5  32568.65 99 
123247.0  32568.64 99 
123247.5  32568.41 99 
123248.0  32568.23 99 
123248.5  32569.09 99 
123249.0  32568.73 99 
123249.5  32568.74 99 
123250.0  32569.02 99 
123250.5  32568.72 99 
123251.0  32568.76 99 
123251.5  32568.14 99 
123252.0  32568.70 99 
123252.5  32569.17 99 
123253.0  32568.53 99 
123253.5  32568.34 99 
123254.0  32568.69 99 
123254.5  32568.68 99 
123255.0  32568.67 99 
123255.5  32568.73 99 
123256.0  32568.85 99 
123256.5  32568.48 99 
123257.0  32569.17 99 
123257.5  32568.52 99 
123258.0  32568.67 99 
123258.5  32568.66 99 
123259.0  32568.42 99 
123259.5  32568.96 99 
123300.0  32568.64 99 
123300.5  32568.31 99 
123301.0  32568.28 99 
123301.5  32568.52 99 
123302.0  32568.28 99 
123302.5  32568.69 99 
123303.0  32568.57 99 
123303.5  32568.56 99 
123304.0  32568.72 99 
123304.5  32568.27 99 
123305.0  32568.68 99 
123305.5  32568.30 99 
123306.0  32568.54 99 
123306.5  32568.38 99 
123307.0  32568.80 99 
123307.5  32568.34 99 
123308.0  32568.62 99 
123308.5  32568.57 99 
123309.0  32568.18 99 
123309.5  32568.61 99 
123310.0  32568.48 99 
123310.5  32568.22 99 
123311.0  32568.30 99 
123311.5  32568.41 99 
123312.0  32568.59 99 
123312.5  32569.02 99 
123313.0  32568.10 99 
123313.5  32568.42 99 
123314.0  32568.71 99 
123314.5  32568.92 99 
123315.0  32568.63 99 
123315.5  32568.76 99 
123316.0  32568.22 99 
123316.5  32568.72 99 
123317.0  32568.71 99 
123317.5  32568.66 99 
123318.0  32568.30 99 
123318.5  32568.82 99 
123319.0  32568.66 99 
123319.5  32568.59 99 
123320.0  32568.64 99 
123320.5  32568.31 99 
123321.0  32568.37 99 
123321.5  32568.34 99 
123322.0  32568.41 99 
123322.5  32568.38 99 
123323.0  32568.33 99 
123323.5  32568.43 99 
123324.0  32568.20 99 
123324.5  32568.91 99 
123325.0  32568.18 99 
123325.5  32568.25 99 
123326.0  32569.11 99 
123326.5  32568.69 99 
123327.0  32567.93 99 
123327.5  32568.19 99 
123328.0  32568.28 99 
123328.5  32568.30 99 
123329.0  32568.46 99 
123329.5  32568.68 99 
123330.0  32568.33 99 
123330.5  32568.27 99 
123331.0  32568.45 99 
123331.5  32568.56 99 
123332.0  32568.51 99 
123332.5  32568.34 99 
123333.0  32568.17 99 
123333.5  32568.48 99 
123334.0  32567.96 99 
123334.5  32568.54 99 
123335.0  32568.51 99 
123335.5  32567.98 99 
123336.0  32568.30 99 
123336.5  32568.37 99 
123337.0  32568.77 99 
123337.5  32568.21 99 
123338.0  32568.49 99 
123338.5  32568.48 99 
123339.0  32568.76 99 
123339.5  32568.62 99 
123340.0  32569.00 99 
123340.5  32568.05 99 
123341.0  32568.52 99 
123341.5  32568.35 99 
123342.0  32568.43 99 
123342.5  32568.19 99 
123343.0  32568.57 99 
123343.5  32568.80 99 
123344.0  32568.44 99 
123344.5  32568.43 99 
123345.0  32568.67 99 
123345.5  32568.44 99 
123346.0  32568.72 99 
123346.5  32568.21 99 
123347.0  32568.60 99 
123347.5  32568.54 99 
123348.0  32568.63 99 
123348.5  32568.20 99 
123349.0  32568.78 99 
123349.5  32568.47 99 
123350.0  32568.61 99 
123350.5  32568.56 99 
123351.0  32568.60 99 
123351.5  32568.45 99 
123352.0  32567.52 98 
123352.5  32568.57 99 
123353.0  32568.54 99 
123353.5  32568.21 99 
123354.0  32568.39 99 
123354.5  32568.50 99 
123355.0  32569.18 99 
123355.5  32568.38 99 
123356.0  32568.47 99 
123356.5  32568.23 99 
123357.0  32568.69 99 
123357.5  32568.52 99 
123358.0  32568.55 99 
123358.5  32568.67 99 
123359.0  32568.69 99 
123359.5  32568.48 99 
123400.0  32568.17 99 
123400.5  32568.76 99 
123401.0  32568.09 99 
123401.5  32568.21 99 
123402.0  32568.42 99 
123402.5  32568.27 99 
123403.0  32568.11 99 
123403.5  32568.29 99 
123404.0  32568.22 99 
123404.5  32568.01 99 
123405.0  32568.45 99 
123405.5  32568.48 99 
123406.0  32568.06 99 
123406.5  32567.86 99 
123407.0  32568.88 99 
123407.5  32568.58 99 
123408.0  32568.01 99 
123408.5  32568.33 99 
123409.0  32569.11 99 
123409.5  32568.50 99 
123410.0  32569.09 99 
123410.5  32568.13 99 
123411.0  32567.82 99 
123411.5  32568.63 99 
123412.0  32568.60 99 
123412.5  32568.60 99 
123413.0  32568.79 99 
123413.5  32568.43 99 
123414.0  32568.16 99 
123414.5  32568.45 99 
123415.0  32568.38 99 
123415.5  32568.55 99 
123416.0  32568.30 99 
123416.5  32568.32 99 
123417.0  32568.47 99 
123417.5  32568.72 99 
123418.0  32568.31 99 
123418.5  32568.85 99 
123419.0  32568.95 99 
123419.5  32568.64 99 
123420.0  32568.15 99 
123420.5  32568.26 99 
123421.0  32568.72 99 
123421.5  32568.97 99 
123422.0  32568.33 99 
123422.5  32568.65 99 
123423.0  32568.37 99 
123423.5  32568.13 99 
123424.0  32568.61 99 
123424.5  32568.51 99 
123425.0  32568.41 99 
123425.5  32568.52 99 
123426.0  32568.16 99 
123426.5  32568.72 99 
123427.0  32568.19 99 
123427.5  32569.00 99 
123428.0  32568.10 99 
123428.5  32568.02 99 
123429.0  32568.83 99 
123429.5  32568.36 99 
123430.0  32568.41 99 
123430.5  32568.62 99 
123431.0  32568.95 99 
123431.5  32568.28 99 
123432.0  32568.45 99 
123432.5  32568.25 99 
123433.0  32568.41 99 
123433.5  32568.54 99 
123434.0  32568.46 99 
123434.5  32568.31 99 
123435.0  32568.71 99 
123435.5  32568.70 99 
123436.0  32568.64 99 
123436.5  32568.60 99 
123437.0  32568.38 99 
123437.5  32568.83 99 
123438.0  32568.60 99 
123438.5  32569.26 99 
123439.0  32568.31 99 
123439.5  32568.73 99 
123440.0  32568.93 99 
123440.5  32568.12 99 
123441.0  32568.27 99 
123441.5  32568.79 99 
123442.0  32568.80 99 
123442.5  32568.74 99 
123443.0  32568.52 99 
123443.5  32569.15 99 
123444.0  32568.09 99 
123444.5  32568.85 99 
123445.0  32568.37 99 
123445.5  32568.75 99 
123446.0  32568.35 99 
123446.5  32568.58 99 
123447.0  32568.42 99 
123447.5  32568.52 99 
123448.0  32568.54 99 
123448.5  32568.65 99 
123449.0  32568.83 99 
123449.5  32569.10 99 
123450.0  32568.52 99 
123450.5  32568.34 99 
123451.0  32568.55 99 
123451.5  32568.01 99 
123452.0  32568.34 99 
123452.5  32568.20 99 
123453.0  32568.52 99 
123453.5  32568.41 99 
123454.0  32568.98 99 
123454.5  32568.15 99 
123455.0  32568.84 99 
123455.5  32568.89 99 
123456.0  32568.66 99 
123456.5  32568.81 99 
123457.0  32568.14 99 
123457.5  32568.64 99 
123458.0  32568.32 99 
123458.5  32568.34 99 
123459.0  32568.77 99 
123459.5  32568.35 99 
123500.0  32568.34 99 
123500.5  32568.81 99 
123501.0  32568.32 99 
123501.5  32568.15 99 
123502.0  32568.44 99 
123502.5  32568.95 99 
123503.0  32568.63 99 
123503.5  32568.30 99 
123504.0  32568.29 99 
123504.5  32568.55 99 
123505.0  32568.21 99 
123505.5  32568.80 99 
123506.0  32568.43 99 
123506.5  32568.20 99 
123507.0  32568.74 99 
123507.5  32567.89 99 
123508.0  32568.73 99 
123508.5  32568.72 99 
123509.0  32568.64 99 
123509.5  32568.64 99 
123510.0  32568.66 99 
123510.5  32568.22 99 
123511.0  32568.21 99 
123511.5  32568.74 99 
123512.0  32568.49 99 
123512.5  32568.10 99 
123513.0  32568.75 99 
123513.5  32569.23 99 
123514.0  32568.61 99 
123514.5  32568.92 99 
123515.0  32568.30 99 
123515.5  32568.60 99 
123516.0  32568.66 99 
123516.5  32568.53 99 
123517.0  32568.25 99 
123517.5  32568.83 99 
123518.0  32568.85 99 
123518.5  32568.46 99 
123519.0  32568.53 99 
123519.5  32568.54 99 
123520.0  32568.76 99 
123520.5  32568.35 99 
123521.0  32567.91 99 
123521.5  32569.05 99 
123522.0  32568.49 99 
123522.5  32568.41 99 
123523.0  32568.66 99 
123523.5  32568.94 99 
123524.0  32568.33 99 
123524.5  32567.84 99 
123525.0  32569.28 99 
123525.5  32568.81 99 
123526.0  32568.43 99 
123526.5  32568.66 99 
123527.0  32568.66 99 
123527.5  32568.80 99 
123528.0  32568.41 99 
123528.5  32568.59 99 
123529.0  32568.57 99 
123529.5  32568.96 99 
123530.0  32568.64 99 
123530.5  32568.44 99 
123531.0  32568.27 99 
123531.5  32569.08 99 
123532.0  32568.01 99 
123532.5  32568.55 99 
123533.0  32568.72 99 
123533.5  32568.56 99 
123534.0  32568.36 99 
123534.5  32568.37 99 
123535.0  32568.80 99 
123535.5  32569.16 99 
123536.0  32568.68 99 
123536.5  32568.68 99 
123537.0  32568.52 99 
123537.5  32569.31 99 
123538.0  32568.44 99 
123538.5  32568.86 99 
123539.0  32568.24 99 
123539.5  32569.42 99 
123540.0  32568.62 99 
123540.5  32568.82 99 
123541.0  32568.85 99 
123541.5  32568.21 99 
123542.0  32568.48 99 
123542.5  32568.97 99 
123543.0  32568.81 99 
123543.5  32568.76 99 
123544.0  32569.06 99 
123544.5  32568.68 99 
123545.0  32568.98 99 
123545.5  32568.34 99 
123546.0  32568.88 99 
123546.5  32568.59 99 
123547.0  32568.74 99 
123547.5  32568.79 99 
123548.0  32569.00 99 
123548.5  32568.90 99 
123549.0  32568.86 99 
123549.5  32568.99 99 
123550.0  32568.54 99 
123550.5  32568.73 99 
123551.0  32568.93 99 
123551.5  32568.80 99 
123552.0  32568.85 99 
123552.5  32568.47 99 
123553.0  32568.95 99 
123553.5  32568.54 99 
123554.0  32568.93 99 
123554.5  32568.58 99 
123555.0  32568.77 99 
123555.5  32568.85 99 
123556.0  32568.26 99 
123556.5  32568.94 99 
123557.0  32569.02 99 
123557.5  32568.56 99 
123558.0  32568.51 99 
123558.5  32568.82 99 
123559.0  32568.92 99 
123559.5  32568.66 99 
123600.0  32569.33 99 
123600.5  32568.91 99 
123601.0  32568.49 99 
123601.5  32568.59 99 
123602.0  32568.56 99 
123602.5  32568.85 99 
123603.0  32568.79 99 
123603.5  32568.47 99 
123604.0  32568.60 99 
123604.5  32568.62 99 
123605.0  32568.62 99 
123605.5  32568.44 99 
123606.0  32568.89 99 
123606.5  32568.06 99 
123607.0  32568.82 99 
123607.5  32568.92 99 
123608.0  32568.65 99 
123608.5  32568.47 99 
123609.0  32568.60 99 
123609.5  32568.37 99 
123610.0  32568.78 99 
123610.5  32568.88 99 
123611.0  32568.49 99 
123611.5  32569.16 99 
123612.0  32568.44 99 
123612.5  32568.76 99 
123613.0  32568.74 99 
123613.5  32569.34 99 
123614.0  32568.77 99 
123614.5  32568.89 99 
123615.0  32568.88 99 
123615.5  32569.07 99 
123616.0  32568.12 99 
123616.5  32568.59 99 
123617.0  32569.09 99 
123617.5  32568.81 99 
123618.0  32568.71 99 
123618.5  32568.73 99 
123619.0  32569.15 99 
123619.5  32568.81 99 
123620.0  32568.69 99 
123620.5  32568.49 99 
123621.0  32569.36 99 
123621.5  32568.61 99 
123622.0  32568.60 99 
123622.5  32568.72 99 
123623.0  32568.54 99 
123623.5  32569.22 99 
123624.0  32568.62 99 
123624.5  32568.56 99 
123625.0  32568.48 99 
123625.5  32568.47 99 
123626.0  32569.08 99 
123626.5  32569.31 99 
123627.0  32568.66 99 
123627.5  32569.00 99 
123628.0  32568.84 99 
123628.5  32568.95 99 
123629.0  32569.12 99 
123629.5  32568.68 99 
123630.0  32568.55 99 
123630.5  32568.84 99 
123631.0  32568.30 99 
123631.5  32568.81 99 
123632.0  32569.12 99 
123632.5  32568.76 99 
123633.0  32569.03 99 
123633.5  32568.67 99 
123634.0  32568.34 99 
123634.5  32568.75 99 
123635.0  32568.80 99 
123635.5  32568.28 99 
123636.0  32568.61 99 
123636.5  32568.69 99 
123637.0  32568.74 99 
123637.5  32568.62 99 
123638.0  32568.97 99 
123638.5  32568.61 99 
123639.0  32568.58 99 
123639.5  32568.69 99 
123640.0  32568.62 99 
123640.5  32568.63 99 
123641.0  32568.91 99 
123641.5  32568.68 99 
123642.0  32568.61 99 
123642.5  32569.12 99 
123643.0  32568.37 99 
123643.5  32568.61 99 
123644.0  32568.81 99 
123644.5  32569.22 99 
123645.0  32568.99 99 
123645.5  32568.07 99 
123646.0  32569.01 99 
123646.5  32568.68 99 
123647.0  32568.54 99 
123647.5  32568.42 99 
123648.0  32568.40 99 
123648.5  32568.37 99 
123649.0  32568.64 99 
123649.5  32568.13 99 
123650.0  32568.18 99 
123650.5  32568.82 99 
123651.0  32568.28 99 
123651.5  32568.81 99 
123652.0  32568.66 99 
123652.5  32568.43 99 
123653.0  32568.97 99 
123653.5  32568.65 99 
123654.0  32568.78 99 
123654.5  32568.82 99 
123655.0  32569.17 99 
123655.5  32569.04 99 
123656.0  32568.78 99 
123656.5  32568.78 99 
123657.0  32568.85 99 
123657.5  32568.77 99 
123658.0  32568.66 99 
123658.5  32568.58 99 
123659.0  32568.73 99 
123659.5  32568.61 99 
123700.0  32568.62 99 
123700.5  32569.07 99 
123701.0  32569.01 99 
123701.5  32568.82 99 
123702.0  32568.98 99 
123702.5  32568.33 99 
123703.0  32568.22 99 
123703.5  32568.54 99 
123704.0  32568.45 99 
123704.5  32568.23 99 
123705.0  32568.88 99 
123705.5  32568.72 99 
123706.0  32568.69 99 
123706.5  32568.95 99 
123707.0  32568.36 99 
123707.5  32568.19 99 
123708.0  32568.51 99 
123708.5  32568.58 99 
123709.0  32568.66 99 
123709.5  32568.74 99 
123710.0  32568.44 99 
123710.5  32569.20 99 
123711.0  32568.98 99 
123711.5  32568.68 99 
123712.0  32568.83 99 
123712.5  32568.83 99 
123713.0  32568.85 99 
123713.5  32568.89 99 
123714.0  32569.11 99 
123714.5  32568.63 99 
123715.0  32568.45 99 
123715.5  32569.05 99 
123716.0  32568.93 99 
123716.5  32568.98 99 
123717.0  32568.58 99 
123717.5  32568.16 99 
123718.0  32569.28 99 
123718.5  32568.34 99 
123719.0  32568.79 99 
123719.5  32568.58 99 
123720.0  32568.65 99 
123720.5  32568.70 99 
123721.0  32569.07 99 
123721.5  32568.92 99 
123722.0  32568.53 99 
123722.5  32568.41 99 
123723.0  32568.87 99 
123723.5  32568.69 99 
123724.0  32568.56 99 
123724.5  32569.04 99 
123725.0  32568.49 99 
123725.5  32568.82 99 
123726.0  32568.55 99 
123726.5  32568.90 99 
123727.0  32568.40 99 
123727.5  32569.21 99 
123728.0  32568.99 99 
123728.5  32568.11 99 
123729.0  32568.74 99 
123729.5  32568.92 99 
123730.0  32568.75 99 
123730.5  32569.06 99 
123731.0  32569.44 99 
123731.5  32569.12 99 
123732.0  32568.39 99 
123732.5  32568.28 99 
123733.0  32568.94 99 
123733.5  32568.73 99 
123734.0  32568.73 99 
123734.5  32568.66 99 
123735.0  32569.03 99 
123735.5  32568.44 99 
123736.0  32569.13 99 
123736.5  32568.34 99 
123737.0  32569.06 99 
123737.5  32569.59 99 
123738.0  32568.89 99 
123738.5  32569.05 99 
123739.0  32568.58 99 
123739.5  32568.84 99 
123740.0  32568.65 99 
123740.5  32568.56 99 
123741.0  32568.74 99 
123741.5  32569.08 99 
123742.0  32569.23 99 
123742.5  32568.61 99 
123743.0  32568.62 99 
123743.5  32568.57 99 
123744.0  32569.10 99 
123744.5  32568.81 99 
123745.0  32568.93 99 
123745.5  32568.58 99 
123746.0  32568.47 99 
123746.5  32568.92 99 
123747.0  32568.46 99 
123747.5  32568.63 99 
123748.0  32568.33 99 
123748.5  32568.92 99 
123749.0  32568.78 99 
123749.5  32568.69 99 
123750.0  32568.86 99 
123750.5  32569.34 99 
123751.0  32568.70 99 
123751.5  32568.88 99 
123752.0  32568.54 99 
123752.5  32569.13 99 
123753.0  32568.90 99 
123753.5  32569.26 99 
123754.0  32568.52 99 
123754.5  32568.41 99 
123755.0  32568.82 99 
123755.5  32568.33 99 
123756.0  32568.72 99 
123756.5  32568.73 99 
123757.0  32568.94 99 
123757.5  32568.81 99 
123758.0  32568.71 99 
123758.5  32569.12 99 
123759.0  32568.55 99 
123759.5  32568.71 99 
123800.0  32569.37 99 
123800.5  32568.74 99 
123801.0  32568.74 99 
123801.5  32568.85 99 
123802.0  32568.83 99 
123802.5  32568.65 99 
123803.0  32568.84 99 
123803.5  32568.51 99 
123804.0  32569.09 99 
123804.5  32568.85 99 
123805.0  32568.76 99 
123805.5  32568.82 99 
123806.0  32568.75 99 
123806.5  32568.28 99 
123807.0  32568.80 99 
123807.5  32569.07 99 
123808.0  32568.92 99 
123808.5  32568.79 99 
123809.0  32568.56 99 
123809.5  32569.07 99 
123810.0  32568.55 99 
123810.5  32568.72 99 
123811.0  32568.90 99 
123811.5  32569.22 99 
123812.0  32568.38 99 
123812.5  32568.49 99 
123813.0  32569.04 99 
123813.5  32568.51 99 
123814.0  32568.59 99 
123814.5  32568.90 99 
123815.0  32568.78 99 
123815.5  32568.64 99 
123816.0  32568.78 99 
123816.5  32568.56 99 
123817.0  32568.72 99 
123817.5  32569.01 99 
123818.0  32568.39 99 
123818.5  32568.82 99 
123819.0  32568.41 99 
123819.5  32568.71 99 
123820.0  32568.77 99 
123820.5  32568.66 99 
123821.0  32568.84 99 
123821.5  32569.04 99 
123822.0  32568.73 99 
123822.5  32568.61 99 
123823.0  32568.54 99 
123823.5  32568.63 99 
123824.0  32568.84 99 
123824.5  32568.87 99 
123825.0  32568.86 99 
123825.5  32569.11 99 
123826.0  32568.46 99 
123826.5  32568.56 99 
123827.0  32568.47 99 
123827.5  32568.60 99 
123828.0  32568.36 99 
123828.5  32568.75 99 
123829.0  32568.67 99 
123829.5  32569.07 99 
123830.0  32569.20 99 
123830.5  32568.68 99 
123831.0  32568.98 99 
123831.5  32569.07 99 
123832.0  32569.21 99 
123832.5  32568.71 99 
123833.0  32568.65 99 
123833.5  32568.52 99 
123834.0  32568.48 99 
123834.5  32568.63 99 
123835.0  32568.88 99 
123835.5  32568.73 99 
123836.0  32569.25 99 
123836.5  32568.86 99 
123837.0  32568.66 98 
123837.5  32569.66 99 
123838.0  32568.30 99 
123838.5  32568.47 99 
123839.0  32568.16 99 
123839.5  32568.40 99 
123840.0  32568.73 99 
123840.5  32568.83 99 
123841.0  32568.76 99 
123841.5  32568.92 99 
123842.0  32568.38 99 
123842.5  32568.43 99 
123843.0  32568.66 99 
123843.5  32568.76 99 
123844.0  32569.13 99 
123844.5  32569.35 99 
123845.0  32568.36 99 
123845.5  32569.04 99 
123846.0  32568.96 99 
123846.5  32568.60 99 
123847.0  32568.41 99 
123847.5  32568.41 99 
123848.0  32568.73 99 
123848.5  32569.11 99 
123849.0  32568.61 99 
123849.5  32568.52 99 
123850.0  32568.87 99 
123850.5  32568.24 99 
123851.0  32569.07 99 
123851.5  32569.29 99 
123852.0  32568.87 99 
123852.5  32568.78 99 
123853.0  32568.43 99 
123853.5  32569.01 99 
123854.0  32569.12 99 
123854.5  32568.51 99 
123855.0  32568.28 99 
123855.5  32568.40 99 
123856.0  32568.63 99 
123856.5  32568.95 99 
123857.0  32568.93 99 
123857.5  32568.29 99 
123858.0  32568.73 99 
123858.5  32568.79 99 
123859.0  32568.36 99 
123859.5  32568.83 99 
123900.0  32568.93 99 
123900.5  32568.88 99 
123901.0  32568.45 99 
123901.5  32568.58 99 
123902.0  32568.51 99 
123902.5  32568.19 99 
123903.0  32568.82 99 
123903.5  32568.87 99 
123904.0  32568.44 99 
123904.5  32568.59 99 
123905.0  32568.86 99 
123905.5  32568.45 99 
123906.0  32569.01 99 
123906.5  32568.58 99 
123907.0  32568.92 99 
123907.5  32569.24 99 
123908.0  32568.80 99 
123908.5  32568.66 99 
123909.0  32568.64 99 
123909.5  32568.67 99 
123910.0  32568.12 99 
123910.5  32568.39 99 
123911.0  32568.06 99 
123911.5  32568.75 99 
123912.0  32569.01 99 
123912.5  32568.50 99 
123913.0  32569.05 99 
123913.5  32568.83 99 
123914.0  32568.91 99 
123914.5  32569.36 99 
123915.0  32568.39 99 
123915.5  32569.15 99 
123916.0  32568.26 99 
123916.5  32568.15 99 
123917.0  32568.57 99 
123917.5  32568.95 99 
123918.0  32568.68 99 
123918.5  32568.79 99 
123919.0  32568.44 99 
123919.5  32569.13 99 
123920.0  32569.11 99 
123920.5  32568.21 99 
123921.0  32568.67 99 
123921.5  32568.64 99 
123922.0  32568.33 99 
123922.5  32568.35 99 
123923.0  32568.72 99 
123923.5  32568.65 99 
123924.0  32569.15 99 
123924.5  32568.57 99 
123925.0  32568.41 99 
123925.5  32569.18 99 
123926.0  32568.54 99 
123926.5  32568.27 99 
123927.0  32568.89 99 
123927.5  32569.33 99 
123928.0  32568.84 99 
123928.5  32568.82 99 
123929.0  32568.66 99 
123929.5  32568.66 99 
123930.0  32568.37 99 
123930.5  32568.49 99 
123931.0  32569.04 99 
123931.5  32568.18 99 
123932.0  32568.25 99 
123932.5  32568.49 99 
123933.0  32568.65 99 
123933.5  32568.27 99 
123934.0  32568.58 99 
123934.5  32568.46 99 
123935.0  32568.78 99 
123935.5  32568.53 99 
123936.0  32568.76 99 
123936.5  32568.68 99 
123937.0  32568.61 99 
123937.5  32568.78 99 
123938.0  32568.47 99 
123938.5  32568.34 99 
123939.0  32568.40 99 
123939.5  32568.55 99 
123940.0  32568.64 99 
123940.5  32568.54 99 
123941.0  32567.98 99 
123941.5  32568.53 99 
123942.0  32568.12 99 
123942.5  32568.44 99 
123943.0  32568.79 99 
123943.5  32568.21 99 
123944.0  32568.57 99 
123944.5  32568.37 99 
123945.0  32568.58 99 
123945.5  32568.80 99 
123946.0  32568.11 99 
123946.5  32568.63 99 
123947.0  32568.93 99 
123947.5  32568.20 99 
123948.0  32569.01 99 
123948.5  32568.52 99 
123949.0  32569.05 99 
123949.5  32568.86 99 
123950.0  32568.79 99 
123950.5  32568.17 99 
123951.0  32568.73 99 
123951.5  32568.38 99 
123952.0  32568.53 99 
123952.5  32568.20 99 
123953.0  32568.36 99 
123953.5  32569.02 99 
123954.0  32568.53 99 
123954.5  32568.57 99 
123955.0  32568.56 99 
123955.5  32568.32 99 
123956.0  32568.66 99 
123956.5  32568.72 99 
123957.0  32568.97 99 
123957.5  32568.70 99 
123958.0  32568.77 99 
123958.5  32568.49 98 
123959.0  32568.08 99 
123959.5  32568.37 99 
124000.0  32568.56 99 
124000.5  32568.86 99 
124001.0  32568.78 99 
124001.5  32568.06 99 
124002.0  32568.68 99 
124002.5  32568.56 99 
124003.0  32568.77 99 
124003.5  32568.42 99 
124004.0  32568.48 99 
124004.5  32568.68 99 
124005.0  32568.87 99 
124005.5  32568.46 99 
124006.0  32568.69 99 
124006.5  32569.14 99 
124007.0  32568.26 99 
124007.5  32568.53 99 
124008.0  32568.23 99 
124008.5  32568.21 99 
124009.0  32568.00 99 
124009.5  32569.01 99 
124010.0  32568.54 99 
124010.5  32568.90 99 
124011.0  32569.14 99 
124011.5  32568.70 99 
124012.0  32568.49 99 
124012.5  32568.65 99 
124013.0  32568.64 99 
124013.5  32568.95 99 
124014.0  32568.77 99 
124014.5  32568.54 99 
124015.0  32568.62 99 
124015.5  32568.74 99 
124016.0  32568.16 99 
124016.5  32568.67 99 
124017.0  32568.79 99 
124017.5  32568.80 99 
124018.0  32568.44 99 
124018.5  32568.58 99 
124019.0  32568.27 99 
124019.5  32568.57 99 
124020.0  32568.49 99 
124020.5  32568.19 99 
124021.0  32568.66 99 
124021.5  32568.78 99 
124022.0  32568.68 99 
124022.5  32568.78 99 
124023.0  32568.90 99 
124023.5  32568.15 99 
124024.0  32569.00 99 
124024.5  32569.07 99 
124025.0  32568.50 99 
124025.5  32568.96 99 
124026.0  32568.64 99 
124026.5  32568.71 99 
124027.0  32568.95 99 
124027.5  32568.89 99 
124028.0  32568.72 99 
124028.5  32568.42 99 
124029.0  32568.48 99 
124029.5  32568.95 99 
124030.0  32568.50 99 
124030.5  32568.98 99 
124031.0  32568.77 99 
124031.5  32568.89 99 
124032.0  32568.42 99 
124032.5  32568.35 99 
124033.0  32568.88 99 
124033.5  32568.23 99 
124034.0  32568.73 99 
124034.5  32568.56 99 
124035.0  32568.68 99 
124035.5  32568.54 99 
124036.0  32568.49 99 
124036.5  32568.63 99 
124037.0  32568.74 99 
124037.5  32568.57 99 
124038.0  32568.80 99 
124038.5  32568.92 99 
124039.0  32568.62 99 
124039.5  32568.64 99 
124040.0  32568.63 99 
124040.5  32568.70 99 
124041.0  32568.96 99 
124041.5  32568.66 99 
124042.0  32568.65 98 
124042.5  32568.55 98 
124043.0  32569.37 99 
124043.5  32568.96 99 
124044.0  32568.82 98 
124044.5  32568.33 99 
124045.0  32568.67 99 
124045.5  32568.72 99 
124046.0  32568.88 99 
124046.5  32568.87 99 
124047.0  32568.50 99 
124047.5  32568.40 99 
124048.0  32568.30 99 
124048.5  32569.16 99 
124049.0  32568.55 99 
124049.5  32568.54 99 
124050.0  32568.72 99 
124050.5  32569.06 99 
124051.0  32568.15 99 
124051.5  32569.18 99 
124052.0  32568.72 99 
124052.5  32568.59 99 
124053.0  32568.54 99 
124053.5  32568.75 99 
124054.0  32568.63 99 
124054.5  32568.78 99 
124055.0  32568.71 99 
124055.5  32569.17 99 
124056.0  32568.84 99 
124056.5  32568.44 99 
124057.0  32568.80 99 
124057.5  32568.85 99 
124058.0  32569.16 99 
124058.5  32568.74 99 
124059.0  32568.86 99 
124059.5  32568.70 99 
124100.0  32568.93 99 
124100.5  32568.93 99 
124101.0  32568.60 99 
124101.5  32568.84 99 
124102.0  32568.82 99 
124102.5  32568.80 99 
124103.0  32568.26 99 
124103.5  32567.97 99 
124104.0  32569.02 99 
124104.5  32569.21 99 
124105.0  32568.58 99 
124105.5  32568.02 99 
124106.0  32568.96 99 
124106.5  32568.87 99 
124107.0  32569.04 99 
124107.5  32568.34 99 
124108.0  32568.67 99 
124108.5  32568.91 99 
124109.0  32569.28 99 
124109.5  32568.97 99 
124110.0  32568.53 99 
124110.5  32568.75 99 
124111.0  32568.69 99 
124111.5  32568.30 99 
124112.0  32568.68 99 
124112.5  32568.65 99 
124113.0  32568.74 99 
124113.5  32568.95 99 
124114.0  32569.12 99 
124114.5  32568.56 99 
124115.0  32568.90 99 
124115.5  32569.56 99 
124116.0  32569.11 99 
124116.5  32569.61 99 
124117.0  32569.01 99 
124117.5  32568.52 99 
124118.0  32568.61 99 
124118.5  32569.15 99 
124119.0  32568.76 99 
124119.5  32568.54 99 
124120.0  32568.30 99 
124120.5  32568.49 99 
124121.0  32568.77 99 
124121.5  32569.15 99 
124122.0  32568.97 99 
124122.5  32569.16 99 
124123.0  32568.84 99 
124123.5  32568.50 99 
124124.0  32568.84 99 
124124.5  32568.92 99 
124125.0  32568.46 99 
124125.5  32569.20 99 
124126.0  32569.23 99 
124126.5  32569.02 99 
124127.0  32568.74 99 
124127.5  32568.88 99 
124128.0  32569.02 99 
124128.5  32568.67 99 
124129.0  32569.19 99 
124129.5  32568.08 99 
124130.0  32568.93 99 
124130.5  32569.05 99 
124131.0  32569.61 99 
124131.5  32569.08 99 
124132.0  32568.87 99 
124132.5  32568.76 99 
124133.0  32568.46 99 
124133.5  32568.90 99 
124134.0  32569.35 99 
124134.5  32569.10 99 
124135.0  32568.65 99 
124135.5  32569.05 99 
124136.0  32568.92 99 
124136.5  32569.08 99 
124137.0  32568.73 99 
124137.5  32569.25 99 
124138.0  32569.03 99 
124138.5  32569.33 99 
124139.0  32568.82 99 
124139.5  32569.56 99 
124140.0  32568.50 99 
124140.5  32568.75 99 
124141.0  32569.14 99 
124141.5  32569.10 99 
124142.0  32568.74 99 
124142.5  32568.95 99 
124143.0  32569.01 99 
124143.5  32569.18 99 
124144.0  32569.05 99 
124144.5  32568.89 99 
124145.0  32568.45 99 
124145.5  32569.04 99 
124146.0  32568.91 99 
124146.5  32568.79 99 
124147.0  32569.21 99 
124147.5  32568.93 99 
124148.0  32569.06 99 
124148.5  32568.79 99 
124149.0  32568.44 99 
124149.5  32568.66 99 
124150.0  32568.82 99 
124150.5  32568.65 99 
124151.0  32569.29 99 
124151.5  32569.10 98 
124152.0  32569.04 99 
124152.5  32569.11 99 
124153.0  32569.67 99 
124153.5  32568.50 99 
124154.0  32569.16 99 
124154.5  32569.16 99 
124155.0  32569.02 99 
124155.5  32568.55 99 
124156.0  32568.90 99 
124156.5  32568.96 99 
124157.0  32568.49 99 
124157.5  32568.58 99 
124158.0  32568.74 99 
124158.5  32569.11 99 
124159.0  32568.96 99 
124159.5  32568.77 99 
124200.0  32568.28 99 
124200.5  32568.53 99 
124201.0  32569.45 99 
124201.5  32568.79 99 
124202.0  32569.37 99 
124202.5  32569.23 99 
124203.0  32568.71 99 
124203.5  32568.96 99 
124204.0  32568.22 99 
124204.5  32569.17 99 
124205.0  32568.74 99 
124205.5  32568.58 99 
124206.0  32568.56 99 
124206.5  32569.03 99 
124207.0  32568.78 99 
124207.5  32569.05 99 
124208.0  32568.79 99 
124208.5  32568.94 99 
124209.0  32569.02 99 
124209.5  32568.60 99 
124210.0  32569.07 99 
124210.5  32569.00 99 
124211.0  32569.39 99 
124211.5  32569.13 99 
124212.0  32568.74 99 
124212.5  32569.30 99 
124213.0  32569.12 99 
124213.5  32569.29 99 
124214.0  32569.13 99 
124214.5  32568.82 99 
124215.0  32569.27 99 
124215.5  32568.99 99 
124216.0  32568.90 99 
124216.5  32569.07 99 
124217.0  32569.42 99 
124217.5  32569.08 99 
124218.0  32568.95 99 
124218.5  32569.09 99 
124219.0  32569.11 99 
124219.5  32568.51 99 
124220.0  32569.08 99 
124220.5  32569.00 99 
124221.0  32569.24 99 
124221.5  32569.21 99 
124222.0  32569.00 99 
124222.5  32569.16 99 
124223.0  32569.11 99 
124223.5  32569.22 99 
124224.0  32569.09 99 
124224.5  32568.99 99 
124225.0  32568.61 99 
124225.5  32568.84 99 
124226.0  32568.95 99 
124226.5  32569.07 99 
124227.0  32569.36 99 
124227.5  32568.96 99 
124228.0  32568.92 99 
124228.5  32569.11 99 
124229.0  32569.01 99 
124229.5  32569.27 99 
124230.0  32568.62 99 
124230.5  32568.60 99 
124231.0  32569.23 99 
124231.5  32568.77 99 
124232.0  32568.93 99 
124232.5  32568.83 99 
124233.0  32568.73 99 
124233.5  32568.85 99 
124234.0  32568.88 99 
124234.5  32568.64 99 
124235.0  32568.76 99 
124235.5  32569.56 99 
124236.0  32568.28 99 
124236.5  32568.90 99 
124237.0  32569.04 99 
124237.5  32568.96 99 
124238.0  32569.36 99 
124238.5  32569.59 99 
124239.0  32568.88 99 
124239.5  32568.96 99 
124240.0  32569.09 99 
124240.5  32568.87 99 
124241.0  32569.27 99 
124241.5  32568.72 99 
124242.0  32568.99 99 
124242.5  32569.28 99 
124243.0  32569.22 99 
124243.5  32569.01 99 
124244.0  32569.14 99 
124244.5  32569.23 99 
124245.0  32569.51 99 
124245.5  32568.49 99 
124246.0  32569.73 99 
124246.5  32568.66 99 
124247.0  32569.02 99 
124247.5  32569.12 99 
124248.0  32568.50 99 
124248.5  32569.28 99 
124249.0  32568.80 99 
124249.5  32569.27 99 
124250.0  32568.58 99 
124250.5  32568.93 99 
124251.0  32569.16 99 
124251.5  32569.63 99 
124252.0  32568.81 99 
124252.5  32569.22 99 
124253.0  32569.01 99 
124253.5  32569.23 99 
124254.0  32568.79 99 
124254.5  32568.87 99 
124255.0  32569.12 99 
124255.5  32569.12 99 
124256.0  32569.04 99 
124256.5  32569.19 99 
124257.0  32569.42 99 
124257.5  32569.37 99 
124258.0  32569.07 99 
124258.5  32569.05 99 
124259.0  32569.40 99 
124259.5  32568.98 99 
124300.0  32569.60 99 
124300.5  32569.25 99 
124301.0  32569.32 99 
124301.5  32569.41 99 
124302.0  32568.26 99 
124302.5  32569.02 99 
124303.0  32568.79 99 
124303.5  32569.24 99 
124304.0  32569.93 99 
124304.5  32569.31 99 
124305.0  32569.19 99 
124305.5  32569.24 99 
124306.0  32568.86 99 
124306.5  32569.30 99 
124307.0  32568.97 99 
124307.5  32569.13 99 
124308.0  32569.39 99 
124308.5  32569.47 99 
124309.0  32569.42 99 
124309.5  32569.16 99 
124310.0  32569.05 99 
124310.5  32569.13 99 
124311.0  32569.12 99 
124311.5  32569.43 99 
124312.0  32569.70 99 
124312.5  32568.75 99 
124313.0  32569.16 99 
124313.5  32569.29 99 
124314.0  32568.88 99 
124314.5  32569.37 99 
124315.0  32569.59 99 
124315.5  32569.56 99 
124316.0  32569.10 99 
124316.5  32569.00 99 
124317.0  32568.92 99 
124317.5  32569.56 99 
124318.0  32569.15 99 
124318.5  32568.99 99 
124319.0  32569.06 99 
124319.5  32569.07 99 
124320.0  32569.09 99 
124320.5  32569.40 99 
124321.0  32569.28 99 
124321.5  32569.03 99 
124322.0  32569.52 99 
124322.5  32569.33 99 
124323.0  32568.80 99 
124323.5  32568.92 99 
124324.0  32568.86 99 
124324.5  32569.51 99 
124325.0  32569.02 99 
124325.5  32569.32 99 
124326.0  32569.43 99 
124326.5  32568.92 99 
124327.0  32569.10 99 
124327.5  32568.86 99 
124328.0  32568.99 99 
124328.5  32569.42 99 
124329.0  32568.80 99 
124329.5  32569.83 99 
124330.0  32569.15 99 
124330.5  32569.07 99 
124331.0  32569.77 99 
124331.5  32568.77 99 
124332.0  32569.44 99 
124332.5  32569.37 99 
124333.0  32569.29 99 
124333.5  32569.22 99 
124334.0  32568.89 99 
124334.5  32568.76 99 
124335.0  32569.22 99 
124335.5  32569.32 99 
124336.0  32569.23 99 
124336.5  32569.27 99 
124337.0  32569.26 99 
124337.5  32568.96 99 
124338.0  32569.67 99 
124338.5  32569.13 99 
124339.0  32569.16 99 
124339.5  32569.80 99 
124340.0  32569.26 99 
124340.5  32569.31 99 
124341.0  32569.72 99 
124341.5  32569.25 99 
124342.0  32569.01 99 
124342.5  32569.06 99 
124343.0  32569.26 99 
124343.5  32568.57 99 
124344.0  32568.89 99 
124344.5  32569.49 99 
124345.0  32569.89 99 
124345.5  32569.91 99 
124346.0  32569.51 99 
124346.5  32569.46 99 
124347.0  32569.14 99 
124347.5  32568.96 99 
124348.0  32568.97 99 
124348.5  32568.97 99 
124349.0  32569.38 99 
124349.5  32569.29 99 
124350.0  32569.27 99 
124350.5  32568.81 98 
124351.0  32569.39 99 
124351.5  32569.68 99 
124352.0  32569.17 99 
124352.5  32568.51 99 
124353.0  32568.97 99 
124353.5  32569.07 99 
124354.0  32569.03 99 
124354.5  32569.21 99 
124355.0  32569.47 99 
124355.5  32569.18 99 
124356.0  32568.92 99 
124356.5  32569.35 99 
124357.0  32568.93 99 
124357.5  32569.65 99 
124358.0  32568.87 99 
124358.5  32569.46 99 
124359.0  32569.27 99 
124359.5  32569.13 99 
124400.0  32569.19 99 
124400.5  32569.77 99 
124401.0  32569.36 99 
124401.5  32568.43 99 
124402.0  32569.24 99 
124402.5  32569.17 99 
124403.0  32569.06 99 
124403.5  32569.25 99 
124404.0  32569.30 99 
124404.5  32569.33 99 
124405.0  32569.28 99 
124405.5  32569.14 99 
124406.0  32569.59 99 
124406.5  32569.13 99 
124407.0  32569.20 99 
124407.5  32568.96 99 
124408.0  32569.07 99 
124408.5  32569.34 99 
124409.0  32569.32 99 
124409.5  32569.85 99 
124410.0  32569.35 99 
124410.5  32569.47 99 
124411.0  32569.16 99 
124411.5  32569.53 99 
124412.0  32569.52 99 
124412.5  32569.22 99 
124413.0  32568.85 99 
124413.5  32569.22 99 
124414.0  32569.12 99 
124414.5  32569.00 99 
124415.0  32569.43 99 
124415.5  32569.06 99 
124416.0  32569.33 99 
124416.5  32569.45 99 
124417.0  32569.31 99 
124417.5  32569.35 99 
124418.0  32569.73 99 
124418.5  32569.57 99 
124419.0  32569.43 99 
124419.5  32568.98 99 
124420.0  32569.74 99 
124420.5  32568.94 99 
124421.0  32569.73 99 
124421.5  32569.45 99 
124422.0  32569.32 99 
124422.5  32569.59 99 
124423.0  32569.41 99 
124423.5  32569.54 99 
124424.0  32569.51 99 
124424.5  32569.08 99 
124425.0  32569.19 99 
124425.5  32569.27 99 
124426.0  32568.37 99 
124426.5  32569.40 99 
124427.0  32569.23 99 
124427.5  32568.51 99 
124428.0  32569.23 99 
124428.5  32569.51 99 
124429.0  32570.00 99 
124429.5  32569.40 99 
124430.0  32568.91 99 
124430.5  32569.55 99 
124431.0  32569.10 99 
124431.5  32569.37 99 
124432.0  32569.06 99 
124432.5  32569.55 99 
124433.0  32569.03 99 
124433.5  32569.61 99 
124434.0  32569.86 99 
124434.5  32569.20 99 
124435.0  32569.24 99 
124435.5  32569.62 99 
124436.0  32569.68 99 
124436.5  32569.31 99 
124437.0  32569.33 99 
124437.5  32569.48 99 
124438.0  32569.51 99 
124438.5  32569.24 99 
124439.0  32569.03 99 
124439.5  32569.87 99 
124440.0  32569.12 99 
124440.5  32568.88 99 
124441.0  32569.56 99 
124441.5  32569.17 99 
124442.0  32569.64 99 
124442.5  32569.05 99 
124443.0  32569.50 99 
124443.5  32568.91 99 
124444.0  32569.44 99 
124444.5  32569.59 99 
124445.0  32569.20 99 
124445.5  32569.56 99 
124446.0  32569.29 99 
124446.5  32569.48 99 
124447.0  32569.06 99 
124447.5  32569.71 99 
124448.0  32569.33 99 
124448.5  32568.85 99 
124449.0  32569.58 99 
124449.5  32569.71 99 
124450.0  32569.38 99 
124450.5  32569.71 99 
124451.0  32569.73 99 
124451.5  32569.38 99 
124452.0  32570.00 99 
124452.5  32569.66 99 
124453.0  32569.46 99 
124453.5  32569.24 99 
124454.0  32569.63 99 
124454.5  32569.69 99 
124455.0  32569.42 99 
124455.5  32569.71 99 
124456.0  32569.13 99 
124456.5  32569.53 99 
124457.0  32569.32 99 
124457.5  32569.44 99 
124458.0  32569.64 99 
124458.5  32569.28 99 
124459.0  32569.84 99 
124459.5  32569.35 99 
124500.0  32569.21 99 
124500.5  32569.11 99 
124501.0  32569.69 99 
124501.5  32569.38 99 
124502.0  32569.84 99 
124502.5  32569.60 99 
124503.0  32569.64 99 
124503.5  32569.12 99 
124504.0  32569.52 99 
124504.5  32569.27 99 
124505.0  32569.80 99 
124505.5  32569.52 99 
124506.0  32569.41 99 
124506.5  32570.06 99 
124507.0  32569.28 99 
124507.5  32569.70 99 
124508.0  32568.97 99 
124508.5  32569.99 99 
124509.0  32569.39 99 
124509.5  32569.42 99 
124510.0  32569.49 99 
124510.5  32569.53 99 
124511.0  32569.72 99 
124511.5  32569.50 99 
124512.0  32570.06 99 
124512.5  32569.59 99 
124513.0  32570.38 99 
124513.5  32569.37 99 
124514.0  32569.84 99 
124514.5  32569.71 99 
124515.0  32569.40 99 
124515.5  32569.41 99 
124516.0  32569.59 99 
124516.5  32569.73 99 
124517.0  32569.22 99 
124517.5  32569.78 99 
124518.0  32570.03 99 
124518.5  32569.77 99 
124519.0  32569.36 99 
124519.5  32569.37 99 
124520.0  32570.01 99 
124520.5  32569.29 99 
124521.0  32569.46 99 
124521.5  32569.82 99 
124522.0  32569.44 99 
124522.5  32569.72 99 
124523.0  32569.35 99 
124523.5  32569.34 99 
124524.0  32569.40 99 
124524.5  32569.19 99 
124525.0  32569.48 99 
124525.5  32569.43 99 
124526.0  32569.57 99 
124526.5  32569.73 99 
124527.0  32569.52 99 
124527.5  32569.33 99 
124528.0  32569.30 99 
124528.5  32569.86 99 
124529.0  32568.95 99 
124529.5  32569.10 99 
124530.0  32569.68 99 
124530.5  32569.41 99 
124531.0  32569.24 99 
124531.5  32569.83 99 
124532.0  32569.46 99 
124532.5  32569.43 99 
124533.0  32569.09 99 
124533.5  32569.51 99 
124534.0  32569.47 99 
124534.5  32569.57 99 
124535.0  32569.04 99 
124535.5  32569.59 99 
124536.0  32569.19 99 
124536.5  32569.56 99 
124537.0  32569.44 99 
124537.5  32569.09 99 
124538.0  32569.70 99 
124538.5  32569.56 99 
124539.0  32570.06 99 
124539.5  32570.12 99 
124540.0  32569.53 99 
124540.5  32569.54 99 
124541.0  32569.36 99 
124541.5  32569.52 99 
124542.0  32569.45 99 
124542.5  32569.49 99 
124543.0  32569.37 99 
124543.5  32569.33 99 
124544.0  32569.56 99 
124544.5  32569.49 99 
124545.0  32569.31 99 
124545.5  32569.71 99 
124546.0  32569.21 99 
124546.5  32569.60 99 
124547.0  32570.01 99 
124547.5  32569.64 99 
124548.0  32569.41 99 
124548.5  32569.73 99 
124549.0  32569.47 99 
124549.5  32569.38 99 
124550.0  32569.44 99 
124550.5  32568.99 99 
124551.0  32569.36 99 
124551.5  32569.83 99 
124552.0  32569.25 99 
124552.5  32569.51 99 
124553.0  32569.85 99 
124553.5  32569.52 99 
124554.0  32569.45 99 
124554.5  32569.46 99 
124555.0  32569.74 99 
124555.5  32569.72 99 
124556.0  32569.68 99 
124556.5  32569.61 99 
124557.0  32569.42 99 
124557.5  32569.35 99 
124558.0  32569.04 99 
124558.5  32569.47 99 
124559.0  32569.24 99 
124559.5  32569.20 99 
124600.0  32569.54 99 
124600.5  32569.20 99 
124601.0  32569.29 99 
124601.5  32569.39 99 
124602.0  32569.54 99 
124602.5  32569.29 99 
124603.0  32569.48 99 
124603.5  32569.53 99 
124604.0  32569.57 99 
124604.5  32569.66 99 
124605.0  32569.60 99 
124605.5  32569.67 99 
124606.0  32569.56 99 
124606.5  32569.86 99 
124607.0  32569.34 99 
124607.5  32569.27 99 
124608.0  32569.63 99 
124608.5  32570.09 99 
124609.0  32569.53 99 
124609.5  32569.85 99 
124610.0  32570.09 99 
124610.5  32569.61 99 
124611.0  32569.68 99 
124611.5  32569.33 99 
124612.0  32569.16 99 
124612.5  32569.09 99 
124613.0  32569.10 99 
124613.5  32569.43 99 
124614.0  32569.85 99 
124614.5  32569.54 99 
124615.0  32569.26 99 
124615.5  32569.70 99 
124616.0  32569.32 99 
124616.5  32569.51 99 
124617.0  32569.19 98 
124617.5  32569.17 98 
124618.0  32569.68 99 
124618.5  32569.20 99 
124619.0  32569.42 99 
124619.5  32569.34 99 
124620.0  32570.00 99 
124620.5  32569.15 99 
124621.0  32569.32 99 
124621.5  32569.66 99 
124622.0  32568.84 99 
124622.5  32569.49 99 
124623.0  32569.45 99 
124623.5  32569.63 99 
124624.0  32569.90 99 
124624.5  32569.15 99 
124625.0  32569.27 99 
124625.5  32569.34 99 
124626.0  32569.16 99 
124626.5  32569.00 99 
124627.0  32569.16 99 
124627.5  32569.10 99 
124628.0  32569.24 99 
124628.5  32568.94 99 
124629.0  32569.35 99 
124629.5  32569.24 99 
124630.0  32569.80 99 
124630.5  32569.40 99 
124631.0  32569.35 99 
124631.5  32569.06 99 
124632.0  32569.42 99 
124632.5  32569.55 99 
124633.0  32569.24 99 
124633.5  32569.39 99 
124634.0  32569.18 99 
124634.5  32569.26 99 
124635.0  32569.39 99 
124635.5  32569.69 98 
124636.0  32569.92 99 
124636.5  32569.70 99 
124637.0  32569.13 99 
124637.5  32569.12 99 
124638.0  32569.06 99 
124638.5  32569.52 99 
124639.0  32569.08 99 
124639.5  32569.38 99 
124640.0  32569.48 99 
124640.5  32569.44 99 
124641.0  32569.21 99 
124641.5  32569.45 99 
124642.0  32569.54 99 
124642.5  32569.62 99 
124643.0  32569.37 99 
124643.5  32569.51 99 
124644.0  32569.06 99 
124644.5  32569.07 99 
124645.0  32569.63 99 
124645.5  32569.22 99 
124646.0  32569.22 99 
124646.5  32569.36 99 
124647.0  32569.52 99 
124647.5  32569.56 99 
124648.0  32569.21 99 
124648.5  32568.79 99 
124649.0  32569.17 99 
124649.5  32569.19 99 
124650.0  32569.21 99 
124650.5  32569.48 98 
124651.0  32569.62 99 
124651.5  32569.86 99 
124652.0  32569.19 99 
124652.5  32569.06 99 
124653.0  32569.27 99 
124653.5  32569.27 99 
124654.0  32569.59 99 
124654.5  32569.19 99 
124655.0  32569.27 99 
124655.5  32569.11 99 
124656.0  32568.88 99 
124656.5  32569.13 99 
124657.0  32569.60 99 
124657.5  32569.63 99 
124658.0  32568.88 99 
124658.5  32569.20 99 
124659.0  32569.14 99 
124659.5  32569.23 99 
124700.0  32569.62 99 
124700.5  32569.12 99 
124701.0  32569.69 99 
124701.5  32569.66 99 
124702.0  32568.95 99 
124702.5  32570.23 99 
124703.0  32569.37 99 
124703.5  32569.30 99 
124704.0  32568.81 99 
124704.5  32569.30 99 
124705.0  32568.83 99 
124705.5  32569.36 99 
124706.0  32569.61 99 
124706.5  32568.87 99 
124707.0  32568.89 99 
124707.5  32569.71 99 
124708.0  32569.78 99 
124708.5  32569.54 99 
124709.0  32568.93 99 
124709.5  32568.53 99 
124710.0  32569.80 99 
124710.5  32569.15 99 
124711.0  32569.34 99 
124711.5  32569.11 99 
124712.0  32569.03 99 
124712.5  32569.09 99 
124713.0  32568.53 99 
124713.5  32568.88 99 
124714.0  32569.21 99 
124714.5  32569.02 99 
124715.0  32568.88 99 
124715.5  32569.41 99 
124716.0  32569.45 99 
124716.5  32569.66 99 
124717.0  32568.11 99 
124717.5  32569.00 99 
124718.0  32568.76 99 
124718.5  32569.31 99 
124719.0  32569.26 99 
124719.5  32569.54 99 
124720.0  32569.52 99 
124720.5  32568.98 99 
124721.0  32569.27 99 
124721.5  32568.87 99 
124722.0  32569.06 99 
124722.5  32569.21 99 
124723.0  32569.29 99 
124723.5  32568.99 99 
124724.0  32569.41 99 
124724.5  32569.56 99 
124725.0  32568.76 99 
124725.5  32569.31 99 
124726.0  32569.52 99 
124726.5  32569.07 99 
124727.0  32569.81 99 
124727.5  32569.29 99 
124728.0  32569.31 99 
124728.5  32568.95 99 
124729.0  32569.36 99 
124729.5  32569.19 99 
124730.0  32569.54 99 
124730.5  32569.07 99 
124731.0  32568.83 99 
124731.5  32569.12 99 
124732.0  32568.86 99 
124732.5  32569.15 99 
124733.0  32569.23 99 
124733.5  32569.00 99 
124734.0  32568.96 99 
124734.5  32569.17 99 
124735.0  32569.73 99 
124735.5  32569.25 99 
124736.0  32569.79 99 
124736.5  32569.14 99 
124737.0  32569.62 99 
124737.5  32569.68 99 
124738.0  32569.58 99 
124738.5  32569.35 99 
124739.0  32569.32 99 
124739.5  32569.29 99 
124740.0  32569.16 99 
124740.5  32569.10 99 
124741.0  32569.05 99 
124741.5  32569.48 99 
124742.0  32569.28 99 
124742.5  32568.96 99 
124743.0  32568.94 99 
124743.5  32568.65 99 
124744.0  32569.37 99 
124744.5  32568.93 99 
124745.0  32569.11 99 
124745.5  32569.21 99 
124746.0  32568.93 99 
124746.5  32568.83 99 
124747.0  32569.02 99 
124747.5  32569.37 99 
124748.0  32569.07 99 
124748.5  32569.36 99 
124749.0  32569.11 99 
124749.5  32569.34 99 
124750.0  32568.92 99 
124750.5  32569.35 99 
124751.0  32568.69 99 
124751.5  32569.06 99 
124752.0  32569.26 99 
124752.5  32568.79 99 
124753.0  32569.03 99 
124753.5  32569.00 99 
124754.0  32568.98 99 
124754.5  32569.33 99 
124755.0  32569.19 99 
124755.5  32568.86 99 
124756.0  32569.13 99 
124756.5  32568.50 99 
124757.0  32569.54 99 
124757.5  32569.48 99 
124758.0  32568.63 99 
124758.5  32569.00 99 
124759.0  32569.09 99 
124759.5  32569.39 99 
124800.0  32568.81 99 
124800.5  32569.04 99 
124801.0  32568.96 99 
124801.5  32568.99 99 
124802.0  32569.38 99 
124802.5  32568.63 99 
124803.0  32569.02 99 
124803.5  32569.22 99 
124804.0  32568.90 99 
124804.5  32569.08 99 
124805.0  32569.71 99 
124805.5  32569.03 99 
124806.0  32568.72 99 
124806.5  32568.69 99 
124807.0  32569.34 99 
124807.5  32569.26 99 
124808.0  32569.10 99 
124808.5  32569.09 99 
124809.0  32568.74 99 
124809.5  32569.03 99 
124810.0  32569.11 99 
124810.5  32568.88 99 
124811.0  32568.78 99 
124811.5  32568.92 99 
124812.0  32569.25 99 
124812.5  32569.19 99 
124813.0  32568.97 99 
124813.5  32569.08 99 
124814.0  32568.96 99 
124814.5  32569.48 99 
124815.0  32569.18 99 
124815.5  32568.86 99 
124816.0  32568.63 99 
124816.5  32568.87 99 
124817.0  32569.03 99 
124817.5  32569.07 99 
124818.0  32568.47 99 
124818.5  32569.53 99 
124819.0  32568.74 99 
124819.5  32569.12 99 
124820.0  32568.85 99 
124820.5  32569.24 99 
124821.0  32569.11 99 
124821.5  32568.82 99 
124822.0  32568.66 99 
124822.5  32568.63 99 
124823.0  32569.04 99 
124823.5  32569.50 99 
124824.0  32568.61 99 
124824.5  32569.42 99 
124825.0  32568.51 99 
124825.5  32568.92 99 
124826.0  32568.76 99 
124826.5  32569.01 99 
124827.0  32568.85 99 
124827.5  32568.92 99 
124828.0  32568.81 99 
124828.5  32568.72 99 
124829.0  32568.71 99 
124829.5  32568.24 99 
124830.0  32568.49 99 
124830.5  32568.64 99 
124831.0  32569.00 99 
124831.5  32569.15 99 
124832.0  32568.57 99 
124832.5  32568.70 99 
124833.0  32568.17 99 
124833.5  32569.14 99 
124834.0  32568.93 99 
124834.5  32568.91 99 
124835.0  32569.30 99 
124835.5  32569.34 99 
124836.0  32568.69 99 
124836.5  32568.90 99 
124837.0  32569.17 99 
124837.5  32568.71 99 
124838.0  32568.96 99 
124838.5  32569.29 99 
124839.0  32568.94 99 
124839.5  32568.47 99 
124840.0  32568.93 99 
124840.5  32569.28 99 
124841.0  32569.38 99 
124841.5  32569.11 99 
124842.0  32569.23 99 
124842.5  32568.84 99 
124843.0  32569.13 99 
124843.5  32568.84 99 
124844.0  32569.35 99 
124844.5  32568.89 99 
124845.0  32568.46 99 
124845.5  32568.97 99 
124846.0  32568.53 99 
124846.5  32568.93 99 
124847.0  32568.96 99 
124847.5  32568.54 99 
124848.0  32568.88 99 
124848.5  32568.89 99 
124849.0  32569.60 99 
124849.5  32568.86 99 
124850.0  32568.75 99 
124850.5  32568.31 99 
124851.0  32568.64 99 
124851.5  32568.80 99 
124852.0  32568.67 99 
124852.5  32568.60 99 
124853.0  32569.18 99 
124853.5  32568.44 99 
124854.0  32568.75 99 
124854.5  32569.19 99 
124855.0  32568.96 99 
124855.5  32569.11 99 
124856.0  32568.59 99 
124856.5  32568.95 99 
124857.0  32568.37 99 
124857.5  32569.00 99 
124858.0  32568.83 99 
124858.5  32569.27 99 
124859.0  32569.51 99 
124859.5  32568.85 99 
124900.0  32568.92 99 
124900.5  32568.96 99 
124901.0  32569.04 99 
124901.5  32569.03 99 
124902.0  32568.91 99 
124902.5  32568.41 99 
124903.0  32569.07 99 
124903.5  32568.77 99 
124904.0  32568.58 99 
124904.5  32568.90 99 
124905.0  32568.70 99 
124905.5  32568.75 99 
124906.0  32568.67 99 
124906.5  32568.62 99 
124907.0  32569.30 99 
124907.5  32568.51 99 
124908.0  32568.90 99 
124908.5  32568.61 99 
124909.0  32568.71 99 
124909.5  32568.30 99 
124910.0  32568.62 99 
124910.5  32568.24 99 
124911.0  32569.29 99 
124911.5  32568.96 99 
124912.0  32568.92 99 
124912.5  32568.92 99 
124913.0  32568.52 99 
124913.5  32568.95 99 
124914.0  32568.53 99 
124914.5  32568.55 99 
124915.0  32567.89 99 
124915.5  32568.73 99 
124916.0  32569.06 99 
124916.5  32568.39 99 
124917.0  32568.73 99 
124917.5  32568.92 99 
124918.0  32568.69 99 
124918.5  32568.26 99 
124919.0  32568.68 99 
124919.5  32569.05 99 
124920.0  32568.26 99 
124920.5  32568.72 99 
124921.0  32568.91 99 
124921.5  32568.21 99 
124922.0  32568.69 99 
124922.5  32568.28 99 
124923.0  32568.40 99 
124923.5  32568.88 99 
124924.0  32569.18 99 
124924.5  32568.23 99 
124925.0  32568.52 99 
124925.5  32568.93 99 
124926.0  32569.25 99 
124926.5  32568.73 99 
124927.0  32568.96 99 
124927.5  32568.90 99 
124928.0  32568.67 99 
124928.5  32568.92 99 
124929.0  32568.78 99 
124929.5  32568.94 99 
124930.0  32568.84 99 
124930.5  32568.63 99 
124931.0  32568.35 99 
124931.5  32568.71 99 
124932.0  32569.02 99 
124932.5  32568.75 99 
124933.0  32568.55 99 
124933.5  32568.78 99 
124934.0  32568.62 99 
124934.5  32568.83 99 
124935.0  32568.33 99 
124935.5  32568.94 99 
124936.0  32568.74 99 
124936.5  32568.58 99 
124937.0  32568.76 99 
124937.5  32568.88 99 
124938.0  32568.60 99 
124938.5  32568.60 99 
124939.0  32568.51 99 
124939.5  32568.94 99 
124940.0  32568.60 99 
124940.5  32568.80 99 
124941.0  32568.72 99 
124941.5  32568.58 99 
124942.0  32568.17 99 
124942.5  32569.02 99 
124943.0  32568.46 99 
124943.5  32568.27 99 
124944.0  32568.29 99 
124944.5  32568.59 99 
124945.0  32568.16 99 
124945.5  32568.56 99 
124946.0  32568.55 99 
124946.5  32569.18 99 
124947.0  32568.73 99 
124947.5  32568.03 99 
124948.0  32568.02 99 
124948.5  32568.43 99 
124949.0  32568.93 99 
124949.5  32568.63 99 
124950.0  32568.12 99 
124950.5  32569.04 99 
124951.0  32568.51 99 
124951.5  32568.04 99 
124952.0  32568.31 99 
124952.5  32568.59 99 
124953.0  32568.02 99 
124953.5  32568.36 99 
124954.0  32568.24 99 
124954.5  32568.63 99 
124955.0  32568.65 99 
124955.5  32568.26 99 
124956.0  32568.34 99 
124956.5  32568.22 99 
124957.0  32568.36 99 
124957.5  32568.61 99 
124958.0  32568.39 99 
124958.5  32568.31 99 
124959.0  32568.58 99 
124959.5  32568.20 99 
125000.0  32568.36 99 
125000.5  32568.34 99 
125001.0  32568.34 99 
125001.5  32568.51 99 
125002.0  32568.20 99 
125002.5  32568.56 99 
125003.0  32568.42 99 
125003.5  32568.24 99 
125004.0  32568.80 99 
125004.5  32568.03 99 
125005.0  32568.33 99 
125005.5  32568.28 99 
125006.0  32569.09 99 
125006.5  32568.77 99 
125007.0  32568.21 99 
125007.5  32568.27 99 
125008.0  32568.19 99 
125008.5  32569.01 99 
125009.0  32568.38 99 
125009.5  32568.51 99 
125010.0  32568.61 99 
125010.5  32568.21 99 
125011.0  32567.78 99 
125011.5  32568.55 99 
125012.0  32568.58 99 
125012.5  32568.44 99 
125013.0  32567.75 99 
125013.5  32568.51 99 
125014.0  32568.73 99 
125014.5  32568.69 99 
125015.0  32568.48 99 
125015.5  32568.60 99 
125016.0  32568.17 99 
125016.5  32568.46 99 
125017.0  32568.25 99 
125017.5  32568.14 99 
125018.0  32568.38 99 
125018.5  32568.39 99 
125019.0  32568.38 99 
125019.5  32568.33 99 
125020.0  32568.05 99 
125020.5  32568.11 99 
125021.0  32568.06 99 
125021.5  32568.54 99 
125022.0  32568.66 99 
125022.5  32567.98 99 
125023.0  32568.50 99 
125023.5  32568.43 99 
125024.0  32568.08 99 
125024.5  32568.18 99 
125025.0  32568.31 99 
125025.5  32568.72 99 
125026.0  32568.19 99 
125026.5  32569.03 99 
125027.0  32569.02 99 
125027.5  32568.61 99 
125028.0  32568.45 99 
125028.5  32568.47 99 
125029.0  32568.24 99 
125029.5  32567.91 99 
125030.0  32568.54 99 
125030.5  32568.84 99 
125031.0  32568.42 99 
125031.5  32567.96 99 
125032.0  32568.57 99 
125032.5  32568.03 99 
125033.0  32568.73 99 
125033.5  32568.47 99 
125034.0  32568.14 99 
125034.5  32568.88 99 
125035.0  32568.26 99 
125035.5  32568.46 99 
125036.0  32568.24 99 
125036.5  32567.95 99 
125037.0  32568.22 99 
125037.5  32568.13 99 
125038.0  32568.03 99 
125038.5  32568.26 99 
125039.0  32568.08 99 
125039.5  32567.71 99 
125040.0  32568.21 99 
125040.5  32568.48 99 
125041.0  32568.28 99 
125041.5  32568.47 99 
125042.0  32568.37 99 
125042.5  32568.29 99 
125043.0  32568.66 99 
125043.5  32568.27 99 
125044.0  32568.27 99 
125044.5  32568.46 99 
125045.0  32568.13 99 
125045.5  32567.90 99 
125046.0  32567.86 99 
125046.5  32568.34 99 
125047.0  32568.38 99 
125047.5  32568.14 99 
125048.0  32568.49 99 
125048.5  32568.14 99 
125049.0  32567.79 99 
125049.5  32568.47 99 
125050.0  32568.25 99 
125050.5  32568.67 99 
125051.0  32568.34 99 
125051.5  32568.80 99 
125052.0  32568.55 99 
125052.5  32568.35 99 
125053.0  32567.58 99 
125053.5  32568.86 99 
125054.0  32567.98 99 
125054.5  32568.67 99 
125055.0  32568.45 99 
125055.5  32568.19 99 
125056.0  32567.99 99 
125056.5  32568.40 99 
125057.0  32568.11 99 
125057.5  32568.44 99 
125058.0  32568.03 99 
125058.5  32567.81 99 
125059.0  32568.24 99 
125059.5  32568.15 99 
125100.0  32568.41 99 
125100.5  32568.28 99 
125101.0  32568.43 99 
125101.5  32568.68 99 
125102.0  32568.16 99 
125102.5  32568.42 99 
125103.0  32568.30 99 
125103.5  32568.71 99 
125104.0  32568.00 99 
125104.5  32568.58 99 
125105.0  32567.32 99 
125105.5  32567.99 99 
125106.0  32567.95 99 
125106.5  32568.01 99 
125107.0  32567.94 99 
125107.5  32568.79 99 
125108.0  32568.30 99 
125108.5  32568.35 99 
125109.0  32568.24 99 
125109.5  32568.18 99 
125110.0  32568.06 99 
125110.5  32568.12 99 
125111.0  32568.36 99 
125111.5  32568.13 99 
125112.0  32568.37 99 
125112.5  32568.30 99 
125113.0  32567.98 99 
125113.5  32568.16 99 
125114.0  32568.21 99 
125114.5  32568.03 99 
125115.0  32568.28 99 
125115.5  32568.29 99 
125116.0  32567.97 99 
125116.5  32568.06 99 
125117.0  32567.51 99 
125117.5  32568.02 99 
125118.0  32567.96 99 
125118.5  32567.87 99 
125119.0  32568.26 99 
125119.5  32568.12 99 
125120.0  32568.46 99 
125120.5  32568.18 99 
125121.0  32568.28 99 
125121.5  32567.74 99 
125122.0  32568.43 99 
125122.5  32567.88 99 
125123.0  32567.69 99 
125123.5  32568.11 99 
125124.0  32567.94 99 
125124.5  32567.82 99 
125125.0  32568.05 99 
125125.5  32568.31 99 
125126.0  32568.11 99 
125126.5  32567.71 99 
125127.0  32568.79 99 
125127.5  32568.44 99 
125128.0  32568.21 99 
125128.5  32568.10 99 
125129.0  32567.75 99 
125129.5  32567.99 99 
125130.0  32568.25 99 
125130.5  32567.98 99 
125131.0  32568.10 99 
125131.5  32568.41 99 
125132.0  32567.71 99 
125132.5  32567.98 99 
125133.0  32568.08 99 
125133.5  32568.33 99 
125134.0  32567.80 99 
125134.5  32568.42 99 
125135.0  32567.88 99 
125135.5  32567.83 99 
125136.0  32568.29 99 
125136.5  32568.46 99 
125137.0  32567.86 99 
125137.5  32568.17 99 
125138.0  32567.93 99 
125138.5  32567.63 99 
125139.0  32567.85 99 
125139.5  32567.54 99 
125140.0  32568.07 99 
125140.5  32568.02 99 
125141.0  32568.18 99 
125141.5  32567.91 99 
125142.0  32567.91 99 
125142.5  32567.82 99 
125143.0  32567.51 99 
125143.5  32567.99 99 
125144.0  32567.57 99 
125144.5  32567.83 99 
125145.0  32567.97 99 
125145.5  32567.54 99 
125146.0  32568.06 99 
125146.5  32567.87 99 
125147.0  32568.06 99 
125147.5  32567.99 99 
125148.0  32567.70 99 
125148.5  32567.99 99 
125149.0  32568.00 99 
125149.5  32568.44 99 
125150.0  32567.55 99 
125150.5  32567.61 99 
125151.0  32568.02 99 
125151.5  32567.95 99 
125152.0  32568.18 99 
125152.5  32567.90 99 
125153.0  32567.24 99 
125153.5  32568.05 99 
125154.0  32568.01 99 
125154.5  32567.93 99 
125155.0  32567.92 99 
125155.5  32568.10 99 
125156.0  32568.00 99 
125156.5  32567.32 99 
125157.0  32568.30 99 
125157.5  32567.86 99 
125158.0  32568.11 99 
125158.5  32568.23 99 
125159.0  32567.68 99 
125159.5  32567.85 99 
125200.0  32567.37 99 
125200.5  32567.74 99 
125201.0  32567.50 99 
125201.5  32568.04 99 
125202.0  32568.09 99 
125202.5  32567.81 99 
125203.0  32567.46 99 
125203.5  32567.48 99 
125204.0  32567.52 99 
125204.5  32568.18 99 
125205.0  32567.56 99 
125205.5  32567.85 99 
125206.0  32567.17 99 
125206.5  32567.82 99 
125207.0  32567.55 99 
125207.5  32567.74 99 
125208.0  32568.03 98 
125208.5  32567.48 99 
125209.0  32567.51 99 
125209.5  32567.75 99 
125210.0  32567.64 99 
125210.5  32567.84 99 
125211.0  32568.00 99 
125211.5  32568.02 99 
125212.0  32568.02 99 
125212.5  32568.15 99 
125213.0  32568.01 99 
125213.5  32567.66 99 
125214.0  32568.40 99 
125214.5  32567.68 99 
125215.0  32567.73 99 
125215.5  32568.06 99 
125216.0  32567.94 99 
125216.5  32567.93 99 
125217.0  32567.65 99 
125217.5  32567.56 99 
125218.0  32567.42 99 
125218.5  32567.93 99 
125219.0  32567.75 99 
125219.5  32567.35 99 
125220.0  32567.75 99 
125220.5  32567.80 99 
125221.0  32567.92 99 
125221.5  32567.86 99 
125222.0  32568.16 99 
125222.5  32567.86 99 
125223.0  32567.76 99 
125223.5  32567.70 99 
125224.0  32567.51 99 
125224.5  32567.57 99 
125225.0  32567.42 99 
125225.5  32567.80 99 
125226.0  32567.96 99 
125226.5  32567.73 99 
125227.0  32567.91 99 
125227.5  32567.44 99 
125228.0  32567.46 99 
125228.5  32567.83 99 
125229.0  32568.00 99 
125229.5  32567.70 99 
125230.0  32567.74 99 
125230.5  32567.49 99 
125231.0  32567.81 99 
125231.5  32568.08 99 
125232.0  32568.12 99 
125232.5  32567.98 99 
125233.0  32567.32 99 
125233.5  32567.64 99 
125234.0  32567.65 99 
125234.5  32567.85 99 
125235.0  32567.52 99 
125235.5  32567.23 99 
125236.0  32567.98 99 
125236.5  32567.81 99 
125237.0  32567.70 99 
125237.5  32568.00 99 
125238.0  32567.97 99 
125238.5  32567.83 99 
125239.0  32567.77 99 
125239.5  32568.03 99 
125240.0  32567.80 99 
125240.5  32567.10 99 
125241.0  32567.60 99 
125241.5  32567.44 99 
125242.0  32567.90 99 
125242.5  32567.28 99 
125243.0  32567.75 99 
125243.5  32567.93 99 
125244.0  32567.33 99 
125244.5  32566.90 99 
125245.0  32567.92 99 
125245.5  32567.49 99 
125246.0  32567.69 99 
125246.5  32567.73 99 
125247.0  32567.96 99 
125247.5  32567.86 99 
125248.0  32567.41 99 
125248.5  32568.03 99 
125249.0  32567.64 99 
125249.5  32567.72 99 
125250.0  32567.51 99 
125250.5  32567.42 99 
125251.0  32567.57 99 
125251.5  32567.17 99 
125252.0  32567.26 99 
125252.5  32567.73 99 
125253.0  32567.87 99 
125253.5  32567.25 99 
125254.0  32567.38 99 
125254.5  32567.77 99 
125255.0  32567.52 99 
125255.5  32567.98 99 
125256.0  32567.69 99 
125256.5  32568.13 99 
125257.0  32567.30 99 
125257.5  32567.52 99 
125258.0  32567.26 99 
125258.5  32567.62 99 
125259.0  32567.80 99 
125259.5  32567.66 99 
125300.0  32567.15 99 
125300.5  32568.13 99 
125301.0  32567.88 99 
125301.5  32567.59 99 
125302.0  32567.69 99 
125302.5  32567.44 99 
125303.0  32567.53 99 
125303.5  32567.60 99 
125304.0  32567.82 99 
125304.5  32567.78 99 
125305.0  32567.88 99 
125305.5  32567.74 99 
125306.0  32567.12 99 
125306.5  32567.42 99 
125307.0  32567.26 99 
125307.5  32567.40 99 
125308.0  32567.41 99 
125308.5  32567.49 99 
125309.0  32567.33 99 
125309.5  32567.48 99 
125310.0  32567.38 99 
125310.5  32567.41 99 
125311.0  32567.12 99 
125311.5  32567.86 99 
125312.0  32567.51 99 
125312.5  32567.75 99 
125313.0  32567.04 99 
125313.5  32568.09 99 
125314.0  32567.74 99 
125314.5  32568.31 99 
125315.0  32567.92 99 
125315.5  32567.56 99 
125316.0  32567.52 99 
125316.5  32567.75 99 
125317.0  32567.30 99 
125317.5  32567.20 99 
125318.0  32567.71 99 
125318.5  32567.90 99 
125319.0  32568.34 99 
125319.5  32567.40 99 
125320.0  32567.65 99 
125320.5  32567.30 99 
125321.0  32567.54 99 
125321.5  32567.63 99 
125322.0  32567.31 99 
125322.5  32567.50 99 
125323.0  32567.72 99 
125323.5  32568.04 99 
125324.0  32567.82 99 
125324.5  32567.10 99 
125325.0  32567.87 99 
125325.5  32567.73 99 
125326.0  32566.97 99 
125326.5  32567.44 99 
125327.0  32567.48 99 
125327.5  32567.79 99 
125328.0  32567.88 99 
125328.5  32567.22 99 
125329.0  32567.92 99 
125329.5  32567.47 99 
125330.0  32567.90 99 
125330.5  32567.55 99 
125331.0  32567.25 99 
125331.5  32567.72 99 
125332.0  32567.63 99 
125332.5  32567.02 99 
125333.0  32567.54 99 
125333.5  32567.19 99 
125334.0  32567.60 99 
125334.5  32567.33 99 
125335.0  32567.42 99 
125335.5  32567.31 99 
125336.0  32567.72 99 
125336.5  32567.15 99 
125337.0  32567.91 99 
125337.5  32567.30 99 
125338.0  32567.42 99 
125338.5  32567.62 99 
125339.0  32567.63 99 
125339.5  32567.41 99 
125340.0  32567.93 99 
125340.5  32567.34 99 
125341.0  32567.41 99 
125341.5  32567.85 99 
125342.0  32567.34 99 
125342.5  32567.71 99 
125343.0  32567.65 99 
125343.5  32567.31 99 
125344.0  32567.40 99 
125344.5  32567.22 99 
125345.0  32567.53 99 
125345.5  32567.29 99 
125346.0  32567.53 99 
125346.5  32567.29 99 
125347.0  32567.12 99 
125347.5  32567.67 99 
125348.0  32567.02 99 
125348.5  32567.32 99 
125349.0  32567.62 99 
125349.5  32567.66 99 
125350.0  32567.78 99 
125350.5  32567.58 99 
125351.0  32567.35 99 
125351.5  32567.68 99 
125352.0  32567.95 99 
125352.5  32567.48 99 
125353.0  32567.63 99 
125353.5  32567.36 99 
125354.0  32567.58 99 
125354.5  32567.42 99 
125355.0  32567.00 99 
125355.5  32567.52 99 
125356.0  32567.78 99 
125356.5  32566.79 99 
125357.0  32566.96 99 
125357.5  32567.54 99 
125358.0  32567.50 99 
125358.5  32567.71 99 
125359.0  32567.37 99 
125359.5  32567.09 99 
125400.0  32567.41 99 
125400.5  32567.99 99 
125401.0  32567.75 99 
125401.5  32567.27 99 
125402.0  32567.31 99 
125402.5  32567.16 99 
125403.0  32567.32 99 
125403.5  32567.74 99 
125404.0  32567.19 99 
125404.5  32567.55 99 
125405.0  32567.10 99 
125405.5  32567.62 99 
125406.0  32567.68 99 
125406.5  32567.18 99 
125407.0  32567.31 99 
125407.5  32567.84 99 
125408.0  32566.61 99 
125408.5  32567.57 99 
125409.0  32567.64 99 
125409.5  32567.68 99 
125410.0  32567.71 99 
125410.5  32566.98 99 
125411.0  32566.95 99 
125411.5  32567.71 99 
125412.0  32567.74 99 
125412.5  32567.30 99 
125413.0  32567.55 99 
125413.5  32567.47 99 
125414.0  32567.27 99 
125414.5  32567.11 99 
125415.0  32567.60 99 
125415.5  32567.33 99 
125416.0  32567.45 99 
125416.5  32567.55 99 
125417.0  32566.96 99 
125417.5  32567.31 99 
125418.0  32567.73 99 
125418.5  32567.45 99 
125419.0  32567.33 99 
125419.5  32567.45 99 
125420.0  32567.22 99 
125420.5  32567.31 99 
125421.0  32567.16 99 
125421.5  32567.43 99 
125422.0  32566.37 99 
125422.5  32567.46 99 
125423.0  32566.78 99 
125423.5  32567.66 99 
125424.0  32567.57 99 
125424.5  32567.52 99 
125425.0  32567.45 99 
125425.5  32567.55 99 
125426.0  32566.90 99 
125426.5  32567.95 99 
125427.0  32567.11 99 
125427.5  32567.53 99 
125428.0  32566.98 99 
125428.5  32567.51 99 
125429.0  32567.15 99 
125429.5  32567.96 99 
125430.0  32567.49 99 
125430.5  32567.74 99 
125431.0  32566.83 99 
125431.5  32567.74 99 
125432.0  32567.54 99 
125432.5  32567.61 99 
125433.0  32567.48 99 
125433.5  32567.30 99 
125434.0  32566.98 99 
125434.5  32567.70 99 
125435.0  32567.27 99 
125435.5  32567.18 99 
125436.0  32567.37 99 
125436.5  32567.26 99 
125437.0  32567.96 99 
125437.5  32567.55 99 
125438.0  32567.10 99 
125438.5  32567.48 99 
125439.0  32567.19 99 
125439.5  32567.51 99 
125440.0  32567.59 99 
125440.5  32567.22 99 
125441.0  32566.88 99 
125441.5  32567.17 99 
125442.0  32566.78 99 
125442.5  32567.08 99 
125443.0  32567.56 99 
125443.5  32567.70 99 
125444.0  32567.48 99 
125444.5  32567.47 99 
125445.0  32567.57 99 
125445.5  32566.98 99 
125446.0  32566.81 99 
125446.5  32566.43 99 
125447.0  32567.07 99 
125447.5  32567.22 99 
125448.0  32566.97 99 
125448.5  32567.56 99 
125449.0  32567.28 99 
125449.5  32567.14 99 
125450.0  32567.20 99 
125450.5  32567.10 99 
125451.0  32567.14 99 
125451.5  32567.35 99 
125452.0  32566.99 99 
125452.5  32567.21 99 
125453.0  32567.42 99 
125453.5  32567.10 99 
125454.0  32567.15 99 
125454.5  32567.20 99 
125455.0  32567.68 99 
125455.5  32567.42 99 
125456.0  32567.59 99 
125456.5  32567.31 99 
125457.0  32567.33 99 
125457.5  32567.55 99 
125458.0  32567.33 99 
125458.5  32567.02 99 
125459.0  32567.40 99 
125459.5  32567.22 99 
125500.0  32567.53 99 
125500.5  32566.89 99 
125501.0  32567.24 99 
125501.5  32567.23 99 
125502.0  32567.49 99 
125502.5  32566.93 99 
125503.0  32567.02 99 
125503.5  32567.06 99 
125504.0  32567.21 99 
125504.5  32567.20 99 
125505.0  32567.23 99 
125505.5  32567.49 99 
125506.0  32566.85 99 
125506.5  32566.87 99 
125507.0  32567.07 99 
125507.5  32566.68 99 
125508.0  32566.74 99 
125508.5  32566.81 99 
125509.0  32567.16 99 
125509.5  32567.46 99 
125510.0  32567.21 99 
125510.5  32567.25 99 
125511.0  32567.20 99 
125511.5  32567.32 99 
125512.0  32567.65 99 
125512.5  32566.63 99 
125513.0  32567.66 99 
125513.5  32567.27 99 
125514.0  32566.88 99 
125514.5  32567.42 99 
125515.0  32566.76 99 
125515.5  32566.58 99 
125516.0  32567.29 99 
125516.5  32566.66 99 
125517.0  32567.34 99 
125517.5  32567.06 99 
125518.0  32567.01 99 
125518.5  32567.04 99 
125519.0  32567.21 99 
125519.5  32567.07 99 
125520.0  32567.31 99 
125520.5  32567.52 99 
125521.0  32567.02 99 
125521.5  32566.66 99 
125522.0  32566.91 99 
125522.5  32567.14 99 
125523.0  32567.11 99 
125523.5  32566.82 99 
125524.0  32567.47 99 
125524.5  32567.34 99 
125525.0  32566.97 99 
125525.5  32567.40 99 
125526.0  32567.14 99 
125526.5  32567.63 99 
125527.0  32567.17 99 
125527.5  32567.06 99 
125528.0  32567.19 99 
125528.5  32566.91 99 
125529.0  32566.98 99 
125529.5  32566.84 99 
125530.0  32567.14 98 
125530.5  32566.76 99 
125531.0  32567.37 99 
125531.5  32567.29 99 
125532.0  32567.86 99 
125532.5  32566.87 99 
125533.0  32567.22 99 
125533.5  32566.84 99 
125534.0  32567.07 99 
125534.5  32566.80 99 
125535.0  32567.02 99 
125535.5  32567.13 99 
125536.0  32567.37 99 
125536.5  32567.49 99 
125537.0  32567.19 99 
125537.5  32567.18 99 
125538.0  32566.95 99 
125538.5  32566.95 99 
125539.0  32567.01 99 
125539.5  32567.33 99 
125540.0  32567.13 99 
125540.5  32567.12 99 
125541.0  32566.94 99 
125541.5  32567.16 99 
125542.0  32567.20 99 
125542.5  32566.98 99 
125543.0  32566.90 99 
125543.5  32567.09 99 
125544.0  32567.40 99 
125544.5  32566.65 99 
125545.0  32567.41 99 
125545.5  32566.90 99 
125546.0  32566.94 99 
125546.5  32566.59 99 
125547.0  32567.00 99 
125547.5  32566.69 99 
125548.0  32567.12 99 
125548.5  32567.02 99 
125549.0  32567.05 99 
125549.5  32566.90 99 
125550.0  32566.68 99 
125550.5  32566.61 99 
125551.0  32567.71 99 
125551.5  32567.46 99 
125552.0  32567.17 99 
125552.5  32567.18 99 
125553.0  32567.46 99 
125553.5  32567.11 99 
125554.0  32566.78 99 
125554.5  32567.22 99 
125555.0  32567.25 99 
125555.5  32566.83 99 
125556.0  32567.28 99 
125556.5  32566.85 99 
125557.0  32567.03 99 
125557.5  32567.07 99 
125558.0  32567.18 99 
125558.5  32567.39 99 
125559.0  32567.30 99 
125559.5  32567.26 99 
125600.0  32567.28 99 
125600.5  32566.78 99 
125601.0  32567.35 99 
125601.5  32566.79 99 
125602.0  32567.42 99 
125602.5  32567.02 99 
125603.0  32567.53 99 
125603.5  32567.56 99 
125604.0  32567.43 99 
125604.5  32567.58 99 
125605.0  32567.46 99 
125605.5  32567.07 99 
125606.0  32567.10 99 
125606.5  32567.52 99 
125607.0  32566.64 99 
125607.5  32567.02 99 
125608.0  32566.93 99 
125608.5  32567.39 99 
125609.0  32567.13 99 
125609.5  32567.34 99 
125610.0  32567.12 99 
125610.5  32567.28 99 
125611.0  32567.48 99 
125611.5  32567.11 99 
125612.0  32567.29 99 
125612.5  32567.31 99 
125613.0  32567.10 99 
125613.5  32567.65 99 
125614.0  32567.54 99 
125614.5  32566.79 99 
125615.0  32567.44 99 
125615.5  32567.35 99 
125616.0  32567.03 99 
125616.5  32567.26 99 
125617.0  32566.62 99 
125617.5  32567.20 99 
125618.0  32567.13 99 
125618.5  32566.85 99 
125619.0  32567.36 99 
125619.5  32567.25 99 
125620.0  32567.38 99 
125620.5  32567.21 99 
125621.0  32566.94 99 
125621.5  32566.88 99 
125622.0  32567.00 99 
125622.5  32567.00 99 
125623.0  32567.17 99 
125623.5  32567.10 99 
125624.0  32567.07 99 
125624.5  32566.99 99 
125625.0  32566.97 99 
125625.5  32566.72 99 
125626.0  32567.30 99 
125626.5  32567.10 99 
125627.0  32566.97 99 
125627.5  32567.42 99 
125628.0  32567.11 99 
125628.5  32567.10 99 
125629.0  32567.38 99 
125629.5  32566.78 99 
125630.0  32567.22 99 
125630.5  32567.22 99 
125631.0  32566.39 99 
125631.5  32567.15 99 
125632.0  32567.22 99 
125632.5  32567.19 99 
125633.0  32567.21 99 
125633.5  32566.53 99 
125634.0  32566.65 99 
125634.5  32567.41 99 
125635.0  32567.53 99 
125635.5  32567.49 99 
125636.0  32567.56 99 
125636.5  32567.26 99 
125637.0  32567.10 99 
125637.5  32567.03 99 
125638.0  32566.87 99 
125638.5  32566.69 99 
125639.0  32567.25 99 
125639.5  32566.60 99 
125640.0  32567.62 99 
125640.5  32566.92 99 
125641.0  32567.13 99 
125641.5  32567.31 99 
125642.0  32567.30 99 
125642.5  32567.46 99 
125643.0  32567.02 99 
125643.5  32567.27 99 
125644.0  32567.01 99 
125644.5  32567.10 99 
125645.0  32567.05 99 
125645.5  32566.69 99 
125646.0  32567.29 99 
125646.5  32567.18 99 
125647.0  32566.95 99 
125647.5  32567.31 99 
125648.0  32567.00 99 
125648.5  32567.41 99 
125649.0  32567.18 99 
125649.5  32566.71 99 
125650.0  32566.89 99 
125650.5  32567.25 99 
125651.0  32566.51 99 
125651.5  32567.03 99 
125652.0  32567.04 99 
125652.5  32566.45 99 
125653.0  32567.02 99 
125653.5  32567.32 99 
125654.0  32566.70 99 
125654.5  32566.64 99 
125655.0  32566.90 99 
125655.5  32567.11 99 
125656.0  32567.03 99 
125656.5  32567.28 99 
125657.0  32567.20 99 
125657.5  32566.35 99 
125658.0  32566.97 99 
125658.5  32567.05 99 
125659.0  32566.83 99 
125659.5  32566.77 99 
125700.0  32567.16 99 
125700.5  32566.80 99 
125701.0  32566.75 99 
125701.5  32567.19 99 
125702.0  32566.89 99 
125702.5  32566.50 99 
125703.0  32566.83 99 
125703.5  32566.78 99 
125704.0  32566.89 99 
125704.5  32567.29 99 
125705.0  32567.00 99 
125705.5  32566.92 99 
125706.0  32566.94 99 
125706.5  32566.69 99 
125707.0  32566.80 99 
125707.5  32566.75 99 
125708.0  32567.21 99 
125708.5  32566.85 99 
125709.0  32566.85 99 
125709.5  32566.96 99 
125710.0  32566.46 99 
125710.5  32566.75 99 
125711.0  32567.24 99 
125711.5  32567.31 99 
125712.0  32566.74 99 
125712.5  32567.05 99 
125713.0  32566.72 99 
125713.5  32566.84 99 
125714.0  32567.23 99 
125714.5  32567.21 99 
125715.0  32566.68 99 
125715.5  32566.62 99 
125716.0  32567.30 99 
125716.5  32567.42 99 
125717.0  32567.28 99 
125717.5  32567.17 99 
125718.0  32567.25 99 
125718.5  32567.43 99 
125719.0  32566.92 99 
125719.5  32566.82 99 
125720.0  32567.05 99 
125720.5  32567.01 99 
125721.0  32567.07 99 
125721.5  32566.79 99 
125722.0  32566.66 99 
125722.5  32567.15 99 
125723.0  32566.81 99 
125723.5  32567.26 99 
125724.0  32567.47 99 
125724.5  32567.50 99 
125725.0  32567.46 99 
125725.5  32567.25 99 
125726.0  32567.19 99 
125726.5  32566.96 99 
125727.0  32566.74 98 
125727.5  32567.20 99 
125728.0  32566.89 99 
125728.5  32567.36 99 
125729.0  32566.90 99 
125729.5  32566.99 99 
125730.0  32567.12 99 
125730.5  32566.96 99 
125731.0  32567.37 99 
125731.5  32567.30 99 
125732.0  32566.79 99 
125732.5  32567.02 99 
125733.0  32566.84 99 
125733.5  32566.94 99 
125734.0  32567.15 99 
125734.5  32566.80 99 
125735.0  32567.23 99 
125735.5  32566.84 99 
125736.0  32566.77 99 
125736.5  32567.33 99 
125737.0  32567.02 99 
125737.5  32567.11 99 
125738.0  32566.68 99 
125738.5  32567.22 99 
125739.0  32566.87 99 
125739.5  32566.94 99 
125740.0  32567.30 99 
125740.5  32567.38 99 
125741.0  32567.25 99 
125741.5  32566.92 99 
125742.0  32566.19 99 
125742.5  32566.85 99 
125743.0  32566.98 99 
125743.5  32566.87 99 
125744.0  32567.33 99 
125744.5  32566.92 99 
125745.0  32567.34 99 
125745.5  32566.93 99 
125746.0  32566.66 99 
125746.5  32566.84 99 
125747.0  32566.94 99 
125747.5  32566.85 99 
125748.0  32567.46 99 
125748.5  32567.01 99 
125749.0  32567.08 99 
125749.5  32567.48 99 
125750.0  32567.20 99 
125750.5  32567.29 99 
125751.0  32567.16 99 
125751.5  32566.88 99 
125752.0  32566.91 99 
125752.5  32566.98 99 
125753.0  32566.66 99 
125753.5  32566.74 99 
125754.0  32567.23 99 
125754.5  32566.77 99 
125755.0  32567.11 99 
125755.5  32567.28 99 
125756.0  32566.82 99 
125756.5  32567.21 99 
125757.0  32567.66 99 
125757.5  32567.19 99 
125758.0  32566.92 99 
125758.5  32566.85 99 
125759.0  32567.10 99 
125759.5  32566.85 99 
125800.0  32567.67 99 
125800.5  32567.13 99 
125801.0  32567.23 99 
125801.5  32567.22 99 
125802.0  32567.12 99 
125802.5  32567.21 99 
125803.0  32567.17 99 
125803.5  32567.43 99 
125804.0  32567.30 99 
125804.5  32567.61 99 
125805.0  32567.10 99 
125805.5  32567.44 99 
125806.0  32566.77 99 
125806.5  32567.20 99 
125807.0  32567.27 99 
125807.5  32567.48 99 
125808.0  32566.93 99 
125808.5  32566.97 99 
125809.0  32567.32 99 
125809.5  32566.86 99 
125810.0  32567.13 99 
125810.5  32567.50 99 
125811.0  32567.01 99 
125811.5  32567.38 99 
125812.0  32567.43 99 
125812.5  32566.94 99 
125813.0  32567.23 99 
125813.5  32567.16 98 
125814.0  32567.10 99 
125814.5  32567.33 98 
125815.0  32566.90 99 
125815.5  32567.06 99 
125816.0  32567.10 99 
125816.5  32566.93 98 
125817.0  32567.15 99 
125817.5  32567.28 99 
125818.0  32567.19 99 
125818.5  32567.18 99 
125819.0  32566.62 99 
125819.5  32567.40 99 
125820.0  32567.19 99 
125820.5  32566.54 99 
125821.0  32567.26 99 
125821.5  32566.88 99 
125822.0  32567.51 99 
125822.5  32566.88 99 
125823.0  32566.91 99 
125823.5  32567.53 99 
125824.0  32566.94 99 
125824.5  32567.32 99 
125825.0  32566.63 99 
125825.5  32566.85 99 
125826.0  32567.07 99 
125826.5  32566.89 99 
125827.0  32567.36 99 
125827.5  32567.20 99 
125828.0  32567.11 99 
125828.5  32567.39 99 
125829.0  32567.22 99 
125829.5  32566.96 99 
125830.0  32566.63 99 
125830.5  32566.85 99 
125831.0  32567.40 99 
125831.5  32567.32 99 
125832.0  32566.87 99 
125832.5  32567.57 99 
125833.0  32567.34 99 
125833.5  32567.56 99 
125834.0  32567.28 99 
125834.5  32567.30 99 
125835.0  32567.21 99 
125835.5  32567.32 99 
125836.0  32567.29 99 
125836.5  32567.06 99 
125837.0  32567.69 99 
125837.5  32567.11 99 
125838.0  32566.92 99 
125838.5  32567.04 99 
125839.0  32567.43 99 
125839.5  32567.49 99 
125840.0  32567.13 99 
125840.5  32567.35 99 
125841.0  32566.84 99 
125841.5  32567.08 99 
125842.0  32567.49 99 
125842.5  32567.92 99 
125843.0  32567.73 99 
125843.5  32567.33 99 
125844.0  32567.66 99 
125844.5  32567.78 99 
125845.0  32567.03 99 
125845.5  32567.52 99 
125846.0  32567.16 99 
125846.5  32566.82 99 
125847.0  32567.30 99 
125847.5  32567.06 99 
125848.0  32567.32 99 
125848.5  32567.65 99 
125849.0  32567.33 99 
125849.5  32567.17 99 
125850.0  32567.35 99 
125850.5  32567.26 99 
125851.0  32567.48 99 
125851.5  32567.17 99 
125852.0  32567.15 99 
125852.5  32567.19 99 
125853.0  32567.35 99 
125853.5  32567.50 99 
125854.0  32566.71 99 
125854.5  32567.42 99 
125855.0  32566.73 99 
125855.5  32567.72 99 
125856.0  32567.33 99 
125856.5  32567.46 99 
125857.0  32567.55 99 
125857.5  32566.96 99 
125858.0  32567.17 99 
125858.5  32567.18 99 
125859.0  32566.87 99 
125859.5  32567.20 99 
125900.0  32566.99 99 
125900.5  32567.39 99 
125901.0  32567.43 99 
125901.5  32567.31 99 
125902.0  32567.06 99 
125902.5  32567.24 99 
125903.0  32567.39 99 
125903.5  32566.73 99 
125904.0  32567.15 99 
125904.5  32567.35 99 
125905.0  32567.18 99 
125905.5  32567.15 99 
125906.0  32567.20 99 
125906.5  32567.15 99 
125907.0  32567.41 99 
125907.5  32567.06 99 
125908.0  32567.43 99 
125908.5  32566.99 99 
125909.0  32567.54 99 
125909.5  32566.94 99 
125910.0  32567.61 99 
125910.5  32567.37 99 
125911.0  32566.95 99 
125911.5  32566.99 99 
125912.0  32567.74 99 
125912.5  32567.26 99 
125913.0  32566.88 99 
125913.5  32567.63 99 
125914.0  32567.29 99 
125914.5  32567.78 99 
125915.0  32567.04 99 
125915.5  32567.29 99 
125916.0  32567.66 99 
125916.5  32566.92 99 
125917.0  32567.61 99 
125917.5  32567.29 99 
125918.0  32567.66 99 
125918.5  32567.38 99 
125919.0  32567.08 99 
125919.5  32567.62 99 
125920.0  32567.21 99 
125920.5  32566.90 99 
125921.0  32566.40 99 
125921.5  32567.02 99 
125922.0  32567.71 99 
125922.5  32567.56 99 
125923.0  32566.88 99 
125923.5  32567.23 99 
125924.0  32567.03 99 
125924.5  32567.82 99 
125925.0  32567.63 99 
125925.5  32567.17 99 
125926.0  32567.25 99 
125926.5  32567.33 99 
125927.0  32567.37 99 
125927.5  32567.69 99 
125928.0  32567.67 99 
125928.5  32566.99 99 
125929.0  32566.70 99 
125929.5  32567.49 99 
125930.0  32567.19 99 
125930.5  32567.24 99 
125931.0  32566.87 99 
125931.5  32567.59 99 
125932.0  32567.52 99 
125932.5  32567.55 99 
125933.0  32567.34 99 
125933.5  32567.33 99 
125934.0  32567.08 99 
125934.5  32567.23 99 
125935.0  32567.64 99 
125935.5  32567.13 99 
125936.0  32567.21 99 
125936.5  32567.51 99 
125937.0  32567.99 99 
125937.5  32567.18 99 
125938.0  32567.33 99 
125938.5  32567.42 99 
125939.0  32567.23 99 
125939.5  32567.66 99 
125940.0  32567.35 99 
125940.5  32566.96 99 
125941.0  32567.46 99 
125941.5  32567.09 99 
125942.0  32567.04 99 
125942.5  32567.36 99 
125943.0  32567.65 99 
125943.5  32567.48 99 
125944.0  32567.00 99 
125944.5  32567.47 99 
125945.0  32567.68 99 
125945.5  32567.56 99 
125946.0  32567.26 99 
125946.5  32567.37 99 
125947.0  32567.25 99 
125947.5  32567.16 99 
125948.0  32567.64 99 
125948.5  32566.93 99 
125949.0  32567.65 99 
125949.5  32567.32 99 
125950.0  32567.37 99 
125950.5  32567.78 99 
125951.0  32567.28 99 
125951.5  32566.88 99 
125952.0  32567.48 99 
125952.5  32567.30 99 
125953.0  32567.08 99 
125953.5  32567.34 99 
125954.0  32567.70 99 
125954.5  32567.59 99 
125955.0  32567.42 99 
125955.5  32567.93 99 
125956.0  32567.77 99 
125956.5  32567.47 99 
125957.0  32567.16 99 
125957.5  32567.57 99 
125958.0  32567.22 99 
125958.5  32567.24 99 
125959.0  32566.88 99 
125959.5  32567.19 99 
130000.0  32567.44 99 
130000.5  32566.98 99 
130001.0  32567.21 99 
130001.5  32567.43 99 
130002.0  32567.18 99 
130002.5  32566.84 99 
130003.0  32567.37 99 
130003.5  32567.90 99 
130004.0  32567.08 99 
130004.5  32567.12 99 
130005.0  32567.21 99 
130005.5  32566.88 99 
130006.0  32568.03 98 
130006.5  32567.31 99 
130007.0  32567.29 99 
130007.5  32567.60 99 
130008.0  32567.48 99 
130008.5  32567.52 99 
130009.0  32568.11 99 
130009.5  32567.56 99 
130010.0  32567.55 99 
130010.5  32567.48 99 
130011.0  32566.65 99 
130011.5  32567.15 99 
130012.0  32567.39 99 
130012.5  32567.40 99 
130013.0  32567.39 99 
130013.5  32567.78 99 
130014.0  32567.43 99 
130014.5  32567.58 99 
130015.0  32567.35 99 
130015.5  32567.73 99 
130016.0  32567.63 99 
130016.5  32568.00 99 
130017.0  32567.30 99 
130017.5  32567.45 99 
130018.0  32567.41 99 
130018.5  32567.62 99 
130019.0  32567.17 99 
130019.5  32567.48 99 
130020.0  32567.61 99 
130020.5  32567.71 99 
130021.0  32567.14 99 
130021.5  32567.04 99 
130022.0  32567.09 99 
130022.5  32567.72 99 
130023.0  32567.58 99 
130023.5  32568.11 99 
130024.0  32567.44 99 
130024.5  32567.94 99 
130025.0  32567.61 99 
130025.5  32567.08 99 
130026.0  32566.89 99 
130026.5  32567.60 99 
130027.0  32567.58 99 
130027.5  32567.61 99 
130028.0  32566.89 99 
130028.5  32567.24 99 
130029.0  32567.34 99 
130029.5  32567.21 99 
130030.0  32567.57 99 
130030.5  32567.57 99 
130031.0  32567.39 99 
130031.5  32567.83 99 
130032.0  32567.40 99 
130032.5  32566.93 99 
130033.0  32567.27 99 
130033.5  32567.47 99 
130034.0  32567.38 99 
130034.5  32567.33 99 
130035.0  32567.45 99 
130035.5  32568.29 99 
130036.0  32568.03 99 
130036.5  32567.01 99 
130037.0  32566.54 99 
130037.5  32567.07 99 
130038.0  32567.64 99 
130038.5  32567.60 99 
130039.0  32567.34 99 
130039.5  32567.35 99 
130040.0  32567.19 99 
130040.5  32567.31 99 
130041.0  32566.46 99 
130041.5  32567.01 99 
130042.0  32567.56 99 
130042.5  32567.63 99 
130043.0  32567.95 99 
130043.5  32567.76 99 
130044.0  32567.95 99 
130044.5  32567.35 99 
130045.0  32567.51 99 
130045.5  32567.44 99 
130046.0  32567.65 99 
130046.5  32567.83 99 
130047.0  32567.87 99 
130047.5  32567.86 99 
130048.0  32567.23 99 
130048.5  32566.90 99 
130049.0  32567.34 99 
130049.5  32567.55 99 
130050.0  32567.22 99 
130050.5  32567.36 99 
130051.0  32567.69 99 
130051.5  32567.65 99 
130052.0  32567.74 99 
130052.5  32567.75 99 
130053.0  32567.45 99 
130053.5  32567.51 99 
130054.0  32567.74 99 
130054.5  32567.34 99 
130055.0  32567.48 99 
130055.5  32567.52 99 
130056.0  32567.87 99 
130056.5  32567.57 99 
130057.0  32567.48 99 
130057.5  32567.80 99 
130058.0  32567.45 99 
130058.5  32567.26 99 
130059.0  32567.12 99 
130059.5  32567.46 99 
130100.0  32567.27 99 
130100.5  32567.48 99 
130101.0  32567.48 99 
130101.5  32568.04 99 
130102.0  32567.60 99 
130102.5  32567.23 99 
130103.0  32567.43 99 
130103.5  32567.60 99 
130104.0  32566.80 99 
130104.5  32567.59 99 
130105.0  32567.84 99 
130105.5  32567.26 99 
130106.0  32567.21 99 
130106.5  32567.84 99 
130107.0  32567.64 99 
130107.5  32567.23 99 
130108.0  32567.37 99 
130108.5  32567.93 99 
130109.0  32566.84 99 
130109.5  32567.58 99 
130110.0  32567.50 99 
130110.5  32567.31 99 
130111.0  32567.17 99 
130111.5  32567.33 99 
130112.0  32567.17 99 
130112.5  32567.17 99 
130113.0  32567.95 99 
130113.5  32567.70 99 
130114.0  32567.51 99 
130114.5  32567.40 99 
130115.0  32566.96 99 
130115.5  32568.17 99 
130116.0  32568.06 99 
130116.5  32567.82 99 
130117.0  32567.64 99 
130117.5  32567.62 99 
130118.0  32567.50 99 
130118.5  32567.69 99 
130119.0  32567.45 99 
130119.5  32567.52 99 
130120.0  32567.61 99 
130120.5  32567.11 99 
130121.0  32567.30 99 
130121.5  32567.22 99 
130122.0  32567.75 99 
130122.5  32567.05 99 
130123.0  32568.07 99 
130123.5  32567.34 99 
130124.0  32567.66 99 
130124.5  32567.35 99 
130125.0  32567.25 99 
130125.5  32567.09 99 
130126.0  32567.75 99 
130126.5  32567.18 99 
130127.0  32567.59 99 
130127.5  32567.31 99 
130128.0  32567.29 99 
130128.5  32567.23 99 
130129.0  32567.08 99 
130129.5  32567.43 99 
130130.0  32567.68 99 
130130.5  32567.76 99 
130131.0  32567.75 99 
130131.5  32567.29 99 
130132.0  32567.73 99 
130132.5  32567.56 99 
130133.0  32567.77 99 
130133.5  32567.59 99 
130134.0  32567.02 99 
130134.5  32567.50 99 
130135.0  32567.22 99 
130135.5  32567.89 99 
130136.0  32567.89 99 
130136.5  32567.36 99 
130137.0  32567.84 99 
130137.5  32567.69 99 
130138.0  32567.58 99 
130138.5  32567.66 99 
130139.0  32567.97 99 
130139.5  32567.32 99 
130140.0  32566.89 99 
130140.5  32567.49 99 
130141.0  32567.91 99 
130141.5  32567.97 99 
130142.0  32567.27 99 
130142.5  32567.21 99 
130143.0  32567.26 99 
130143.5  32568.06 99 
130144.0  32567.46 99 
130144.5  32567.49 99 
130145.0  32567.84 99 
130145.5  32567.38 99 
130146.0  32567.19 99 
130146.5  32567.75 99 
130147.0  32567.73 99 
130147.5  32567.36 99 
130148.0  32567.78 99 
130148.5  32567.38 99 
130149.0  32567.61 99 
130149.5  32567.51 99 
130150.0  32567.60 99 
130150.5  32567.54 99 
130151.0  32567.16 99 
130151.5  32567.75 99 
130152.0  32567.23 99 
130152.5  32567.29 99 
130153.0  32567.54 99 
130153.5  32567.72 99 
130154.0  32567.72 99 
130154.5  32567.73 99 
130155.0  32567.83 99 
130155.5  32567.53 99 
130156.0  32567.49 99 
130156.5  32567.41 99 
130157.0  32567.71 99 
130157.5  32567.71 99 
130158.0  32567.61 99 
130158.5  32567.94 99 
130159.0  32567.79 99 
130159.5  32567.49 99 
130200.0  32567.61 99 
130200.5  32567.46 99 
130201.0  32567.67 99 
130201.5  32567.60 99 
130202.0  32567.45 99 
130202.5  32567.46 99 
130203.0  32567.69 99 
130203.5  32567.91 99 
130204.0  32567.50 99 
130204.5  32567.42 99 
130205.0  32567.81 99 
130205.5  32567.86 99 
130206.0  32567.42 99 
130206.5  32567.39 99 
130207.0  32567.14 99 
130207.5  32567.61 99 
130208.0  32567.49 99 
130208.5  32567.60 99 
130209.0  32567.74 99 
130209.5  32567.55 99 
130210.0  32567.67 99 
130210.5  32567.73 99 
130211.0  32567.64 99 
130211.5  32567.28 99 
130212.0  32567.19 99 
130212.5  32567.54 99 
130213.0  32567.56 99 
130213.5  32566.95 99 
130214.0  32567.47 99 
130214.5  32567.84 99 
130215.0  32567.62 99 
130215.5  32567.51 99 
130216.0  32567.39 99 
130216.5  32567.43 99 
130217.0  32567.48 99 
130217.5  32567.17 99 
130218.0  32567.20 99 
130218.5  32567.55 99 
130219.0  32567.46 99 
130219.5  32567.51 99 
130220.0  32567.46 99 
130220.5  32567.81 99 
130221.0  32567.60 99 
130221.5  32567.36 99 
130222.0  32567.05 99 
130222.5  32567.37 99 
130223.0  32566.98 99 
130223.5  32567.64 99 
130224.0  32567.72 99 
130224.5  32567.29 99 
130225.0  32567.35 99 
130225.5  32567.21 99 
130226.0  32567.51 99 
130226.5  32567.78 99 
130227.0  32567.48 99 
130227.5  32567.58 99 
130228.0  32567.48 99 
130228.5  32567.35 99 
130229.0  32567.32 99 
130229.5  32567.76 99 
130230.0  32567.37 99 
130230.5  32567.74 99 
130231.0  32567.97 99 
130231.5  32567.61 99 
130232.0  32567.36 99 
130232.5  32567.29 99 
130233.0  32567.50 99 
130233.5  32567.56 99 
130234.0  32567.37 99 
130234.5  32567.78 99 
130235.0  32568.06 99 
130235.5  32568.18 99 
130236.0  32567.69 99 
130236.5  32567.78 99 
130237.0  32567.02 99 
130237.5  32566.87 99 
130238.0  32567.63 99 
130238.5  32567.37 99 
130239.0  32567.57 99 
130239.5  32567.76 99 
130240.0  32567.45 99 
130240.5  32567.58 99 
130241.0  32568.12 99 
130241.5  32567.45 99 
130242.0  32567.23 99 
130242.5  32567.50 99 
130243.0  32567.34 99 
130243.5  32567.28 99 
130244.0  32567.91 99 
130244.5  32567.39 99 
130245.0  32567.69 99 
130245.5  32567.64 99 
130246.0  32567.34 99 
130246.5  32567.37 99 
130247.0  32567.28 99 
130247.5  32568.06 99 
130248.0  32567.74 99 
130248.5  32567.15 99 
130249.0  32567.70 99 
130249.5  32567.54 99 
130250.0  32567.14 99 
130250.5  32567.94 99 
130251.0  32567.52 99 
130251.5  32567.10 99 
130252.0  32567.85 99 
130252.5  32567.88 99 
130253.0  32567.26 99 
130253.5  32567.18 99 
130254.0  32566.98 99 
130254.5  32567.65 99 
130255.0  32567.31 99 
130255.5  32567.61 99 
130256.0  32567.30 99 
130256.5  32567.32 99 
130257.0  32567.60 99 
130257.5  32567.58 99 
130258.0  32566.71 99 
130258.5  32567.76 99 
130259.0  32566.91 99 
130259.5  32567.50 99 
130300.0  32567.49 99 
130300.5  32567.36 99 
130301.0  32567.32 99 
130301.5  32567.33 99 
130302.0  32567.84 99 
130302.5  32567.04 99 
130303.0  32567.53 99 
130303.5  32567.75 99 
130304.0  32567.07 99 
130304.5  32567.61 99 
130305.0  32567.15 99 
130305.5  32567.34 99 
130306.0  32567.43 99 
130306.5  32566.89 99 
130307.0  32567.51 99 
130307.5  32567.68 99 
130308.0  32567.23 99 
130308.5  32567.52 99 
130309.0  32567.43 99 
130309.5  32567.33 99 
130310.0  32567.08 99 
130310.5  32567.45 99 
130311.0  32567.41 99 
130311.5  32567.54 99 
130312.0  32567.40 99 
130312.5  32567.44 99 
130313.0  32567.33 99 
130313.5  32567.97 99 
130314.0  32567.42 99 
130314.5  32567.18 99 
130315.0  32567.69 99 
130315.5  32567.99 99 
130316.0  32567.16 99 
130316.5  32567.45 99 
130317.0  32567.23 99 
130317.5  32567.26 99 
130318.0  32567.46 99 
130318.5  32567.79 99 
130319.0  32567.92 99 
130319.5  32567.66 99 
130320.0  32567.22 99 
130320.5  32567.64 99 
130321.0  32567.26 99 
130321.5  32567.58 99 
130322.0  32567.53 99 
130322.5  32567.41 99 
130323.0  32567.73 99 
130323.5  32567.47 99 
130324.0  32567.22 99 
130324.5  32567.32 99 
130325.0  32567.43 99 
130325.5  32567.93 99 
130326.0  32568.02 99 
130326.5  32567.98 99 
130327.0  32567.57 99 
130327.5  32567.27 99 
130328.0  32567.56 99 
130328.5  32567.71 99 
130329.0  32567.89 99 
130329.5  32567.77 99 
130330.0  32567.61 99 
130330.5  32567.37 99 
130331.0  32567.35 99 
130331.5  32567.29 99 
130332.0  32567.51 99 
130332.5  32567.78 99 
130333.0  32567.31 99 
130333.5  32566.97 99 
130334.0  32567.94 98 
130334.5  32567.57 99 
130335.0  32567.53 99 
130335.5  32567.77 99 
130336.0  32567.96 99 
130336.5  32567.56 99 
130337.0  32567.06 99 
130337.5  32567.46 99 
130338.0  32568.26 99 
130338.5  32567.66 99 
130339.0  32567.74 99 
130339.5  32567.48 99 
130340.0  32567.24 99 
130340.5  32567.92 99 
130341.0  32567.54 99 
130341.5  32567.29 99 
130342.0  32567.87 99 
130342.5  32567.91 99 
130343.0  32567.51 99 
130343.5  32567.50 99 
130344.0  32566.99 99 
130344.5  32567.02 99 
130345.0  32567.79 99 
130345.5  32567.75 99 
130346.0  32567.59 99 
130346.5  32567.06 99 
130347.0  32567.66 99 
130347.5  32567.99 99 
130348.0  32567.61 99 
130348.5  32567.44 99 
130349.0  32567.74 99 
130349.5  32567.74 99 
130350.0  32567.11 99 
130350.5  32567.50 99 
130351.0  32567.56 99 
130351.5  32567.41 99 
130352.0  32567.73 99 
130352.5  32568.02 99 
130353.0  32567.82 99 
130353.5  32567.88 99 
130354.0  32567.59 99 
130354.5  32567.84 99 
130355.0  32567.73 99 
130355.5  32567.64 99 
130356.0  32567.50 99 
130356.5  32567.44 99 
130357.0  32567.70 99 
130357.5  32567.54 99 
130358.0  32567.70 99 
130358.5  32567.56 99 
130359.0  32567.01 99 
130359.5  32567.90 99 
130400.0  32567.88 99 
130400.5  32567.67 99 
130401.0  32567.75 99 
130401.5  32567.68 99 
130402.0  32567.85 99 
130402.5  32567.73 99 
130403.0  32567.60 99 
130403.5  32567.53 99 
130404.0  32567.46 99 
130404.5  32567.37 99 
130405.0  32567.75 99 
130405.5  32567.74 99 
130406.0  32567.56 99 
130406.5  32567.50 99 
130407.0  32567.65 99 
130407.5  32567.71 99 
130408.0  32568.07 99 
130408.5  32566.91 99 
130409.0  32567.55 99 
130409.5  32567.56 99 
130410.0  32567.57 99 
130410.5  32567.53 99 
130411.0  32567.42 99 
130411.5  32567.84 99 
130412.0  32567.94 99 
130412.5  32567.78 99 
130413.0  32567.63 99 
130413.5  32567.52 99 
130414.0  32567.18 99 
130414.5  32567.66 99 
130415.0  32568.08 99 
130415.5  32567.55 99 
130416.0  32568.15 99 
130416.5  32567.55 99 
130417.0  32567.42 99 
130417.5  32567.85 99 
130418.0  32567.37 99 
130418.5  32567.59 99 
130419.0  32567.60 99 
130419.5  32567.51 99 
130420.0  32568.04 99 
130420.5  32567.50 99 
130421.0  32567.81 99 
130421.5  32568.18 99 
130422.0  32567.70 99 
130422.5  32567.46 99 
130423.0  32567.44 99 
130423.5  32567.29 99 
130424.0  32567.58 99 
130424.5  32567.54 99 
130425.0  32567.70 99 
130425.5  32567.85 99 
130426.0  32567.65 99 
130426.5  32567.99 99 
130427.0  32567.80 99 
130427.5  32567.49 99 
130428.0  32567.23 99 
130428.5  32567.87 99 
130429.0  32568.62 99 
130429.5  32567.95 99 
130430.0  32567.45 99 
130430.5  32567.49 99 
130431.0  32567.24 99 
130431.5  32567.56 99 
130432.0  32567.66 99 
130432.5  32567.65 99 
130433.0  32567.79 99 
130433.5  32567.74 99 
130434.0  32567.45 99 
130434.5  32567.43 98 
130435.0  32567.99 99 
130435.5  32567.12 99 
130436.0  32567.23 99 
130436.5  32567.84 99 
130437.0  32567.62 99 
130437.5  32567.40 99 
130438.0  32567.78 99 
130438.5  32567.81 99 
130439.0  32567.70 99 
130439.5  32567.79 99 
130440.0  32567.32 99 
130440.5  32567.64 99 
130441.0  32567.81 99 
130441.5  32567.49 99 
130442.0  32567.21 99 
130442.5  32567.89 99 
130443.0  32568.00 99 
130443.5  32567.90 99 
130444.0  32567.83 99 
130444.5  32567.95 99 
130445.0  32568.07 99 
130445.5  32567.68 99 
130446.0  32567.35 99 
130446.5  32567.59 99 
130447.0  32567.67 99 
130447.5  32567.86 99 
130448.0  32567.73 99 
130448.5  32567.66 99 
130449.0  32567.88 99 
130449.5  32567.14 99 
130450.0  32567.15 99 
130450.5  32567.49 99 
130451.0  32567.79 99 
130451.5  32567.52 99 
130452.0  32567.38 99 
130452.5  32567.51 99 
130453.0  32567.68 99 
130453.5  32567.63 99 
130454.0  32567.97 99 
130454.5  32568.02 99 
130455.0  32567.48 99 
130455.5  32567.54 99 
130456.0  32568.09 99 
130456.5  32567.71 99 
130457.0  32567.93 99 
130457.5  32567.89 99 
130458.0  32567.81 99 
130458.5  32568.07 99 
130459.0  32568.02 99 
130459.5  32567.93 99 
130500.0  32567.64 99 
130500.5  32567.03 99 
130501.0  32567.94 99 
130501.5  32567.29 99 
130502.0  32567.56 99 
130502.5  32567.54 99 
130503.0  32568.12 99 
130503.5  32568.16 99 
130504.0  32567.92 99 
130504.5  32567.43 99 
130505.0  32567.72 99 
130505.5  32567.71 99 
130506.0  32567.52 99 
130506.5  32568.20 99 
130507.0  32567.36 99 
130507.5  32568.10 99 
130508.0  32567.28 99 
130508.5  32567.80 99 
130509.0  32567.81 99 
130509.5  32568.02 99 
130510.0  32567.68 99 
130510.5  32567.49 99 
130511.0  32567.69 99 
130511.5  32568.25 99 
130512.0  32567.81 99 
130512.5  32567.87 99 
130513.0  32567.47 99 
130513.5  32567.80 99 
130514.0  32568.10 99 
130514.5  32567.88 99 
130515.0  32567.63 99 
130515.5  32567.62 99 
130516.0  32567.38 99 
130516.5  32567.77 99 
130517.0  32567.81 99 
130517.5  32568.43 99 
130518.0  32568.09 99 
130518.5  32567.51 99 
130519.0  32567.18 99 
130519.5  32568.18 99 
130520.0  32567.62 99 
130520.5  32567.79 99 
130521.0  32567.65 99 
130521.5  32567.86 99 
130522.0  32567.60 99 
130522.5  32567.72 99 
130523.0  32567.73 99 
130523.5  32568.00 99 
130524.0  32567.90 99 
130524.5  32567.67 99 
130525.0  32567.81 99 
130525.5  32567.65 99 
130526.0  32567.74 99 
130526.5  32567.31 99 
130527.0  32567.35 99 
130527.5  32567.84 99 
130528.0  32567.91 99 
130528.5  32567.07 99 
130529.0  32567.96 99 
130529.5  32568.26 99 
130530.0  32567.20 99 
130530.5  32567.37 99 
130531.0  32567.57 99 
130531.5  32568.17 99 
130532.0  32567.46 99 
130532.5  32568.05 99 
130533.0  32567.34 99 
130533.5  32567.82 99 
130534.0  32568.12 99 
130534.5  32568.47 99 
130535.0  32568.37 99 
130535.5  32567.62 99 
130536.0  32567.46 99 
130536.5  32567.32 99 
130537.0  32567.62 99 
130537.5  32567.84 99 
130538.0  32568.20 99 
130538.5  32567.60 99 
130539.0  32567.65 99 
130539.5  32567.73 99 
130540.0  32567.77 99 
130540.5  32567.72 99 
130541.0  32567.82 99 
130541.5  32567.65 99 
130542.0  32567.88 99 
130542.5  32567.54 99 
130543.0  32567.93 99 
130543.5  32567.23 99 
130544.0  32567.73 99 
130544.5  32567.36 99 
130545.0  32567.75 99 
130545.5  32567.70 99 
130546.0  32567.72 99 
130546.5  32567.76 99 
130547.0  32567.55 99 
130547.5  32567.22 99 
130548.0  32567.61 99 
130548.5  32567.73 99 
130549.0  32567.22 99 
130549.5  32568.12 99 
130550.0  32567.52 99 
130550.5  32568.30 99 
130551.0  32567.63 99 
130551.5  32567.76 99 
130552.0  32567.62 99 
130552.5  32567.45 99 
130553.0  32567.68 99 
130553.5  32568.15 99 
130554.0  32567.48 99 
130554.5  32567.65 99 
130555.0  32568.05 99 
130555.5  32567.95 99 
130556.0  32567.60 99 
130556.5  32567.60 99 
130557.0  32567.21 99 
130557.5  32567.62 99 
130558.0  32567.66 99 
130558.5  32566.96 99 
130559.0  32567.95 99 
130559.5  32567.53 99 
130600.0  32567.23 99 
130600.5  32568.02 99 
130601.0  32567.48 99 
130601.5  32567.69 99 
130602.0  32567.65 99 
130602.5  32567.73 99 
130603.0  32568.24 99 
130603.5  32567.74 99 
130604.0  32567.70 99 
130604.5  32567.81 99 
130605.0  32567.94 99 
130605.5  32567.70 99 
130606.0  32567.75 99 
130606.5  32567.45 99 
130607.0  32567.93 99 
130607.5  32568.11 99 
130608.0  32567.62 99 
130608.5  32567.28 99 
130609.0  32567.58 99 
130609.5  32567.45 99 
130610.0  32567.87 99 
130610.5  32567.67 99 
130611.0  32567.82 99 
130611.5  32567.40 99 
130612.0  32567.48 99 
130612.5  32567.71 99 
130613.0  32567.20 99 
130613.5  32567.78 99 
130614.0  32567.66 99 
130614.5  32567.61 99 
130615.0  32567.39 99 
130615.5  32568.11 99 
130616.0  32568.13 99 
130616.5  32567.11 99 
130617.0  32567.76 99 
130617.5  32567.46 99 
130618.0  32567.35 99 
130618.5  32567.72 99 
130619.0  32568.01 99 
130619.5  32567.77 99 
130620.0  32567.45 99 
130620.5  32567.93 99 
130621.0  32567.58 99 
130621.5  32567.98 99 
130622.0  32567.23 99 
130622.5  32567.47 99 
130623.0  32567.35 99 
130623.5  32567.45 99 
130624.0  32567.42 99 
130624.5  32567.22 99 
130625.0  32567.54 99 
130625.5  32567.61 99 
130626.0  32567.48 99 
130626.5  32566.62 99 
130627.0  32567.54 99 
130627.5  32567.51 99 
130628.0  32567.37 99 
130628.5  32567.62 99 
130629.0  32567.42 99 
130629.5  32567.41 99 
130630.0  32567.40 99 
130630.5  32567.80 99 
130631.0  32567.44 99 
130631.5  32567.60 99 
130632.0  32567.51 99 
130632.5  32567.38 99 
130633.0  32567.48 99 
130633.5  32567.26 99 
130634.0  32567.42 99 
130634.5  32567.45 99 
130635.0  32567.55 99 
130635.5  32567.66 99 
130636.0  32567.78 99 
130636.5  32567.49 99 
130637.0  32567.14 99 
130637.5  32567.69 99 
130638.0  32567.22 99 
130638.5  32567.41 99 
130639.0  32567.32 99 
130639.5  32567.26 99 
130640.0  32567.30 99 
130640.5  32567.90 99 
130641.0  32567.02 99 
130641.5  32567.60 99 
130642.0  32567.51 99 
130642.5  32567.45 99 
130643.0  32567.62 99 
130643.5  32567.23 99 
130644.0  32567.11 99 
130644.5  32567.35 99 
130645.0  32566.98 99 
130645.5  32567.55 99 
130646.0  32567.03 99 
130646.5  32567.46 99 
130647.0  32567.59 99 
130647.5  32567.54 99 
130648.0  32567.74 99 
130648.5  32567.61 99 
130649.0  32567.74 99 
130649.5  32567.14 99 
130650.0  32567.14 99 
130650.5  32567.62 99 
130651.0  32567.34 99 
130651.5  32567.52 99 
130652.0  32567.51 99 
130652.5  32567.51 99 
130653.0  32567.76 99 
130653.5  32567.53 99 
130654.0  32567.35 99 
130654.5  32567.24 99 
130655.0  32567.12 99 
130655.5  32567.41 99 
130656.0  32567.67 99 
130656.5  32567.44 99 
130657.0  32567.26 99 
130657.5  32567.64 99 
130658.0  32567.20 99 
130658.5  32567.15 99 
130659.0  32567.10 99 
130659.5  32567.27 99 
130700.0  32567.45 99 
130700.5  32567.24 99 
130701.0  32566.74 99 
130701.5  32567.38 99 
130702.0  32567.37 99 
130702.5  32567.07 99 
130703.0  32566.89 99 
130703.5  32567.38 99 
130704.0  32567.38 99 
130704.5  32567.02 99 
130705.0  32566.90 99 
130705.5  32567.26 99 
130706.0  32567.89 99 
130706.5  32567.21 99 
130707.0  32567.88 99 
130707.5  32567.11 99 
130708.0  32567.22 99 
130708.5  32567.93 99 
130709.0  32567.55 99 
130709.5  32567.39 99 
130710.0  32567.35 99 
130710.5  32567.26 99 
130711.0  32567.10 99 
130711.5  32567.37 99 
130712.0  32567.40 99 
130712.5  32567.70 99 
130713.0  32567.45 99 
130713.5  32567.29 99 
130714.0  32567.12 99 
130714.5  32567.31 99 
130715.0  32567.02 99 
130715.5  32567.51 99 
130716.0  32567.28 99 
130716.5  32566.83 99 
130717.0  32567.69 99 
130717.5  32567.60 99 
130718.0  32567.09 99 
130718.5  32567.17 99 
130719.0  32566.89 99 
130719.5  32567.53 99 
130720.0  32567.09 99 
130720.5  32567.00 99 
130721.0  32566.90 99 
130721.5  32567.49 99 
130722.0  32566.90 99 
130722.5  32567.41 99 
130723.0  32566.96 99 
130723.5  32567.11 99 
130724.0  32567.37 99 
130724.5  32566.92 99 
130725.0  32567.14 99 
130725.5  32566.94 99 
130726.0  32566.85 99 
130726.5  32567.02 99 
130727.0  32567.22 99 
130727.5  32566.98 99 
130728.0  32567.31 99 
130728.5  32567.15 99 
130729.0  32567.43 99 
130729.5  32567.53 99 
130730.0  32567.21 99 
130730.5  32567.26 99 
130731.0  32567.04 99 
130731.5  32567.58 99 
130732.0  32567.31 99 
130732.5  32567.35 99 
130733.0  32566.93 99 
130733.5  32567.37 99 
130734.0  32567.37 99 
130734.5  32568.14 99 
130735.0  32567.09 99 
130735.5  32566.96 99 
130736.0  32567.17 99 
130736.5  32567.23 99 
130737.0  32566.85 99 
130737.5  32566.91 99 
130738.0  32567.07 99 
130738.5  32567.25 99 
130739.0  32566.68 99 
130739.5  32567.16 99 
130740.0  32567.46 99 
130740.5  32567.29 99 
130741.0  32567.04 99 
130741.5  32567.05 99 
130742.0  32567.13 99 
130742.5  32566.91 99 
130743.0  32566.92 99 
130743.5  32567.31 99 
130744.0  32567.07 99 
130744.5  32567.22 99 
130745.0  32567.31 99 
130745.5  32567.23 99 
130746.0  32567.40 99 
130746.5  32567.09 99 
130747.0  32567.38 99 
130747.5  32567.52 99 
130748.0  32567.24 99 
130748.5  32567.38 99 
130749.0  32567.23 99 
130749.5  32566.80 99 
130750.0  32567.24 99 
130750.5  32567.20 99 
130751.0  32567.82 99 
130751.5  32567.15 99 
130752.0  32567.28 99 
130752.5  32567.05 99 
130753.0  32567.00 99 
130753.5  32566.93 99 
130754.0  32567.69 99 
130754.5  32566.55 99 
130755.0  32566.61 99 
130755.5  32567.06 99 
130756.0  32567.01 99 
130756.5  32567.66 99 
130757.0  32566.90 99 
130757.5  32566.74 99 
130758.0  32566.93 99 
130758.5  32567.18 99 
130759.0  32567.04 99 
130759.5  32566.77 99 
130800.0  32566.93 99 
130800.5  32567.25 99 
130801.0  32567.51 99 
130801.5  32566.62 99 
130802.0  32567.06 99 
130802.5  32566.97 99 
130803.0  32567.11 99 
130803.5  32567.08 99 
130804.0  32567.18 99 
130804.5  32566.95 99 
130805.0  32567.41 99 
130805.5  32566.61 99 
130806.0  32567.05 99 
130806.5  32566.82 99 
130807.0  32566.85 99 
130807.5  32566.79 99 
130808.0  32566.75 99 
130808.5  32566.95 99 
130809.0  32567.21 99 
130809.5  32567.19 99 
130810.0  32566.93 99 
130810.5  32566.97 99 
130811.0  32567.04 99 
130811.5  32567.26 99 
130812.0  32567.05 99 
130812.5  32566.92 99 
130813.0  32566.77 99 
130813.5  32567.17 99 
130814.0  32566.67 99 
130814.5  32567.37 98 
130815.0  32566.82 99 
130815.5  32566.86 99 
130816.0  32567.19 99 
130816.5  32566.60 99 
130817.0  32566.99 99 
130817.5  32566.98 99 
130818.0  32567.25 99 
130818.5  32566.57 99 
130819.0  32567.34 99 
130819.5  32566.34 99 
130820.0  32566.69 99 
130820.5  32567.24 99 
130821.0  32567.19 99 
130821.5  32566.68 99 
130822.0  32567.11 99 
130822.5  32566.64 99 
130823.0  32566.78 99 
130823.5  32566.55 99 
130824.0  32566.95 99 
130824.5  32567.19 99 
130825.0  32566.80 99 
130825.5  32567.14 99 
130826.0  32567.32 99 
130826.5  32567.28 99 
130827.0  32567.01 99 
130827.5  32567.30 99 
130828.0  32566.42 99 
130828.5  32567.02 98 
130829.0  32566.84 99 
130829.5  32566.87 99 
130830.0  32567.19 99 
130830.5  32567.38 99 
130831.0  32566.99 99 
130831.5  32567.16 99 
130832.0  32566.05 99 
130832.5  32567.08 99 
130833.0  32566.86 98 
130833.5  32567.18 99 
130834.0  32566.67 99 
130834.5  32566.89 99 
130835.0  32567.15 99 
130835.5  32566.64 99 
130836.0  32566.70 99 
130836.5  32567.08 99 
130837.0  32567.13 99 
130837.5  32566.86 99 
130838.0  32567.09 99 
130838.5  32566.92 99 
130839.0  32567.18 99 
130839.5  32566.65 99 
130840.0  32566.74 99 
130840.5  32567.40 99 
130841.0  32566.43 99 
130841.5  32566.95 99 
130842.0  32566.88 99 
130842.5  32567.10 99 
130843.0  32567.03 99 
130843.5  32567.38 99 
130844.0  32566.84 99 
130844.5  32567.63 99 
130845.0  32567.42 99 
130845.5  32567.11 99 
130846.0  32567.61 99 
130846.5  32567.19 99 
130847.0  32566.49 99 
130847.5  32566.99 99 
130848.0  32567.57 99 
130848.5  32567.19 99 
130849.0  32566.70 99 
130849.5  32566.87 99 
130850.0  32566.82 99 
130850.5  32566.97 99 
130851.0  32566.54 99 
130851.5  32566.59 99 
130852.0  32566.81 99 
130852.5  32566.69 99 
130853.0  32566.86 99 
130853.5  32567.22 99 
130854.0  32567.03 99 
130854.5  32566.78 99 
130855.0  32567.14 99 
130855.5  32567.29 99 
130856.0  32567.34 99 
130856.5  32566.64 99 
130857.0  32566.88 99 
130857.5  32567.14 99 
130858.0  32566.82 99 
130858.5  32566.68 99 
130859.0  32567.16 99 
130859.5  32567.39 99 
130900.0  32566.96 99 
130900.5  32567.20 99 
130901.0  32567.04 99 
130901.5  32567.04 99 
130902.0  32566.93 99 
130902.5  32567.38 99 
130903.0  32566.72 99 
130903.5  32566.73 99 
130904.0  32566.53 99 
130904.5  32567.03 99 
130905.0  32566.84 99 
130905.5  32566.97 99 
130906.0  32566.89 99 
130906.5  32566.97 99 
130907.0  32566.68 99 
130907.5  32567.04 99 
130908.0  32566.94 99 
130908.5  32567.15 99 
130909.0  32567.53 99 
130909.5  32566.77 99 
130910.0  32566.45 99 
130910.5  32566.87 99 
130911.0  32566.94 99 
130911.5  32567.42 99 
130912.0  32566.30 99 
130912.5  32567.06 99 
130913.0  32567.18 99 
130913.5  32567.20 99 
130914.0  32567.11 99 
130914.5  32566.79 99 
130915.0  32566.80 99 
130915.5  32567.51 99 
130916.0  32566.98 99 
130916.5  32567.12 99 
130917.0  32566.94 99 
130917.5  32566.66 99 
130918.0  32567.27 99 
130918.5  32567.58 99 
130919.0  32566.29 99 
130919.5  32567.01 99 
130920.0  32566.79 99 
130920.5  32567.22 99 
130921.0  32566.64 99 
130921.5  32567.07 99 
130922.0  32567.18 99 
130922.5  32566.47 99 
130923.0  32566.63 99 
130923.5  32567.11 99 
130924.0  32566.90 99 
130924.5  32566.49 99 
130925.0  32566.99 99 
130925.5  32566.88 99 
130926.0  32566.78 99 
130926.5  32566.54 99 
130927.0  32566.79 99 
130927.5  32566.86 99 
130928.0  32566.98 99 
130928.5  32566.71 99 
130929.0  32567.08 99 
130929.5  32566.76 99 
130930.0  32566.84 99 
130930.5  32567.01 99 
130931.0  32566.69 99 
130931.5  32566.91 99 
130932.0  32567.33 99 
130932.5  32566.61 99 
130933.0  32567.33 99 
130933.5  32566.81 99 
130934.0  32567.08 99 
130934.5  32567.17 99 
130935.0  32566.87 99 
130935.5  32567.22 99 
130936.0  32566.39 99 
130936.5  32567.11 99 
130937.0  32567.24 99 
130937.5  32567.55 99 
130938.0  32567.13 99 
130938.5  32566.52 99 
130939.0  32566.97 99 
130939.5  32566.98 98 
130940.0  32566.45 99 
130940.5  32566.01 99 
130941.0  32567.23 99 
130941.5  32567.11 99 
130942.0  32566.94 99 
130942.5  32566.84 99 
130943.0  32567.15 99 
130943.5  32567.11 99 
130944.0  32566.86 98 
130944.5  32566.44 99 
130945.0  32566.47 99 
130945.5  32566.79 99 
130946.0  32566.34 99 
130946.5  32566.97 99 
130947.0  32567.47 99 
130947.5  32567.08 99 
130948.0  32567.44 99 
130948.5  32567.16 99 
130949.0  32566.48 99 
130949.5  32566.96 99 
130950.0  32567.01 99 
130950.5  32566.64 99 
130951.0  32567.14 99 
130951.5  32566.75 99 
130952.0  32567.05 99 
130952.5  32567.18 99 
130953.0  32567.17 99 
130953.5  32567.35 99 
130954.0  32566.81 99 
130954.5  32567.10 99 
130955.0  32566.21 99 
130955.5  32566.73 99 
130956.0  32566.92 99 
130956.5  32566.65 99 
130957.0  32566.87 99 
130957.5  32566.41 99 
130958.0  32566.69 99 
130958.5  32567.21 99 
130959.0  32567.20 99 
130959.5  32566.98 99 
131000.0  32566.74 99 
131000.5  32566.53 99 
131001.0  32566.82 99 
131001.5  32567.08 99 
131002.0  32567.02 99 
131002.5  32567.11 99 
131003.0  32566.89 99 
131003.5  32566.86 99 
131004.0  32566.62 99 
131004.5  32566.79 99 
131005.0  32566.72 99 
131005.5  32566.94 99 
131006.0  32566.65 99 
131006.5  32567.44 99 
131007.0  32567.30 99 
131007.5  32566.95 99 
131008.0  32567.03 99 
131008.5  32567.07 99 
131009.0  32566.35 99 
131009.5  32567.32 99 
131010.0  32566.87 99 
131010.5  32566.77 99 
131011.0  32566.88 99 
131011.5  32566.81 99 
131012.0  32566.81 99 
131012.5  32566.78 99 
131013.0  32567.34 99 
131013.5  32566.83 99 
131014.0  32566.41 99 
131014.5  32566.52 99 
131015.0  32566.93 99 
131015.5  32566.83 99 
131016.0  32566.50 99 
131016.5  32566.99 99 
131017.0  32566.74 99 
131017.5  32566.70 99 
131018.0  32567.02 99 
131018.5  32567.33 99 
131019.0  32566.66 99 
131019.5  32566.82 99 
131020.0  32566.70 99 
131020.5  32567.18 99 
131021.0  32566.80 99 
131021.5  32566.37 99 
131022.0  32567.13 99 
131022.5  32566.60 99 
131023.0  32567.25 99 
131023.5  32566.91 99 
131024.0  32567.14 99 
131024.5  32566.70 99 
131025.0  32566.92 99 
131025.5  32566.91 99 
131026.0  32566.62 99 
131026.5  32566.40 99 
131027.0  32566.42 99 
131027.5  32567.00 99 
131028.0  32566.39 99 
131028.5  32567.19 99 
131029.0  32566.89 99 
131029.5  32566.66 99 
131030.0  32566.50 99 
131030.5  32566.91 99 
131031.0  32566.84 99 
131031.5  32566.86 99 
131032.0  32567.00 99 
131032.5  32566.83 99 
131033.0  32566.79 99 
131033.5  32566.63 99 
131034.0  32566.77 99 
131034.5  32567.03 99 
131035.0  32566.47 99 
131035.5  32566.89 99 
131036.0  32566.99 99 
131036.5  32566.83 99 
131037.0  32566.78 99 
131037.5  32567.19 99 
131038.0  32566.54 99 
131038.5  32567.34 99 
131039.0  32566.69 99 
131039.5  32566.18 99 
131040.0  32567.13 99 
131040.5  32566.87 99 
131041.0  32566.64 99 
131041.5  32566.82 99 
131042.0  32566.68 99 
131042.5  32566.51 99 
131043.0  32566.90 99 
131043.5  32567.41 99 
131044.0  32567.08 99 
131044.5  32566.77 99 
131045.0  32566.59 99 
131045.5  32567.41 99 
131046.0  32566.87 99 
131046.5  32566.62 99 
131047.0  32567.24 99 
131047.5  32566.61 99 
131048.0  32566.46 99 
131048.5  32567.27 99 
131049.0  32566.63 99 
131049.5  32566.77 99 
131050.0  32566.94 99 
131050.5  32567.54 99 
131051.0  32566.45 99 
131051.5  32567.33 99 
131052.0  32566.90 99 
131052.5  32566.88 99 
131053.0  32566.59 99 
131053.5  32567.27 99 
131054.0  32566.54 99 
131054.5  32566.93 99 
131055.0  32566.97 99 
131055.5  32566.07 99 
131056.0  32566.87 99 
131056.5  32566.75 99 
131057.0  32567.30 99 
131057.5  32566.97 99 
131058.0  32566.67 99 
131058.5  32566.66 99 
131059.0  32567.29 99 
131059.5  32567.18 99 
131100.0  32566.66 99 
131100.5  32566.97 99 
131101.0  32566.32 99 
131101.5  32566.73 99 
131102.0  32566.64 99 
131102.5  32566.31 99 
131103.0  32566.85 99 
131103.5  32566.93 99 
131104.0  32567.18 99 
131104.5  32567.19 99 
131105.0  32567.17 99 
131105.5  32566.96 99 
131106.0  32566.78 99 
131106.5  32566.74 99 
131107.0  32566.72 99 
131107.5  32566.51 99 
131108.0  32566.83 99 
131108.5  32567.00 99 
131109.0  32567.27 99 
131109.5  32566.83 99 
131110.0  32566.66 99 
131110.5  32567.04 99 
131111.0  32567.06 99 
131111.5  32566.92 99 
131112.0  32567.36 99 
131112.5  32566.58 99 
131113.0  32566.89 99 
131113.5  32566.53 99 
131114.0  32566.70 99 
131114.5  32566.52 99 
131115.0  32566.82 99 
131115.5  32566.86 99 
131116.0  32566.55 99 
131116.5  32566.76 99 
131117.0  32566.54 99 
131117.5  32566.74 99 
131118.0  32566.35 99 
131118.5  32566.35 99 
131119.0  32566.38 99 
131119.5  32567.61 99 
131120.0  32566.59 99 
131120.5  32566.51 99 
131121.0  32566.97 99 
131121.5  32566.36 99 
131122.0  32566.97 99 
131122.5  32566.75 99 
131123.0  32566.88 99 
131123.5  32566.97 99 
131124.0  32566.85 99 
131124.5  32566.86 99 
131125.0  32566.54 99 
131125.5  32566.79 99 
131126.0  32566.45 99 
131126.5  32566.79 99 
131127.0  32566.76 99 
131127.5  32566.69 99 
131128.0  32566.85 99 
131128.5  32566.65 99 
131129.0  32567.03 99 
131129.5  32566.82 99 
131130.0  32566.43 99 
131130.5  32566.79 99 
131131.0  32566.85 99 
131131.5  32566.56 99 
131132.0  32566.62 99 
131132.5  32566.59 99 
131133.0  32566.40 99 
131133.5  32566.47 99 
131134.0  32566.86 99 
131134.5  32566.75 99 
131135.0  32567.13 99 
131135.5  32566.56 99 
131136.0  32566.36 99 
131136.5  32566.71 99 
131137.0  32566.75 99 
131137.5  32567.11 99 
131138.0  32567.03 99 
131138.5  32566.56 99 
131139.0  32566.65 99 
131139.5  32566.23 99 
131140.0  32566.94 99 
131140.5  32566.63 99 
131141.0  32566.96 99 
131141.5  32566.54 99 
131142.0  32566.69 99 
131142.5  32566.36 99 
131143.0  32566.60 99 
131143.5  32566.13 99 
131144.0  32566.67 99 
131144.5  32566.67 99 
131145.0  32566.50 99 
131145.5  32566.63 99 
131146.0  32566.86 99 
131146.5  32566.41 99 
131147.0  32566.90 99 
131147.5  32566.78 99 
131148.0  32566.56 99 
131148.5  32566.50 99 
131149.0  32566.84 99 
131149.5  32566.61 99 
131150.0  32566.49 99 
131150.5  32566.89 99 
131151.0  32566.80 99 
131151.5  32566.55 99 
131152.0  32566.66 99 
131152.5  32566.28 99 
131153.0  32566.61 99 
131153.5  32566.60 99 
131154.0  32566.08 99 
131154.5  32566.10 99 
131155.0  32566.57 99 
131155.5  32567.10 99 
131156.0  32566.09 99 
131156.5  32566.56 99 
131157.0  32566.31 99 
131157.5  32566.52 99 
131158.0  32566.21 99 
131158.5  32566.65 99 
131159.0  32566.45 99 
131159.5  32566.49 99 
131200.0  32566.15 99 
131200.5  32566.51 99 
131201.0  32566.18 99 
131201.5  32566.38 99 
131202.0  32566.23 99 
131202.5  32566.20 99 
131203.0  32566.08 99 
131203.5  32566.26 99 
131204.0  32566.68 99 
131204.5  32566.24 99 
131205.0  32566.63 99 
131205.5  32566.65 99 
131206.0  32565.98 99 
131206.5  32566.66 99 
131207.0  32566.30 99 
131207.5  32566.82 99 
131208.0  32567.11 99 
131208.5  32566.39 99 
131209.0  32566.64 99 
131209.5  32566.85 99 
131210.0  32566.94 99 
131210.5  32565.98 99 
131211.0  32565.79 99 
131211.5  32566.73 99 
131212.0  32566.27 99 
131212.5  32566.66 99 
131213.0  32566.06 99 
131213.5  32566.01 99 
131214.0  32566.43 99 
131214.5  32566.74 99 
131215.0  32566.78 99 
131215.5  32566.18 99 
131216.0  32566.35 99 
131216.5  32566.37 99 
131217.0  32566.67 99 
131217.5  32566.27 99 
131218.0  32566.48 99 
131218.5  32565.96 99 
131219.0  32566.38 99 
131219.5  32566.81 99 
131220.0  32565.98 99 
131220.5  32566.66 99 
131221.0  32566.33 99 
131221.5  32565.85 99 
131222.0  32566.22 99 
131222.5  32566.65 99 
131223.0  32566.47 99 
131223.5  32566.40 99 
131224.0  32566.14 99 
131224.5  32566.20 99 
131225.0  32566.46 99 
131225.5  32566.25 99 
131226.0  32566.35 99 
131226.5  32565.87 99 
131227.0  32566.53 99 
131227.5  32565.77 99 
131228.0  32567.06 99 
131228.5  32566.16 99 
131229.0  32566.19 99 
131229.5  32565.92 99 
131230.0  32566.47 99 
131230.5  32566.73 99 
131231.0  32566.16 99 
131231.5  32565.90 99 
131232.0  32566.48 99 
131232.5  32566.07 99 
131233.0  32566.47 99 
131233.5  32566.18 99 
131234.0  32566.22 99 
131234.5  32565.88 99 
131235.0  32566.21 99 
131235.5  32566.04 99 
131236.0  32566.37 99 
131236.5  32566.50 99 
131237.0  32565.69 99 
131237.5  32565.67 99 
131238.0  32565.73 99 
131238.5  32566.02 99 
131239.0  32565.77 99 
131239.5  32566.03 99 
131240.0  32565.92 99 
131240.5  32565.42 99 
131241.0  32565.96 99 
131241.5  32565.62 99 
131242.0  32566.09 99 
131242.5  32566.33 99 
131243.0  32565.67 99 
131243.5  32566.11 99 
131244.0  32566.27 99 
131244.5  32566.18 99 
131245.0  32566.09 99 
131245.5  32565.65 99 
131246.0  32565.84 99 
131246.5  32566.03 99 
131247.0  32565.75 99 
131247.5  32565.96 99 
131248.0  32565.42 99 
131248.5  32565.92 99 
131249.0  32566.14 99 
131249.5  32566.32 99 
131250.0  32565.85 99 
131250.5  32565.93 99 
131251.0  32565.78 99 
131251.5  32566.33 99 
131252.0  32566.35 99 
131252.5  32565.89 99 
131253.0  32565.36 99 
131253.5  32565.44 99 
131254.0  32565.76 99 
131254.5  32566.37 99 
131255.0  32566.51 99 
131255.5  32566.57 99 
131256.0  32566.27 99 
131256.5  32565.71 99 
131257.0  32565.61 99 
131257.5  32566.34 99 
131258.0  32565.97 99 
131258.5  32565.68 99 
131259.0  32565.82 99 
131259.5  32566.20 99 
131300.0  32565.74 99 
131300.5  32565.90 99 
131301.0  32565.91 99 
131301.5  32566.01 99 
131302.0  32565.73 99 
131302.5  32566.04 99 
131303.0  32565.86 99 
131303.5  32565.67 99 
131304.0  32566.34 99 
131304.5  32566.16 99 
131305.0  32565.35 99 
131305.5  32566.28 99 
131306.0  32565.85 99 
131306.5  32565.99 99 
131307.0  32566.26 99 
131307.5  32566.01 99 
131308.0  32565.94 99 
131308.5  32565.78 99 
131309.0  32565.88 99 
131309.5  32565.31 99 
131310.0  32565.92 99 
131310.5  32565.36 99 
131311.0  32565.46 99 
131311.5  32565.50 99 
131312.0  32565.67 99 
131312.5  32565.59 99 
131313.0  32565.90 99 
131313.5  32566.03 99 
131314.0  32565.65 99 
131314.5  32565.76 99 
131315.0  32565.50 99 
131315.5  32565.67 99 
131316.0  32565.75 99 
131316.5  32565.64 99 
131317.0  32565.80 99 
131317.5  32565.97 99 
131318.0  32565.30 99 
131318.5  32565.23 99 
131319.0  32565.37 99 
131319.5  32565.83 99 
131320.0  32565.50 99 
131320.5  32565.46 99 
131321.0  32565.81 99 
131321.5  32565.58 99 
131322.0  32565.21 99 
131322.5  32565.85 99 
131323.0  32565.91 99 
131323.5  32565.72 99 
131324.0  32565.73 99 
131324.5  32565.69 99 
131325.0  32565.34 99 
131325.5  32565.91 99 
131326.0  32565.78 99 
131326.5  32565.79 99 
131327.0  32565.46 99 
131327.5  32566.09 99 
131328.0  32565.62 99 
131328.5  32565.85 99 
131329.0  32565.27 99 
131329.5  32565.82 99 
131330.0  32565.77 99 
131330.5  32565.72 99 
131331.0  32565.57 99 
131331.5  32565.83 99 
131332.0  32565.73 99 
131332.5  32565.49 99 
131333.0  32565.80 99 
131333.5  32565.52 99 
131334.0  32565.54 99 
131334.5  32565.76 99 
131335.0  32566.03 99 
131335.5  32565.60 99 
131336.0  32565.90 99 
131336.5  32565.69 99 
131337.0  32565.47 99 
131337.5  32565.91 99 
131338.0  32565.94 99 
131338.5  32565.88 99 
131339.0  32565.74 99 
131339.5  32565.56 99 
131340.0  32565.95 99 
131340.5  32565.13 99 
131341.0  32565.85 99 
131341.5  32565.63 99 
131342.0  32565.52 99 
131342.5  32565.90 99 
131343.0  32565.87 99 
131343.5  32566.18 99 
131344.0  32565.28 99 
131344.5  32565.54 99 
131345.0  32565.61 99 
131345.5  32565.69 99 
131346.0  32565.87 99 
131346.5  32564.83 99 
131347.0  32565.93 99 
131347.5  32565.58 99 
131348.0  32565.57 99 
131348.5  32565.22 99 
131349.0  32565.67 99 
131349.5  32565.74 99 
131350.0  32565.41 99 
131350.5  32565.33 99 
131351.0  32565.57 99 
131351.5  32565.53 99 
131352.0  32565.22 99 
131352.5  32565.51 99 
131353.0  32565.39 99 
131353.5  32565.64 99 
131354.0  32565.95 99 
131354.5  32565.33 99 
131355.0  32565.80 99 
131355.5  32565.25 99 
131356.0  32565.07 99 
131356.5  32565.19 99 
131357.0  32565.02 99 
131357.5  32565.67 99 
131358.0  32565.16 99 
131358.5  32565.35 99 
131359.0  32565.39 99 
131359.5  32565.45 99 
131400.0  32565.41 99 
131400.5  32565.55 98 
131401.0  32564.88 99 
131401.5  32565.85 99 
131402.0  32565.39 99 
131402.5  32566.09 99 
131403.0  32564.99 99 
131403.5  32565.22 99 
131404.0  32564.94 99 
131404.5  32565.54 99 
131405.0  32565.55 99 
131405.5  32565.59 99 
131406.0  32564.95 99 
131406.5  32565.42 99 
131407.0  32565.11 99 
131407.5  32565.43 99 
131408.0  32565.63 99 
131408.5  32565.17 99 
131409.0  32564.85 99 
131409.5  32565.03 99 
131410.0  32565.30 99 
131410.5  32565.32 99 
131411.0  32565.23 99 
131411.5  32565.49 99 
131412.0  32565.27 99 
131412.5  32565.15 99 
131413.0  32565.00 99 
131413.5  32565.64 99 
131414.0  32565.85 99 
131414.5  32565.38 99 
131415.0  32565.40 99 
131415.5  32565.35 99 
131416.0  32564.80 99 
131416.5  32565.27 99 
131417.0  32565.06 99 
131417.5  32565.44 99 
131418.0  32564.99 99 
131418.5  32565.52 99 
131419.0  32565.59 99 
131419.5  32565.19 99 
131420.0  32565.05 99 
131420.5  32564.93 99 
131421.0  32565.66 99 
131421.5  32565.60 99 
131422.0  32564.82 99 
131422.5  32564.97 99 
131423.0  32565.55 99 
131423.5  32565.59 99 
131424.0  32565.62 99 
131424.5  32565.37 99 
131425.0  32565.17 99 
131425.5  32564.91 99 
131426.0  32565.13 99 
131426.5  32565.57 99 
131427.0  32565.26 99 
131427.5  32565.66 99 
131428.0  32565.20 99 
131428.5  32565.17 99 
131429.0  32564.98 99 
131429.5  32564.99 99 
131430.0  32565.67 99 
131430.5  32565.38 99 
131431.0  32565.36 99 
131431.5  32565.56 99 
131432.0  32565.43 99 
131432.5  32565.14 99 
131433.0  32564.68 99 
131433.5  32565.49 99 
131434.0  32564.88 99 
131434.5  32565.07 99 
131435.0  32565.18 98 
131435.5  32565.06 99 
131436.0  32565.46 99 
131436.5  32565.17 99 
131437.0  32564.93 99 
131437.5  32565.24 99 
131438.0  32565.16 99 
131438.5  32565.64 99 
131439.0  32564.90 99 
131439.5  32565.24 99 
131440.0  32565.47 99 
131440.5  32565.21 99 
131441.0  32565.23 99 
131441.5  32564.63 99 
131442.0  32565.56 99 
131442.5  32565.68 99 
131443.0  32565.23 99 
131443.5  32565.15 99 
131444.0  32565.28 99 
131444.5  32565.69 99 
131445.0  32565.08 99 
131445.5  32564.68 99 
131446.0  32565.18 99 
131446.5  32565.23 99 
131447.0  32565.10 99 
131447.5  32565.62 99 
131448.0  32565.55 99 
131448.5  32565.26 99 
131449.0  32564.75 99 
131449.5  32564.92 99 
131450.0  32565.13 99 
131450.5  32565.36 99 
131451.0  32565.12 99 
131451.5  32565.39 99 
131452.0  32565.48 99 
131452.5  32565.02 99 
131453.0  32565.21 99 
131453.5  32565.45 99 
131454.0  32564.90 99 
131454.5  32565.20 99 
131455.0  32564.82 99 
131455.5  32564.68 99 
131456.0  32565.29 99 
131456.5  32565.39 99 
131457.0  32565.51 99 
131457.5  32565.35 99 
131458.0  32565.18 99 
131458.5  32564.89 99 
131459.0  32565.25 99 
131459.5  32565.52 99 
131500.0  32564.89 99 
131500.5  32564.95 99 
131501.0  32565.06 99 
131501.5  32564.55 99 
131502.0  32565.43 99 
131502.5  32564.99 99 
131503.0  32565.20 99 
131503.5  32564.92 99 
131504.0  32565.12 99 
131504.5  32565.03 99 
131505.0  32564.87 99 
131505.5  32564.94 99 
131506.0  32565.44 99 
131506.5  32565.43 99 
131507.0  32565.09 99 
131507.5  32565.44 99 
131508.0  32565.09 99 
131508.5  32565.34 99 
131509.0  32564.92 99 
131509.5  32564.68 99 
131510.0  32565.09 99 
131510.5  32565.07 99 
131511.0  32564.61 99 
131511.5  32564.16 99 
131512.0  32565.26 99 
131512.5  32564.91 99 
131513.0  32564.75 99 
131513.5  32564.63 99 
131514.0  32564.63 99 
131514.5  32565.09 99 
131515.0  32564.94 99 
131515.5  32564.95 99 
131516.0  32565.06 98 
131516.5  32565.18 99 
131517.0  32565.09 99 
131517.5  32565.59 99 
131518.0  32565.04 99 
131518.5  32565.03 99 
131519.0  32564.97 99 
131519.5  32564.61 99 
131520.0  32564.91 99 
131520.5  32564.72 99 
131521.0  32564.91 99 
131521.5  32564.76 99 
131522.0  32565.24 99 
131522.5  32564.71 99 
131523.0  32564.61 99 
131523.5  32564.93 99 
131524.0  32564.61 99 
131524.5  32564.70 99 
131525.0  32565.02 99 
131525.5  32564.58 99 
131526.0  32564.32 99 
131526.5  32564.65 99 
131527.0  32565.02 99 
131527.5  32564.93 99 
131528.0  32564.70 99 
131528.5  32565.19 99 
131529.0  32564.88 99 
131529.5  32564.85 99 
131530.0  32564.93 99 
131530.5  32564.77 99 
131531.0  32564.86 99 
131531.5  32564.57 99 
131532.0  32564.64 99 
131532.5  32564.83 99 
131533.0  32564.32 99 
131533.5  32564.79 99 
131534.0  32564.91 99 
131534.5  32565.44 99 
131535.0  32564.38 99 
131535.5  32564.56 99 
131536.0  32564.81 99 
131536.5  32565.04 99 
131537.0  32564.81 99 
131537.5  32564.60 99 
131538.0  32564.68 99 
131538.5  32564.93 99 
131539.0  32565.10 99 
131539.5  32564.69 99 
131540.0  32564.79 99 
131540.5  32564.41 99 
131541.0  32564.72 99 
131541.5  32564.93 99 
131542.0  32564.71 99 
131542.5  32564.71 99 
131543.0  32564.71 99 
131543.5  32564.34 99 
131544.0  32565.10 99 
131544.5  32564.79 99 
131545.0  32564.70 99 
131545.5  32564.68 99 
131546.0  32564.79 99 
131546.5  32565.31 99 
131547.0  32564.76 99 
131547.5  32565.27 99 
131548.0  32565.00 99 
131548.5  32564.60 99 
131549.0  32564.75 99 
131549.5  32564.52 99 
131550.0  32564.83 99 
131550.5  32565.14 99 
131551.0  32564.88 99 
131551.5  32564.04 99 
131552.0  32564.39 99 
131552.5  32564.74 99 
131553.0  32564.87 99 
131553.5  32564.58 99 
131554.0  32564.45 99 
131554.5  32564.82 99 
131555.0  32564.61 99 
131555.5  32564.51 99 
131556.0  32564.83 99 
131556.5  32564.91 99 
131557.0  32564.68 99 
131557.5  32565.04 99 
131558.0  32565.20 99 
131558.5  32564.60 99 
131559.0  32564.84 99 
131559.5  32564.76 99 
131600.0  32564.59 99 
131600.5  32564.63 99 
131601.0  32564.95 99 
131601.5  32564.27 99 
131602.0  32564.71 99 
131602.5  32564.60 99 
131603.0  32564.82 99 
131603.5  32565.06 99 
131604.0  32564.80 99 
131604.5  32564.77 99 
131605.0  32564.48 99 
131605.5  32564.21 99 
131606.0  32563.90 99 
131606.5  32564.91 99 
131607.0  32565.06 99 
131607.5  32564.42 98 
131608.0  32564.67 99 
131608.5  32564.24 99 
131609.0  32564.49 99 
131609.5  32564.58 99 
131610.0  32564.93 99 
131610.5  32564.44 99 
131611.0  32564.75 99 
131611.5  32564.71 99 
131612.0  32564.58 99 
131612.5  32564.61 99 
131613.0  32564.17 99 
131613.5  32564.62 99 
131614.0  32564.33 99 
131614.5  32564.64 99 
131615.0  32564.10 99 
131615.5  32564.63 99 
131616.0  32564.75 99 
131616.5  32565.26 99 
131617.0  32564.64 99 
131617.5  32564.46 99 
131618.0  32564.74 99 
131618.5  32564.69 99 
131619.0  32564.53 99 
131619.5  32564.49 99 
131620.0  32564.52 99 
131620.5  32564.57 99 
131621.0  32564.39 99 
131621.5  32564.35 99 
131622.0  32564.66 99 
131622.5  32564.56 99 
131623.0  32564.38 99 
131623.5  32564.35 99 
131624.0  32564.18 99 
131624.5  32564.56 99 
131625.0  32564.99 99 
131625.5  32565.23 99 
131626.0  32564.86 98 
131626.5  32564.39 99 
131627.0  32564.34 99 
131627.5  32564.38 99 
131628.0  32564.34 99 
131628.5  32564.59 99 
131629.0  32564.31 99 
131629.5  32564.26 99 
131630.0  32564.69 99 
131630.5  32564.37 99 
131631.0  32564.60 99 
131631.5  32564.50 99 
131632.0  32564.24 99 
131632.5  32564.68 99 
131633.0  32564.79 99 
131633.5  32564.31 99 
131634.0  32564.42 99 
131634.5  32564.69 99 
131635.0  32564.27 99 
131635.5  32564.27 99 
131636.0  32564.86 99 
131636.5  32564.42 99 
131637.0  32564.30 99 
131637.5  32564.72 99 
131638.0  32564.69 99 
131638.5  32564.14 99 
131639.0  32564.32 99 
131639.5  32564.08 99 
131640.0  32564.08 99 
131640.5  32564.21 99 
131641.0  32564.52 99 
131641.5  32563.89 99 
131642.0  32564.27 99 
131642.5  32564.74 99 
131643.0  32564.30 99 
131643.5  32564.83 99 
131644.0  32564.25 99 
131644.5  32564.29 99 
131645.0  32564.25 99 
131645.5  32564.50 99 
131646.0  32564.42 99 
131646.5  32564.70 99 
131647.0  32563.10 99 
131647.5  32564.22 99 
131648.0  32564.11 99 
131648.5  32564.17 99 
131649.0  32564.72 99 
131649.5  32564.10 99 
131650.0  32564.35 99 
131650.5  32564.22 99 
131651.0  32564.40 99 
131651.5  32564.49 99 
131652.0  32564.49 99 
131652.5  32564.30 99 
131653.0  32563.87 99 
131653.5  32564.57 99 
131654.0  32563.83 99 
131654.5  32564.53 99 
131655.0  32564.57 99 
131655.5  32563.87 99 
131656.0  32564.44 99 
131656.5  32564.02 99 
131657.0  32564.27 99 
131657.5  32564.41 99 
131658.0  32564.59 99 
131658.5  32564.26 99 
131659.0  32564.41 99 
131659.5  32564.76 99 
131700.0  32564.68 99 
131700.5  32564.29 99 
131701.0  32564.85 99 
131701.5  32564.95 99 
131702.0  32564.67 99 
131702.5  32564.67 99 
131703.0  32564.27 99 
131703.5  32564.31 99 
131704.0  32564.75 99 
131704.5  32564.41 99 
131705.0  32564.44 99 
131705.5  32564.26 99 
131706.0  32564.54 99 
131706.5  32564.82 99 
131707.0  32564.01 99 
131707.5  32564.48 99 
131708.0  32564.02 99 
131708.5  32564.24 99 
131709.0  32564.37 99 
131709.5  32564.24 99 
131710.0  32563.90 99 
131710.5  32564.60 99 
131711.0  32564.06 99 
131711.5  32564.15 99 
131712.0  32564.40 99 
131712.5  32564.90 99 
131713.0  32564.15 99 
131713.5  32564.45 99 
131714.0  32564.56 99 
131714.5  32564.23 99 
131715.0  32564.40 99 
131715.5  32564.14 99 
131716.0  32564.02 99 
131716.5  32564.29 99 
131717.0  32563.73 99 
131717.5  32564.41 99 
131718.0  32564.50 99 
131718.5  32564.14 99 
131719.0  32564.18 99 
131719.5  32564.25 99 
131720.0  32564.21 99 
131720.5  32564.11 99 
131721.0  32564.12 99 
131721.5  32563.95 99 
131722.0  32564.62 99 
131722.5  32563.77 99 
131723.0  32564.61 99 
131723.5  32564.18 99 
131724.0  32564.57 99 
131724.5  32564.65 99 
131725.0  32564.18 99 
131725.5  32564.26 99 
131726.0  32563.76 99 
131726.5  32564.50 99 
131727.0  32564.08 99 
131727.5  32564.03 99 
131728.0  32564.72 99 
131728.5  32564.57 99 
131729.0  32564.35 99 
131729.5  32563.87 99 
131730.0  32564.77 99 
131730.5  32564.14 99 
131731.0  32564.10 99 
131731.5  32564.98 99 
131732.0  32564.37 99 
131732.5  32564.46 99 
131733.0  32563.91 99 
131733.5  32564.22 99 
131734.0  32564.12 99 
131734.5  32564.07 99 
131735.0  32563.87 99 
131735.5  32564.39 99 
131736.0  32564.48 99 
131736.5  32564.07 99 
131737.0  32564.35 99 
131737.5  32563.46 99 
131738.0  32563.74 99 
131738.5  32564.41 99 
131739.0  32564.12 99 
131739.5  32564.27 99 
131740.0  32564.00 99 
131740.5  32563.99 99 
131741.0  32564.31 99 
131741.5  32563.70 99 
131742.0  32563.62 99 
131742.5  32564.32 99 
131743.0  32563.96 99 
131743.5  32563.96 99 
131744.0  32564.65 99 
131744.5  32564.58 99 
131745.0  32563.19 99 
131745.5  32564.34 99 
131746.0  32564.35 99 
131746.5  32564.08 99 
131747.0  32564.27 99 
131747.5  32563.87 99 
131748.0  32564.07 99 
131748.5  32564.05 99 
131749.0  32564.20 99 
131749.5  32564.04 99 
131750.0  32564.01 99 
131750.5  32563.95 99 
131751.0  32563.72 99 
131751.5  32564.71 99 
131752.0  32564.58 99 
131752.5  32563.96 99 
131753.0  32564.24 99 
131753.5  32563.65 99 
131754.0  32564.49 99 
131754.5  32564.28 99 
131755.0  32564.12 99 
131755.5  32563.92 99 
131756.0  32563.77 99 
131756.5  32564.08 99 
131757.0  32563.62 99 
131757.5  32563.83 99 
131758.0  32564.04 99 
131758.5  32564.06 99 
131759.0  32563.85 99 
131759.5  32564.06 99 
131800.0  32563.75 99 
131800.5  32564.45 99 
131801.0  32564.08 99 
131801.5  32564.23 99 
131802.0  32563.84 99 
131802.5  32564.04 99 
131803.0  32563.96 99 
131803.5  32563.95 99 
131804.0  32564.03 99 
131804.5  32564.25 99 
131805.0  32564.27 99 
131805.5  32563.57 99 
131806.0  32563.95 99 
131806.5  32563.58 99 
131807.0  32563.56 99 
131807.5  32564.21 99 
131808.0  32564.11 99 
131808.5  32563.71 99 
131809.0  32564.55 99 
131809.5  32564.29 99 
131810.0  32563.97 99 
131810.5  32563.82 99 
131811.0  32564.12 99 
131811.5  32564.21 99 
131812.0  32564.08 99 
131812.5  32563.40 99 
131813.0  32564.03 99 
131813.5  32564.58 99 
131814.0  32563.98 99 
131814.5  32563.97 99 
131815.0  32563.54 99 
131815.5  32563.74 99 
131816.0  32563.86 99 
131816.5  32564.05 99 
131817.0  32563.44 99 
131817.5  32563.62 99 
131818.0  32564.07 99 
131818.5  32564.54 99 
131819.0  32563.94 99 
131819.5  32564.18 99 
131820.0  32564.25 99 
131820.5  32564.10 99 
131821.0  32563.80 99 
131821.5  32563.72 99 
131822.0  32564.07 99 
131822.5  32564.11 99 
131823.0  32563.77 99 
131823.5  32564.07 99 
131824.0  32563.91 99 
131824.5  32563.84 99 
131825.0  32564.02 99 
131825.5  32564.26 99 
131826.0  32564.51 99 
131826.5  32563.87 99 
131827.0  32563.46 99 
131827.5  32563.73 99 
131828.0  32563.79 99 
131828.5  32564.00 99 
131829.0  32564.14 99 
131829.5  32564.53 99 
131830.0  32563.71 99 
131830.5  32563.75 99 
131831.0  32564.24 99 
131831.5  32564.20 99 
131832.0  32563.88 99 
131832.5  32563.89 99 
131833.0  32563.88 99 
131833.5  32563.35 99 
131834.0  32563.81 99 
131834.5  32563.42 99 
131835.0  32564.03 99 
131835.5  32563.83 99 
131836.0  32564.43 99 
131836.5  32564.33 99 
131837.0  32563.95 99 
131837.5  32563.50 99 
131838.0  32564.53 99 
131838.5  32564.41 99 
131839.0  32564.62 99 
131839.5  32563.94 99 
131840.0  32563.42 99 
131840.5  32564.23 99 
131841.0  32563.68 99 
131841.5  32563.40 99 
131842.0  32563.84 99 
131842.5  32563.62 99 
131843.0  32563.75 99 
131843.5  32564.00 99 
131844.0  32564.19 99 
131844.5  32563.59 99 
131845.0  32563.73 99 
131845.5  32564.32 99 
131846.0  32563.59 99 
131846.5  32563.93 99 
131847.0  32564.06 99 
131847.5  32563.66 99 
131848.0  32563.64 99 
131848.5  32563.71 99 
131849.0  32564.15 99 
131849.5  32563.36 99 
131850.0  32563.80 99 
131850.5  32564.08 99 
131851.0  32564.11 99 
131851.5  32563.93 99 
131852.0  32564.08 99 
131852.5  32563.49 99 
131853.0  32563.75 99 
131853.5  32563.66 99 
131854.0  32563.82 99 
131854.5  32563.33 99 
131855.0  32563.95 99 
131855.5  32563.72 99 
131856.0  32563.73 99 
131856.5  32563.69 99 
131857.0  32563.53 99 
131857.5  32564.02 99 
131858.0  32563.29 99 
131858.5  32563.77 99 
131859.0  32563.56 99 
131859.5  32563.96 99 
131900.0  32563.90 99 
131900.5  32564.10 99 
131901.0  32563.49 99 
131901.5  32563.66 99 
131902.0  32563.38 99 
131902.5  32564.14 99 
131903.0  32563.52 99 
131903.5  32563.38 99 
131904.0  32563.47 99 
131904.5  32563.60 99 
131905.0  32563.59 99 
131905.5  32563.44 99 
131906.0  32563.66 99 
131906.5  32563.67 99 
131907.0  32563.92 99 
131907.5  32563.39 99 
131908.0  32563.54 99 
131908.5  32563.84 99 
131909.0  32563.54 99 
131909.5  32563.87 99 
131910.0  32563.61 99 
131910.5  32563.38 99 
131911.0  32564.05 99 
131911.5  32563.82 99 
131912.0  32563.16 99 
131912.5  32564.11 99 
131913.0  32563.73 99 
131913.5  32563.57 99 
131914.0  32563.44 99 
131914.5  32563.53 99 
131915.0  32563.37 99 
131915.5  32562.99 99 
131916.0  32564.16 99 
131916.5  32563.61 99 
131917.0  32563.62 99 
131917.5  32563.85 99 
131918.0  32564.22 99 
131918.5  32564.19 99 
131919.0  32563.82 99 
131919.5  32563.77 99 
131920.0  32563.79 99 
131920.5  32562.96 99 
131921.0  32563.93 99 
131921.5  32563.76 99 
131922.0  32563.67 99 
131922.5  32563.30 99 
131923.0  32563.33 99 
131923.5  32563.74 99 
131924.0  32563.24 99 
131924.5  32564.11 99 
131925.0  32563.97 99 
131925.5  32563.84 99 
131926.0  32563.59 99 
131926.5  32563.79 99 
131927.0  32563.84 99 
131927.5  32563.54 99 
131928.0  32563.46 99 
131928.5  32563.83 99 
131929.0  32563.73 99 
131929.5  32564.00 99 
131930.0  32563.64 99 
131930.5  32563.45 99 
131931.0  32563.97 99 
131931.5  32563.44 99 
131932.0  32563.10 99 
131932.5  32563.62 99 
131933.0  32563.61 99 
131933.5  32563.28 99 
131934.0  32563.53 99 
131934.5  32563.20 99 
131935.0  32563.57 99 
131935.5  32563.41 99 
131936.0  32563.47 99 
131936.5  32563.75 99 
131937.0  32563.17 99 
131937.5  32563.46 99 
131938.0  32563.60 99 
131938.5  32563.71 99 
131939.0  32563.49 99 
131939.5  32563.40 99 
131940.0  32563.45 99 
131940.5  32563.49 99 
131941.0  32563.56 99 
131941.5  32563.39 99 
131942.0  32563.13 99 
131942.5  32563.32 99 
131943.0  32563.04 99 
131943.5  32563.82 99 
131944.0  32563.17 99 
131944.5  32563.30 99 
131945.0  32563.61 99 
131945.5  32563.44 99 
131946.0  32563.48 99 
131946.5  32563.44 99 
131947.0  32563.50 99 
131947.5  32563.47 99 
131948.0  32563.71 99 
131948.5  32563.70 99 
131949.0  32563.74 99 
131949.5  32563.62 99 
131950.0  32563.24 99 
131950.5  32563.70 99 
131951.0  32563.17 99 
131951.5  32563.29 99 
131952.0  32563.82 99 
131952.5  32563.57 99 
131953.0  32563.26 99 
131953.5  32563.05 99 
131954.0  32563.74 99 
131954.5  32563.53 99 
131955.0  32563.01 99 
131955.5  32563.67 99 
131956.0  32563.91 99 
131956.5  32563.38 99 
131957.0  32563.47 99 
131957.5  32563.35 99 
131958.0  32563.38 99 
131958.5  32563.69 99 
131959.0  32563.59 99 
131959.5  32563.64 99 
132000.0  32563.60 99 
132000.5  32563.60 99 
132001.0  32563.11 99 
132001.5  32563.93 99 
132002.0  32563.65 99 
132002.5  32563.51 99 
132003.0  32563.31 99 
132003.5  32563.83 99 
132004.0  32563.93 99 
132004.5  32563.14 99 
132005.0  32563.29 99 
132005.5  32563.58 99 
132006.0  32563.64 99 
132006.5  32563.85 99 
132007.0  32563.39 99 
132007.5  32563.99 99 
132008.0  32563.27 99 
132008.5  32563.83 99 
132009.0  32563.50 99 
132009.5  32563.69 99 
132010.0  32563.69 99 
132010.5  32563.29 99 
132011.0  32563.88 99 
132011.5  32563.74 99 
132012.0  32563.72 99 
132012.5  32563.62 99 
132013.0  32563.56 99 
132013.5  32563.84 99 
132014.0  32563.66 99 
132014.5  32563.39 99 
132015.0  32563.37 99 
132015.5  32563.86 99 
132016.0  32563.73 99 
132016.5  32563.72 99 
132017.0  32563.42 99 
132017.5  32563.41 99 
132018.0  32563.61 99 
132018.5  32563.94 99 
132019.0  32563.49 99 
132019.5  32563.78 99 
132020.0  32563.57 99 
132020.5  32563.20 99 
132021.0  32563.33 99 
132021.5  32563.05 99 
132022.0  32563.55 99 
132022.5  32563.07 99 
132023.0  32563.52 99 
132023.5  32563.48 99 
132024.0  32563.85 99 
132024.5  32563.33 99 
132025.0  32563.18 99 
132025.5  32563.40 99 
132026.0  32563.23 99 
132026.5  32563.54 99 
132027.0  32563.70 99 
132027.5  32563.64 99 
132028.0  32563.49 99 
132028.5  32563.52 99 
132029.0  32562.61 99 
132029.5  32563.36 99 
132030.0  32563.52 99 
132030.5  32563.71 99 
132031.0  32563.73 99 
132031.5  32563.82 99 
132032.0  32563.40 99 
132032.5  32563.26 99 
132033.0  32563.61 99 
132033.5  32563.19 99 
132034.0  32564.07 99 
132034.5  32563.43 99 
132035.0  32563.09 99 
132035.5  32563.51 99 
132036.0  32563.77 99 
132036.5  32563.57 99 
132037.0  32563.13 99 
132037.5  32563.24 99 
132038.0  32563.74 99 
132038.5  32563.55 99 
132039.0  32563.49 99 
132039.5  32563.50 99 
132040.0  32563.48 99 
132040.5  32563.57 99 
132041.0  32563.34 99 
132041.5  32563.72 99 
132042.0  32563.48 99 
132042.5  32563.54 99 
132043.0  32563.01 99 
132043.5  32563.05 99 
132044.0  32563.19 99 
132044.5  32563.16 99 
132045.0  32563.25 99 
132045.5  32563.37 99 
132046.0  32563.49 99 
132046.5  32563.30 99 
132047.0  32563.34 99 
132047.5  32563.62 99 
132048.0  32563.30 99 
132048.5  32563.26 99 
132049.0  32562.92 99 
132049.5  32562.99 99 
132050.0  32562.96 99 
132050.5  32563.28 99 
132051.0  32563.22 99 
132051.5  32562.78 99 
132052.0  32563.38 99 
132052.5  32564.00 99 
132053.0  32563.55 99 
132053.5  32563.71 99 
132054.0  32563.50 99 
132054.5  32563.47 99 
132055.0  32563.31 99 
132055.5  32562.98 99 
132056.0  32563.61 99 
132056.5  32562.85 99 
132057.0  32563.33 99 
132057.5  32563.35 99 
132058.0  32562.98 99 
132058.5  32563.21 99 
132059.0  32563.45 99 
132059.5  32563.62 99 
132100.0  32563.75 99 
132100.5  32563.06 99 
132101.0  32563.22 99 
132101.5  32563.37 99 
132102.0  32562.88 99 
132102.5  32563.44 99 
132103.0  32563.14 99 
132103.5  32563.12 99 
132104.0  32563.40 99 
132104.5  32563.38 99 
132105.0  32563.51 99 
132105.5  32563.38 99 
132106.0  32563.01 99 
132106.5  32562.91 99 
132107.0  32563.15 99 
132107.5  32563.64 99 
132108.0  32562.94 99 
132108.5  32563.13 99 
132109.0  32563.40 99 
132109.5  32563.54 99 
132110.0  32562.64 99 
132110.5  32563.27 99 
132111.0  32563.19 99 
132111.5  32563.31 99 
132112.0  32563.51 99 
132112.5  32563.07 99 
132113.0  32563.02 99 
132113.5  32563.48 99 
132114.0  32563.00 99 
132114.5  32563.08 99 
132115.0  32563.22 99 
132115.5  32563.24 99 
132116.0  32563.05 99 
132116.5  32563.69 99 
132117.0  32563.04 99 
132117.5  32563.45 99 
132118.0  32563.53 99 
132118.5  32563.53 99 
132119.0  32563.44 99 
132119.5  32563.65 99 
132120.0  32563.74 99 
132120.5  32563.26 99 
132121.0  32563.12 99 
132121.5  32563.23 99 
132122.0  32563.29 99 
132122.5  32563.67 99 
132123.0  32562.77 99 
132123.5  32563.06 99 
132124.0  32563.19 99 
132124.5  32563.39 99 
132125.0  32563.28 99 
132125.5  32563.76 99 
132126.0  32563.77 99 
132126.5  32563.49 99 
132127.0  32563.10 99 
132127.5  32563.22 99 
132128.0  32563.86 99 
132128.5  32563.43 99 
132129.0  32562.93 98 
132129.5  32563.39 99 
132130.0  32563.75 99 
132130.5  32563.53 99 
132131.0  32563.76 99 
132131.5  32563.10 99 
132132.0  32562.90 99 
132132.5  32563.67 99 
132133.0  32563.36 99 
132133.5  32563.26 99 
132134.0  32563.04 99 
132134.5  32563.21 99 
132135.0  32563.73 99 
132135.5  32563.49 99 
132136.0  32563.29 99 
132136.5  32563.25 99 
132137.0  32562.97 99 
132137.5  32563.32 99 
132138.0  32563.43 99 
132138.5  32563.37 99 
132139.0  32563.36 99 
132139.5  32563.58 99 
132140.0  32563.04 99 
132140.5  32562.97 99 
132141.0  32563.31 99 
132141.5  32563.54 99 
132142.0  32563.40 99 
132142.5  32563.42 99 
132143.0  32563.52 99 
132143.5  32563.50 99 
132144.0  32563.17 99 
132144.5  32562.99 99 
132145.0  32563.73 99 
132145.5  32563.23 99 
132146.0  32563.21 99 
132146.5  32563.62 99 
132147.0  32563.30 99 
132147.5  32563.30 99 
132148.0  32563.11 99 
132148.5  32563.24 99 
132149.0  32563.62 99 
132149.5  32563.09 99 
132150.0  32563.36 99 
132150.5  32563.34 99 
132151.0  32563.59 99 
132151.5  32563.04 99 
132152.0  32562.73 99 
132152.5  32563.28 99 
132153.0  32563.04 99 
132153.5  32563.55 99 
132154.0  32562.99 99 
132154.5  32563.19 99 
132155.0  32563.34 99 
132155.5  32563.36 99 
132156.0  32563.18 99 
132156.5  32563.03 99 
132157.0  32563.61 99 
132157.5  32563.41 99 
132158.0  32562.68 99 
132158.5  32563.08 99 
132159.0  32563.50 99 
132159.5  32563.33 99 
132200.0  32563.16 99 
132200.5  32563.07 99 
132201.0  32563.08 99 
132201.5  32563.45 99 
132202.0  32563.53 99 
132202.5  32563.22 99 
132203.0  32562.89 99 
132203.5  32563.07 99 
132204.0  32562.84 99 
132204.5  32563.26 99 
132205.0  32563.21 99 
132205.5  32562.85 99 
132206.0  32562.95 99 
132206.5  32562.93 99 
132207.0  32563.56 99 
132207.5  32562.78 99 
132208.0  32562.89 99 
132208.5  32563.43 99 
132209.0  32563.50 99 
132209.5  32563.30 99 
132210.0  32563.02 99 
132210.5  32562.90 99 
132211.0  32563.43 99 
132211.5  32563.28 99 
132212.0  32562.73 99 
132212.5  32563.02 99 
132213.0  32562.86 99 
132213.5  32563.98 99 
132214.0  32563.01 99 
132214.5  32563.07 99 
132215.0  32562.94 99 
132215.5  32562.89 99 
132216.0  32563.20 99 
132216.5  32562.98 99 
132217.0  32563.14 99 
132217.5  32563.29 99 
132218.0  32563.57 99 
132218.5  32562.83 99 
132219.0  32563.03 99 
132219.5  32562.83 99 
132220.0  32563.66 99 
132220.5  32563.16 99 
132221.0  32563.61 99 
132221.5  32562.94 99 
132222.0  32562.86 99 
132222.5  32563.07 99 
132223.0  32563.40 99 
132223.5  32562.85 99 
132224.0  32563.46 99 
132224.5  32562.86 99 
132225.0  32562.41 99 
132225.5  32562.78 99 
132226.0  32562.92 99 
132226.5  32563.35 99 
132227.0  32562.82 99 
132227.5  32563.40 99 
132228.0  32563.34 99 
132228.5  32563.00 99 
132229.0  32563.11 99 
132229.5  32562.98 99 
132230.0  32563.47 99 
132230.5  32563.00 99 
132231.0  32563.01 99 
132231.5  32563.16 99 
132232.0  32562.83 99 
132232.5  32563.01 99 
132233.0  32563.04 99 
132233.5  32563.00 99 
132234.0  32562.94 99 
132234.5  32563.13 99 
132235.0  32562.68 99 
132235.5  32562.52 99 
132236.0  32562.93 99 
132236.5  32562.89 99 
132237.0  32562.85 99 
132237.5  32563.15 99 
132238.0  32562.95 99 
132238.5  32562.85 98 
132239.0  32562.96 99 
132239.5  32563.50 99 
132240.0  32563.24 99 
132240.5  32563.11 99 
132241.0  32563.23 99 
132241.5  32563.18 99 
132242.0  32563.58 99 
132242.5  32562.77 99 
132243.0  32562.73 99 
132243.5  32562.68 99 
132244.0  32562.68 99 
132244.5  32563.03 99 
132245.0  32563.51 99 
132245.5  32562.80 99 
132246.0  32563.20 99 
132246.5  32563.32 99 
132247.0  32562.66 99 
132247.5  32562.69 99 
132248.0  32563.22 99 
132248.5  32563.47 99 
132249.0  32563.29 99 
132249.5  32562.84 99 
132250.0  32562.61 99 
132250.5  32563.58 99 
132251.0  32563.14 99 
132251.5  32562.57 99 
132252.0  32562.85 99 
132252.5  32563.09 99 
132253.0  32563.08 99 
132253.5  32562.83 99 
132254.0  32562.88 99 
132254.5  32563.47 99 
132255.0  32562.70 99 
132255.5  32562.90 99 
132256.0  32563.20 99 
132256.5  32563.36 99 
132257.0  32563.07 99 
132257.5  32562.43 99 
132258.0  32562.94 99 
132258.5  32563.23 99 
132259.0  32563.35 99 
132259.5  32563.18 99 
132300.0  32562.66 99 
132300.5  32562.75 99 
132301.0  32563.12 99 
132301.5  32563.15 99 
132302.0  32562.66 99 
132302.5  32562.87 99 
132303.0  32562.76 99 
132303.5  32562.64 99 
132304.0  32562.90 99 
132304.5  32562.69 99 
132305.0  32562.55 99 
132305.5  32563.03 99 
132306.0  32562.70 99 
132306.5  32562.71 99 
132307.0  32562.75 99 
132307.5  32562.71 99 
132308.0  32562.92 99 
132308.5  32563.02 99 
132309.0  32562.87 99 
132309.5  32562.85 99 
132310.0  32562.68 99 
132310.5  32563.21 99 
132311.0  32562.76 99 
132311.5  32563.37 99 
132312.0  32562.92 99 
132312.5  32562.90 99 
132313.0  32562.65 99 
132313.5  32562.72 99 
132314.0  32562.77 99 
132314.5  32562.81 99 
132315.0  32562.61 99 
132315.5  32562.91 99 
132316.0  32562.96 99 
132316.5  32562.75 99 
132317.0  32563.00 99 
132317.5  32562.48 99 
132318.0  32563.03 99 
132318.5  32563.36 99 
132319.0  32562.80 99 
132319.5  32562.81 99 
132320.0  32563.19 99 
132320.5  32562.94 99 
132321.0  32562.72 99 
132321.5  32563.01 99 
132322.0  32562.84 99 
132322.5  32563.22 99 
132323.0  32562.56 99 
132323.5  32563.00 99 
132324.0  32562.82 99 
132324.5  32562.99 99 
132325.0  32562.44 99 
132325.5  32563.08 99 
132326.0  32562.86 99 
132326.5  32563.39 99 
132327.0  32562.95 99 
132327.5  32563.45 99 
132328.0  32562.55 99 
132328.5  32563.31 99 
132329.0  32562.86 99 
132329.5  32562.70 99 
132330.0  32562.76 99 
132330.5  32563.00 99 
132331.0  32562.75 99 
132331.5  32563.43 99 
132332.0  32563.03 99 
132332.5  32562.78 99 
132333.0  32562.78 99 
132333.5  32562.90 99 
132334.0  32562.45 99 
132334.5  32562.78 99 
132335.0  32562.95 99 
132335.5  32562.58 99 
132336.0  32563.11 99 
132336.5  32562.72 99 
132337.0  32562.82 99 
132337.5  32562.62 99 
132338.0  32563.01 99 
132338.5  32563.07 99 
132339.0  32562.67 99 
132339.5  32562.75 99 
132340.0  32562.26 99 
132340.5  32561.61 99 
132341.0  32562.56 99 
132341.5  32562.80 99 
132342.0  32562.87 99 
132342.5  32562.41 99 
132343.0  32562.12 99 
132343.5  32562.54 99 
132344.0  32563.20 99 
132344.5  32562.64 99 
132345.0  32562.66 99 
132345.5  32562.63 99 
132346.0  32562.78 99 
132346.5  32562.29 99 
132347.0  32562.95 99 
132347.5  32562.51 99 
132348.0  32562.41 99 
132348.5  32562.84 99 
132349.0  32562.56 99 
132349.5  32562.88 99 
132350.0  32562.29 99 
132350.5  32562.25 99 
132351.0  32562.81 99 
132351.5  32563.08 98 
132352.0  32562.29 99 
132352.5  32562.25 99 
132353.0  32562.16 99 
132353.5  32562.58 99 
132354.0  32563.29 99 
132354.5  32562.90 99 
132355.0  32563.07 99 
132355.5  32562.83 99 
132356.0  32562.70 99 
132356.5  32562.71 99 
132357.0  32562.62 99 
132357.5  32562.73 99 
132358.0  32562.55 99 
132358.5  32562.70 99 
132359.0  32562.40 99 
132359.5  32563.24 99 
132400.0  32563.15 99 
132400.5  32562.81 99 
132401.0  32563.11 99 
132401.5  32563.09 99 
132402.0  32562.96 99 
132402.5  32562.90 99 
132403.0  32563.32 99 
132403.5  32562.47 99 
132404.0  32562.98 99 
132404.5  32562.49 99 
132405.0  32563.21 99 
132405.5  32563.23 99 
132406.0  32562.66 99 
132406.5  32563.13 99 
132407.0  32562.68 99 
132407.5  32562.93 99 
132408.0  32562.61 99 
132408.5  32562.64 99 
132409.0  32562.59 99 
132409.5  32562.90 99 
132410.0  32562.60 99 
132410.5  32563.13 99 
132411.0  32562.70 99 
132411.5  32562.39 99 
132412.0  32562.55 99 
132412.5  32563.41 99 
132413.0  32562.75 99 
132413.5  32562.80 99 
132414.0  32563.32 99 
132414.5  32562.94 99 
132415.0  32562.72 99 
132415.5  32563.03 99 
132416.0  32562.73 99 
132416.5  32562.76 99 
132417.0  32562.80 99 
132417.5  32562.51 99 
132418.0  32563.01 99 
132418.5  32562.56 99 
132419.0  32562.30 99 
132419.5  32562.95 99 
132420.0  32562.84 99 
132420.5  32562.73 99 
132421.0  32562.88 99 
132421.5  32562.29 99 
132422.0  32562.81 99 
132422.5  32562.61 99 
132423.0  32562.21 99 
132423.5  32562.59 99 
132424.0  32563.15 98 
132424.5  32563.08 99 
132425.0  32562.63 99 
132425.5  32562.25 99 
132426.0  32563.14 99 
132426.5  32562.34 99 
132427.0  32562.93 99 
132427.5  32562.67 99 
132428.0  32562.90 99 
132428.5  32562.37 99 
132429.0  32562.91 99 
132429.5  32562.71 99 
132430.0  32562.45 99 
132430.5  32563.04 99 
132431.0  32562.96 99 
132431.5  32562.75 99 
132432.0  32562.75 99 
132432.5  32562.53 99 
132433.0  32562.77 99 
132433.5  32562.31 99 
132434.0  32562.84 99 
132434.5  32562.91 99 
132435.0  32562.41 99 
132435.5  32563.11 99 
132436.0  32562.54 99 
132436.5  32563.26 99 
132437.0  32562.77 99 
132437.5  32563.20 99 
132438.0  32562.57 99 
132438.5  32563.11 99 
132439.0  32562.79 99 
132439.5  32563.12 99 
132440.0  32563.02 99 
132440.5  32562.64 99 
132441.0  32562.81 99 
132441.5  32563.06 99 
132442.0  32562.63 99 
132442.5  32562.70 99 
132443.0  32562.51 99 
132443.5  32562.72 99 
132444.0  32562.30 99 
132444.5  32562.81 99 
132445.0  32563.31 99 
132445.5  32563.20 99 
132446.0  32563.01 99 
132446.5  32562.42 99 
132447.0  32562.61 99 
132447.5  32562.25 99 
132448.0  32563.07 99 
132448.5  32562.64 99 
132449.0  32562.86 99 
132449.5  32563.04 99 
132450.0  32562.58 99 
132450.5  32562.98 99 
132451.0  32562.75 99 
132451.5  32562.27 99 
132452.0  32562.86 99 
132452.5  32562.45 99 
132453.0  32562.77 99 
132453.5  32563.27 99 
132454.0  32562.68 99 
132454.5  32563.21 99 
132455.0  32563.04 99 
132455.5  32563.24 99 
132456.0  32562.43 99 
132456.5  32562.81 99 
132457.0  32562.81 99 
132457.5  32562.99 99 
132458.0  32562.64 99 
132458.5  32562.42 99 
132459.0  32562.60 99 
132459.5  32562.60 99 
132500.0  32562.66 99 
132500.5  32562.80 99 
132501.0  32562.70 99 
132501.5  32562.49 99 
132502.0  32562.81 99 
132502.5  32562.58 99 
132503.0  32562.41 99 
132503.5  32562.84 99 
132504.0  32563.06 99 
132504.5  32562.11 99 
132505.0  32562.90 99 
132505.5  32562.54 99 
132506.0  32562.81 99 
132506.5  32562.32 99 
132507.0  32562.54 99 
132507.5  32562.12 99 
132508.0  32562.93 99 
132508.5  32562.71 99 
132509.0  32562.78 99 
132509.5  32562.85 99 
132510.0  32562.83 99 
132510.5  32562.68 99 
132511.0  32563.44 99 
132511.5  32562.93 99 
132512.0  32562.75 99 
132512.5  32562.50 99 
132513.0  32562.48 99 
132513.5  32562.39 99 
132514.0  32562.76 99 
132514.5  32562.45 99 
132515.0  32562.74 99 
132515.5  32562.27 99 
132516.0  32562.38 99 
132516.5  32563.09 99 
132517.0  32562.33 99 
132517.5  32562.77 99 
132518.0  32562.54 99 
132518.5  32562.61 99 
132519.0  32562.07 99 
132519.5  32562.78 99 
132520.0  32562.18 99 
132520.5  32562.17 99 
132521.0  32562.78 99 
132521.5  32562.70 99 
132522.0  32562.98 99 
132522.5  32562.94 99 
132523.0  32562.82 99 
132523.5  32562.19 99 
132524.0  32562.76 99 
132524.5  32563.33 99 
132525.0  32562.51 99 
132525.5  32562.84 99 
132526.0  32562.65 99 
132526.5  32562.59 99 
132527.0  32562.62 99 
132527.5  32562.66 99 
132528.0  32562.58 99 
132528.5  32563.30 99 
132529.0  32562.04 99 
132529.5  32562.22 99 
132530.0  32562.63 99 
132530.5  32562.92 99 
132531.0  32562.93 99 
132531.5  32562.11 99 
132532.0  32562.33 99 
132532.5  32562.84 99 
132533.0  32562.89 99 
132533.5  32562.72 99 
132534.0  32562.79 99 
132534.5  32563.03 99 
132535.0  32563.13 99 
132535.5  32562.67 99 
132536.0  32562.56 99 
132536.5  32562.93 99 
132537.0  32562.35 99 
132537.5  32562.43 99 
132538.0  32562.60 99 
132538.5  32562.34 99 
132539.0  32562.87 99 
132539.5  32562.82 99 
132540.0  32562.58 99 
132540.5  32562.51 99 
132541.0  32562.89 99 
132541.5  32562.35 99 
132542.0  32562.39 99 
132542.5  32562.45 99 
132543.0  32562.63 99 
132543.5  32562.68 99 
132544.0  32562.47 99 
132544.5  32562.74 99 
132545.0  32562.33 99 
132545.5  32562.28 99 
132546.0  32561.96 99 
132546.5  32562.20 99 
132547.0  32562.30 98 
132547.5  32562.56 99 
132548.0  32562.28 99 
132548.5  32562.12 99 
132549.0  32562.34 99 
132549.5  32563.45 99 
132550.0  32562.13 99 
132550.5  32562.44 99 
132551.0  32562.83 99 
132551.5  32562.67 99 
132552.0  32562.79 99 
132552.5  32562.61 99 
132553.0  32563.17 99 
132553.5  32562.55 99 
132554.0  32562.29 99 
132554.5  32563.07 99 
132555.0  32562.75 99 
132555.5  32562.30 99 
132556.0  32562.47 99 
132556.5  32562.51 99 
132557.0  32562.57 99 
132557.5  32561.90 99 
132558.0  32562.80 99 
132558.5  32562.43 99 
132559.0  32562.37 99 
132559.5  32562.67 99 
132600.0  32563.02 99 
132600.5  32562.84 99 
132601.0  32562.32 99 
132601.5  32562.78 99 
132602.0  32562.42 99 
132602.5  32562.44 99 
132603.0  32562.36 99 
132603.5  32562.52 99 
132604.0  32562.88 99 
132604.5  32562.37 99 
132605.0  32562.47 99 
132605.5  32562.86 99 
132606.0  32563.17 99 
132606.5  32562.74 99 
132607.0  32562.59 99 
132607.5  32562.28 99 
132608.0  32561.74 99 
132608.5  32562.27 99 
132609.0  32562.45 99 
132609.5  32562.11 99 
132610.0  32562.10 99 
132610.5  32562.64 99 
132611.0  32562.79 99 
132611.5  32562.58 99 
132612.0  32562.45 99 
132612.5  32562.57 99 
132613.0  32562.42 99 
132613.5  32562.47 99 
132614.0  32562.44 99 
132614.5  32562.34 99 
132615.0  32562.23 99 
132615.5  32562.55 99 
132616.0  32562.34 99 
132616.5  32563.21 99 
132617.0  32562.41 99 
132617.5  32562.42 99 
132618.0  32562.50 99 
132618.5  32562.96 99 
132619.0  32562.73 99 
132619.5  32562.17 99 
132620.0  32562.20 99 
132620.5  32562.49 99 
132621.0  32562.77 99 
132621.5  32562.26 99 
132622.0  32563.21 99 
132622.5  32562.39 99 
132623.0  32562.09 99 
132623.5  32562.75 99 
132624.0  32562.36 99 
132624.5  32562.24 99 
132625.0  32562.52 99 
132625.5  32562.55 99 
132626.0  32562.40 99 
132626.5  32562.64 99 
132627.0  32562.36 99 
132627.5  32562.80 99 
132628.0  32562.21 99 
132628.5  32561.88 99 
132629.0  32562.61 99 
132629.5  32562.33 99 
132630.0  32562.21 99 
132630.5  32562.71 99 
132631.0  32562.24 99 
132631.5  32562.54 99 
132632.0  32561.97 99 
132632.5  32562.55 99 
132633.0  32562.87 99 
132633.5  32562.35 99 
132634.0  32562.69 99 
132634.5  32561.97 99 
132635.0  32562.50 99 
132635.5  32562.29 99 
132636.0  32562.65 99 
132636.5  32562.77 99 
132637.0  32562.10 99 
132637.5  32562.96 99 
132638.0  32562.46 99 
132638.5  32562.30 99 
132639.0  32562.05 99 
132639.5  32562.10 99 
132640.0  32562.13 99 
132640.5  32562.87 99 
132641.0  32561.89 99 
132641.5  32562.49 99 
132642.0  32562.29 99 
132642.5  32562.59 99 
132643.0  32562.04 99 
132643.5  32562.20 99 
132644.0  32562.76 99 
132644.5  32562.08 99 
132645.0  32562.41 99 
132645.5  32562.32 99 
132646.0  32562.32 99 
132646.5  32562.17 99 
132647.0  32562.56 99 
132647.5  32562.69 99 
132648.0  32562.20 99 
132648.5  32562.01 99 
132649.0  32562.07 99 
132649.5  32562.78 99 
132650.0  32561.86 99 
132650.5  32562.54 99 
132651.0  32562.07 99 
132651.5  32562.21 99 
132652.0  32562.23 99 
132652.5  32561.77 99 
132653.0  32562.27 99 
132653.5  32562.28 99 
132654.0  32562.23 99 
132654.5  32561.94 99 
132655.0  32562.31 99 
132655.5  32562.03 99 
132656.0  32562.02 99 
132656.5  32562.31 99 
132657.0  32562.07 99 
132657.5  32561.78 99 
132658.0  32562.17 99 
132658.5  32562.71 99 
132659.0  32562.42 99 
132659.5  32562.20 99 
132700.0  32561.92 99 
132700.5  32562.03 99 
132701.0  32562.47 99 
132701.5  32561.86 99 
132702.0  32562.26 99 
132702.5  32562.37 99 
132703.0  32562.15 99 
132703.5  32561.94 99 
132704.0  32562.08 99 
132704.5  32562.48 99 
132705.0  32562.49 99 
132705.5  32562.13 99 
132706.0  32562.27 99 
132706.5  32561.93 99 
132707.0  32562.30 99 
132707.5  32562.54 99 
132708.0  32561.80 99 
132708.5  32562.37 99 
132709.0  32561.80 99 
132709.5  32561.95 99 
132710.0  32562.64 99 
132710.5  32561.66 99 
132711.0  32562.29 99 
132711.5  32562.30 99 
132712.0  32561.94 99 
132712.5  32562.11 99 
132713.0  32562.01 99 
132713.5  32561.99 99 
132714.0  32562.17 99 
132714.5  32562.16 99 
132715.0  32562.48 99 
132715.5  32562.14 99 
132716.0  32562.23 99 
132716.5  32561.84 99 
132717.0  32561.98 98 
132717.5  32562.39 99 
132718.0  32561.98 99 
132718.5  32562.35 99 
132719.0  32562.02 99 
132719.5  32562.11 99 
132720.0  32562.44 99 
132720.5  32562.30 99 
132721.0  32561.98 99 
132721.5  32561.99 99 
132722.0  32562.10 99 
132722.5  32562.17 99 
132723.0  32562.34 99 
132723.5  32562.11 99 
132724.0  32562.13 99 
132724.5  32562.60 99 
132725.0  32562.37 99 
132725.5  32561.71 99 
132726.0  32562.50 99 
132726.5  32561.98 99 
132727.0  32562.10 99 
132727.5  32562.18 99 
132728.0  32562.28 99 
132728.5  32562.03 99 
132729.0  32562.44 99 
132729.5  32562.58 99 
132730.0  32562.24 99 
132730.5  32561.87 99 
132731.0  32562.06 99 
132731.5  32562.25 99 
132732.0  32561.88 99 
132732.5  32562.51 99 
132733.0  32562.15 99 
132733.5  32562.15 99 
132734.0  32562.21 99 
132734.5  32562.31 99 
132735.0  32562.14 99 
132735.5  32562.48 99 
132736.0  32562.28 99 
132736.5  32561.87 99 
132737.0  32562.23 99 
132737.5  32562.21 99 
132738.0  32561.55 99 
132738.5  32562.82 99 
132739.0  32561.87 99 
132739.5  32562.42 99 
132740.0  32561.87 99 
132740.5  32561.91 99 
132741.0  32561.98 99 
132741.5  32562.33 99 
132742.0  32562.43 99 
132742.5  32562.13 99 
132743.0  32561.81 99 
132743.5  32561.99 99 
132744.0  32561.85 99 
132744.5  32561.86 99 
132745.0  32562.30 99 
132745.5  32562.18 99 
132746.0  32561.97 99 
132746.5  32561.98 99 
132747.0  32561.87 99 
132747.5  32562.46 99 
132748.0  32562.52 99 
132748.5  32562.46 99 
132749.0  32562.13 99 
132749.5  32562.44 99 
132750.0  32562.59 99 
132750.5  32562.30 99 
132751.0  32562.18 99 
132751.5  32562.34 99 
132752.0  32562.12 99 
132752.5  32561.70 99 
132753.0  32561.72 98 
132753.5  32562.32 99 
132754.0  32561.98 99 
132754.5  32562.04 99 
132755.0  32562.19 99 
132755.5  32561.76 99 
132756.0  32561.54 99 
132756.5  32562.01 99 
132757.0  32562.02 99 
132757.5  32561.77 99 
132758.0  32562.16 99 
132758.5  32562.06 99 
132759.0  32562.01 99 
132759.5  32562.16 99 
132800.0  32561.64 99 
132800.5  32561.38 99 
132801.0  32561.78 99 
132801.5  32562.06 99 
132802.0  32561.44 99 
132802.5  32562.60 99 
132803.0  32561.24 99 
132803.5  32561.72 99 
132804.0  32561.74 99 
132804.5  32562.26 99 
132805.0  32561.95 99 
132805.5  32562.27 99 
132806.0  32562.04 99 
132806.5  32561.84 99 
132807.0  32561.88 99 
132807.5  32561.59 99 
132808.0  32561.97 99 
132808.5  32561.73 99 
132809.0  32561.97 99 
132809.5  32562.07 99 
132810.0  32562.28 99 
132810.5  32562.23 99 
132811.0  32562.10 99 
132811.5  32562.01 99 
132812.0  32562.10 99 
132812.5  32562.02 99 
132813.0  32562.01 99 
132813.5  32562.31 99 
132814.0  32562.18 99 
132814.5  32561.82 99 
132815.0  32561.94 99 
132815.5  32562.27 99 
132816.0  32561.76 99 
132816.5  32561.49 99 
132817.0  32561.93 99 
132817.5  32561.83 99 
132818.0  32561.86 99 
132818.5  32562.18 99 
132819.0  32562.22 99 
132819.5  32561.70 99 
132820.0  32562.05 99 
132820.5  32561.88 99 
132821.0  32562.32 99 
132821.5  32562.01 99 
132822.0  32561.71 99 
132822.5  32561.88 99 
132823.0  32561.91 99 
132823.5  32562.29 99 
132824.0  32562.00 99 
132824.5  32562.02 99 
132825.0  32561.57 99 
132825.5  32561.31 99 
132826.0  32562.02 99 
132826.5  32561.67 99 
132827.0  32562.20 99 
132827.5  32561.76 99 
132828.0  32562.69 99 
132828.5  32562.10 99 
132829.0  32562.22 99 
132829.5  32562.07 98 
132830.0  32561.81 99 
132830.5  32562.21 99 
132831.0  32561.96 99 
132831.5  32562.13 99 
132832.0  32561.94 99 
132832.5  32562.51 99 
132833.0  32561.50 99 
132833.5  32562.20 99 
132834.0  32562.24 99 
132834.5  32561.83 99 
132835.0  32562.00 99 
132835.5  32561.99 99 
132836.0  32561.71 99 
132836.5  32561.72 99 
132837.0  32561.67 99 
132837.5  32561.77 99 
132838.0  32561.74 99 
132838.5  32561.73 99 
132839.0  32562.03 99 
132839.5  32561.56 99 
132840.0  32562.05 99 
132840.5  32562.06 99 
132841.0  32562.34 99 
132841.5  32561.77 99 
132842.0  32561.92 99 
132842.5  32562.06 99 
132843.0  32561.94 99 
132843.5  32562.04 99 
132844.0  32561.64 99 
132844.5  32561.86 99 
132845.0  32562.05 98 
132845.5  32561.69 99 
132846.0  32562.20 99 
132846.5  32561.64 99 
132847.0  32561.75 99 
132847.5  32561.62 99 
132848.0  32561.55 99 
132848.5  32562.24 99 
132849.0  32561.74 99 
132849.5  32562.26 99 
132850.0  32561.55 99 
132850.5  32561.89 99 
132851.0  32562.00 99 
132851.5  32561.51 99 
132852.0  32561.38 99 
132852.5  32561.96 99 
132853.0  32561.41 99 
132853.5  32561.99 99 
132854.0  32561.99 99 
132854.5  32561.76 99 
132855.0  32561.52 99 
132855.5  32561.64 99 
132856.0  32561.47 99 
132856.5  32561.69 99 
132857.0  32561.52 99 
132857.5  32561.25 99 
132858.0  32561.90 99 
132858.5  32561.68 99 
132859.0  32561.86 99 
132859.5  32561.62 99 
132900.0  32561.88 99 
132900.5  32561.62 99 
132901.0  32561.74 99 
132901.5  32561.99 99 
132902.0  32561.61 99 
132902.5  32561.22 99 
132903.0  32562.08 99 
132903.5  32561.60 99 
132904.0  32561.43 99 
132904.5  32561.57 99 
132905.0  32561.73 99 
132905.5  32561.85 99 
132906.0  32561.54 99 
132906.5  32562.20 99 
132907.0  32561.68 99 
132907.5  32561.65 99 
132908.0  32562.02 99 
132908.5  32561.77 99 
132909.0  32561.75 99 
132909.5  32561.82 99 
132910.0  32561.71 99 
132910.5  32561.84 99 
132911.0  32561.76 99 
132911.5  32561.50 99 
132912.0  32561.86 99 
132912.5  32562.41 99 
132913.0  32561.81 99 
132913.5  32561.50 99 
132914.0  32561.90 99 
132914.5  32561.80 99 
132915.0  32562.10 99 
132915.5  32561.71 99 
132916.0  32562.34 99 
132916.5  32561.81 99 
132917.0  32561.61 99 
132917.5  32561.90 99 
132918.0  32561.36 99 
132918.5  32561.83 99 
132919.0  32561.93 99 
132919.5  32560.76 99 
132920.0  32561.83 99 
132920.5  32561.95 99 
132921.0  32561.59 99 
132921.5  32561.84 99 
132922.0  32561.62 99 
132922.5  32561.80 99 
132923.0  32561.86 99 
132923.5  32562.26 99 
132924.0  32562.00 99 
132924.5  32561.87 99 
132925.0  32561.65 99 
132925.5  32561.76 99 
132926.0  32561.27 99 
132926.5  32561.61 99 
132927.0  32561.40 99 
132927.5  32561.79 99 
132928.0  32561.63 99 
132928.5  32561.61 99 
132929.0  32561.10 99 
132929.5  32561.65 99 
132930.0  32561.82 99 
132930.5  32561.51 99 
132931.0  32562.48 99 
132931.5  32561.71 99 
132932.0  32561.60 99 
132932.5  32561.92 99 
132933.0  32561.54 99 
132933.5  32561.65 99 
132934.0  32561.95 99 
132934.5  32561.83 99 
132935.0  32561.57 99 
132935.5  32561.43 99 
132936.0  32562.41 99 
132936.5  32561.57 99 
132937.0  32561.67 99 
132937.5  32561.66 99 
132938.0  32561.80 99 
132938.5  32561.34 99 
132939.0  32561.32 99 
132939.5  32561.53 99 
132940.0  32561.75 99 
132940.5  32561.82 99 
132941.0  32561.79 99 
132941.5  32561.36 99 
132942.0  32562.08 99 
132942.5  32561.96 99 
132943.0  32561.44 99 
132943.5  32561.65 99 
132944.0  32561.42 99 
132944.5  32562.05 99 
132945.0  32561.90 99 
132945.5  32560.83 99 
132946.0  32561.76 99 
132946.5  32561.62 99 
132947.0  32561.73 99 
132947.5  32561.82 99 
132948.0  32561.71 99 
132948.5  32561.49 99 
132949.0  32561.45 99 
132949.5  32561.48 99 
132950.0  32561.83 99 
132950.5  32561.64 99 
132951.0  32561.66 99 
132951.5  32560.89 99 
132952.0  32561.25 99 
132952.5  32561.69 99 
132953.0  32562.05 99 
132953.5  32561.52 99 
132954.0  32561.25 99 
132954.5  32561.44 99 
132955.0  32561.26 99 
132955.5  32561.50 99 
132956.0  32561.47 99 
132956.5  32561.67 99 
132957.0  32562.08 99 
132957.5  32561.76 99 
132958.0  32561.65 99 
132958.5  32560.94 99 
132959.0  32561.27 99 
132959.5  32561.65 99 
133000.0  32561.51 99 
133000.5  32561.27 99 
133001.0  32561.64 99 
133001.5  32561.77 99 
133002.0  32562.15 99 
133002.5  32561.48 99 
133003.0  32561.02 99 
133003.5  32561.36 99 
133004.0  32561.42 99 
133004.5  32561.88 99 
133005.0  32560.78 99 
133005.5  32561.70 99 
133006.0  32561.65 99 
133006.5  32561.42 99 
133007.0  32561.76 99 
133007.5  32561.63 99 
133008.0  32561.90 99 
133008.5  32561.40 99 
133009.0  32561.47 99 
133009.5  32561.71 99 
133010.0  32561.45 99 
133010.5  32561.45 99 
133011.0  32561.37 99 
133011.5  32562.05 99 
133012.0  32561.51 99 
133012.5  32561.84 99 
133013.0  32561.65 99 
133013.5  32561.92 99 
133014.0  32560.97 99 
133014.5  32561.88 99 
133015.0  32561.56 99 
133015.5  32561.69 99 
133016.0  32561.69 99 
133016.5  32561.63 99 
133017.0  32561.69 99 
133017.5  32561.12 99 
133018.0  32561.45 99 
133018.5  32561.50 99 
133019.0  32561.70 99 
133019.5  32562.10 99 
133020.0  32561.69 99 
133020.5  32561.67 99 
133021.0  32561.51 99 
133021.5  32561.78 99 
133022.0  32561.42 99 
133022.5  32561.65 99 
133023.0  32561.83 99 
133023.5  32561.49 99 
133024.0  32561.20 99 
133024.5  32561.32 99 
133025.0  32561.84 99 
133025.5  32561.64 99 
133026.0  32561.29 99 
133026.5  32561.49 98 
133027.0  32561.37 99 
133027.5  32561.68 99 
133028.0  32561.70 99 
133028.5  32561.78 99 
133029.0  32561.33 99 
133029.5  32561.38 99 
133030.0  32560.72 99 
133030.5  32561.00 99 
133031.0  32561.34 99 
133031.5  32561.16 99 
133032.0  32561.36 99 
133032.5  32561.45 99 
133033.0  32561.43 99 
133033.5  32561.26 99 
133034.0  32562.04 99 
133034.5  32561.37 99 
133035.0  32562.02 99 
133035.5  32561.67 99 
133036.0  32561.78 99 
133036.5  32562.00 99 
133037.0  32561.77 99 
133037.5  32561.69 99 
133038.0  32561.41 99 
133038.5  32561.32 99 
133039.0  32561.86 99 
133039.5  32561.73 99 
133040.0  32561.76 99 
133040.5  32561.15 99 
133041.0  32561.20 99 
133041.5  32561.50 99 
133042.0  32561.31 99 
133042.5  32561.73 99 
133043.0  32561.92 99 
133043.5  32561.08 99 
133044.0  32561.37 99 
133044.5  32561.76 99 
133045.0  32561.64 99 
133045.5  32561.90 99 
133046.0  32561.29 99 
133046.5  32561.28 99 
133047.0  32561.70 99 
133047.5  32561.26 99 
133048.0  32561.76 99 
133048.5  32561.35 99 
133049.0  32561.58 99 
133049.5  32561.00 99 
133050.0  32561.20 99 
133050.5  32561.69 99 
133051.0  32561.37 99 
133051.5  32561.15 99 
133052.0  32561.08 99 
133052.5  32561.77 99 
133053.0  32561.28 99 
133053.5  32560.74 99 
133054.0  32561.12 99 
133054.5  32561.67 99 
133055.0  32561.09 99 
133055.5  32561.79 99 
133056.0  32561.16 99 
133056.5  32560.58 99 
133057.0  32561.42 99 
133057.5  32561.55 99 
133058.0  32561.16 99 
133058.5  32561.37 99 
133059.0  32561.40 99 
133059.5  32561.35 99 
133100.0  32561.56 99 
133100.5  32560.73 99 
133101.0  32561.24 99 
133101.5  32561.43 99 
133102.0  32561.14 99 
133102.5  32561.38 99 
133103.0  32560.85 99 
133103.5  32561.02 99 
133104.0  32561.53 99 
133104.5  32561.38 99 
133105.0  32561.78 99 
133105.5  32561.47 99 
133106.0  32561.17 99 
133106.5  32561.87 99 
133107.0  32561.78 99 
133107.5  32561.58 99 
133108.0  32561.57 99 
133108.5  32561.48 99 
133109.0  32561.39 99 
133109.5  32561.86 99 
133110.0  32561.41 99 
133110.5  32562.00 99 
133111.0  32561.69 99 
133111.5  32561.33 99 
133112.0  32561.08 99 
133112.5  32561.23 99 
133113.0  32561.52 99 
133113.5  32561.26 99 
133114.0  32561.28 99 
133114.5  32561.50 99 
133115.0  32561.89 99 
133115.5  32561.33 99 
133116.0  32561.20 99 
133116.5  32561.18 99 
133117.0  32560.84 99 
133117.5  32560.99 99 
133118.0  32561.34 99 
133118.5  32561.34 99 
133119.0  32561.36 99 
133119.5  32561.87 99 
133120.0  32561.22 99 
133120.5  32561.30 99 
133121.0  32561.40 99 
133121.5  32561.37 99 
133122.0  32561.18 99 
133122.5  32561.43 99 
133123.0  32561.24 99 
133123.5  32561.67 99 
133124.0  32561.35 99 
133124.5  32561.34 99 
133125.0  32561.66 99 
133125.5  32560.98 99 
133126.0  32561.41 99 
133126.5  32561.55 99 
133127.0  32561.23 99 
133127.5  32561.58 99 
133128.0  32561.48 99 
133128.5  32561.77 99 
133129.0  32560.95 99 
133129.5  32560.86 99 
133130.0  32561.24 99 
133130.5  32561.62 99 
133131.0  32561.19 99 
133131.5  32561.79 99 
133132.0  32561.58 99 
133132.5  32561.48 99 
133133.0  32561.14 99 
133133.5  32561.29 99 
133134.0  32561.53 99 
133134.5  32561.25 99 
133135.0  32561.60 99 
133135.5  32561.54 99 
133136.0  32561.22 99 
133136.5  32560.92 99 
133137.0  32561.60 99 
133137.5  32561.19 99 
133138.0  32561.39 99 
133138.5  32561.41 99 
133139.0  32561.43 99 
133139.5  32561.34 99 
133140.0  32561.52 99 
133140.5  32561.38 99 
133141.0  32561.33 99 
133141.5  32561.06 99 
133142.0  32561.49 99 
133142.5  32561.66 99 
133143.0  32561.05 99 
133143.5  32561.12 99 
133144.0  32561.66 99 
133144.5  32561.09 99 
133145.0  32561.55 99 
133145.5  32561.04 99 
133146.0  32561.42 99 
133146.5  32561.43 99 
133147.0  32561.17 99 
133147.5  32561.04 99 
133148.0  32561.26 99 
133148.5  32561.30 99 
133149.0  32561.33 99 
133149.5  32561.14 99 
133150.0  32561.15 99 
133150.5  32561.22 99 
133151.0  32561.14 99 
133151.5  32561.77 99 
133152.0  32560.34 99 
133152.5  32561.24 99 
133153.0  32561.41 99 
133153.5  32561.15 99 
133154.0  32561.56 99 
133154.5  32560.98 99 
133155.0  32561.18 99 
133155.5  32561.49 99 
133156.0  32561.14 99 
133156.5  32561.29 99 
133157.0  32561.07 99 
133157.5  32561.20 99 
133158.0  32560.40 99 
133158.5  32561.46 99 
133159.0  32560.88 99 
133159.5  32561.75 99 
133200.0  32561.09 99 
133200.5  32561.48 99 
133201.0  32561.48 99 
133201.5  32561.00 99 
133202.0  32561.18 98 
133202.5  32561.33 99 
133203.0  32561.19 99 
133203.5  32561.51 99 
133204.0  32561.51 99 
133204.5  32561.14 99 
133205.0  32560.99 99 
133205.5  32561.25 99 
133206.0  32561.48 99 
133206.5  32561.76 99 
133207.0  32561.41 99 
133207.5  32561.50 99 
133208.0  32560.98 99 
133208.5  32561.58 99 
133209.0  32561.01 99 
133209.5  32561.25 99 
133210.0  32560.83 99 
133210.5  32561.02 99 
133211.0  32561.61 99 
133211.5  32561.28 99 
133212.0  32561.41 99 
133212.5  32561.24 99 
133213.0  32560.92 99 
133213.5  32561.28 99 
133214.0  32560.94 99 
133214.5  32561.09 99 
133215.0  32561.54 99 
133215.5  32561.67 99 
133216.0  32561.32 99 
133216.5  32561.26 99 
133217.0  32561.40 99 
133217.5  32560.78 99 
133218.0  32561.19 99 
133218.5  32561.33 99 
133219.0  32560.85 99 
133219.5  32561.09 99 
133220.0  32561.40 99 
133220.5  32561.42 99 
133221.0  32561.31 99 
133221.5  32561.30 99 
133222.0  32560.93 99 
133222.5  32561.21 99 
133223.0  32561.12 99 
133223.5  32560.80 99 
133224.0  32561.41 99 
133224.5  32561.02 99 
133225.0  32561.09 99 
133225.5  32561.24 99 
133226.0  32561.29 99 
133226.5  32561.56 99 
133227.0  32561.18 99 
133227.5  32561.10 99 
133228.0  32561.29 99 
133228.5  32561.17 99 
133229.0  32561.83 99 
133229.5  32561.14 99 
133230.0  32561.13 99 
133230.5  32561.60 99 
133231.0  32561.18 99 
133231.5  32561.56 99 
133232.0  32561.39 99 
133232.5  32561.36 99 
133233.0  32561.25 99 
133233.5  32561.00 99 
133234.0  32561.10 99 
133234.5  32561.18 99 
133235.0  32561.17 99 
133235.5  32561.31 99 
133236.0  32561.17 99 
133236.5  32561.40 99 
133237.0  32561.31 99 
133237.5  32560.75 99 
133238.0  32560.98 99 
133238.5  32561.40 99 
133239.0  32561.02 99 
133239.5  32561.19 99 
133240.0  32560.85 99 
133240.5  32561.11 99 
133241.0  32561.45 99 
133241.5  32561.36 99 
133242.0  32561.17 99 
133242.5  32560.96 99 
133243.0  32561.18 99 
133243.5  32561.15 99 
133244.0  32561.47 99 
133244.5  32560.80 99 
133245.0  32561.58 99 
133245.5  32561.30 99 
133246.0  32560.90 99 
133246.5  32561.59 99 
133247.0  32560.91 99 
133247.5  32561.22 99 
133248.0  32560.58 99 
133248.5  32561.87 99 
133249.0  32561.53 99 
133249.5  32561.39 99 
133250.0  32561.22 99 
133250.5  32562.00 99 
133251.0  32561.24 99 
133251.5  32561.46 99 
133252.0  32561.73 99 
133252.5  32561.15 99 
133253.0  32561.20 99 
133253.5  32561.31 99 
133254.0  32560.52 99 
133254.5  32561.16 99 
133255.0  32560.63 99 
133255.5  32561.42 99 
133256.0  32561.06 99 
133256.5  32561.48 99 
133257.0  32561.09 99 
133257.5  32560.79 99 
133258.0  32561.14 99 
133258.5  32561.31 99 
133259.0  32561.30 99 
133259.5  32561.39 99 
133300.0  32560.87 99 
133300.5  32561.16 99 
133301.0  32560.98 99 
133301.5  32561.26 99 
133302.0  32561.06 99 
133302.5  32561.37 99 
133303.0  32561.11 99 
133303.5  32561.63 99 
133304.0  32561.18 99 
133304.5  32561.25 99 
133305.0  32561.07 99 
133305.5  32561.30 99 
133306.0  32561.28 99 
133306.5  32560.97 99 
133307.0  32560.65 99 
133307.5  32561.42 99 
133308.0  32561.18 99 
133308.5  32561.15 99 
133309.0  32561.25 99 
133309.5  32560.59 99 
133310.0  32561.00 99 
133310.5  32560.81 99 
133311.0  32560.99 99 
133311.5  32561.27 99 
133312.0  32561.31 99 
133312.5  32561.05 99 
133313.0  32561.52 99 
133313.5  32560.89 99 
133314.0  32561.33 99 
133314.5  32561.04 99 
133315.0  32561.06 99 
133315.5  32560.71 99 
133316.0  32561.06 99 
133316.5  32561.07 99 
133317.0  32560.98 99 
133317.5  32561.00 99 
133318.0  32561.50 99 
133318.5  32561.02 99 
133319.0  32561.09 99 
133319.5  32561.23 99 
133320.0  32561.22 99 
133320.5  32561.18 99 
133321.0  32561.56 99 
133321.5  32561.26 99 
133322.0  32561.02 99 
133322.5  32561.52 99 
133323.0  32561.05 99 
133323.5  32561.13 99 
133324.0  32561.23 99 
133324.5  32561.33 99 
133325.0  32560.87 99 
133325.5  32561.55 99 
133326.0  32561.44 99 
133326.5  32561.13 99 
133327.0  32561.17 99 
133327.5  32560.89 99 
133328.0  32561.19 99 
133328.5  32561.17 99 
133329.0  32560.93 99 
133329.5  32561.18 99 
133330.0  32560.89 99 
133330.5  32561.34 99 
133331.0  32561.43 99 
133331.5  32561.24 99 
133332.0  32561.41 99 
133332.5  32561.50 99 
133333.0  32561.22 99 
133333.5  32561.20 99 
133334.0  32561.29 99 
133334.5  32561.31 99 
133335.0  32560.95 99 
133335.5  32560.97 99 
133336.0  32561.04 99 
133336.5  32561.04 99 
133337.0  32561.12 99 
133337.5  32561.08 99 
133338.0  32561.22 99 
133338.5  32561.38 99 
133339.0  32561.01 99 
133339.5  32560.69 99 
133340.0  32560.82 99 
133340.5  32560.72 99 
133341.0  32561.29 99 
133341.5  32561.19 99 
133342.0  32561.08 99 
133342.5  32561.26 99 
133343.0  32560.80 99 
133343.5  32560.95 99 
133344.0  32560.79 99 
133344.5  32561.20 99 
133345.0  32561.12 99 
133345.5  32561.42 99 
133346.0  32561.15 99 
133346.5  32561.16 99 
133347.0  32561.95 99 
133347.5  32561.27 99 
133348.0  32561.12 99 
133348.5  32561.32 99 
133349.0  32561.08 99 
133349.5  32560.87 99 
133350.0  32561.45 99 
133350.5  32560.94 99 
133351.0  32560.41 99 
133351.5  32561.05 99 
133352.0  32561.26 99 
133352.5  32561.50 99 
133353.0  32561.65 99 
133353.5  32561.20 99 
133354.0  32561.20 99 
133354.5  32560.95 99 
133355.0  32561.52 99 
133355.5  32561.14 99 
133356.0  32561.12 99 
133356.5  32561.00 99 
133357.0  32560.97 99 
133357.5  32560.87 99 
133358.0  32561.59 99 
133358.5  32560.85 99 
133359.0  32560.68 99 
133359.5  32560.85 99 
133400.0  32560.84 99 
133400.5  32560.70 99 
133401.0  32561.34 99 
133401.5  32561.15 99 
133402.0  32560.78 99 
133402.5  32561.16 99 
133403.0  32561.06 99 
133403.5  32560.71 99 
133404.0  32561.06 99 
133404.5  32561.08 99 
133405.0  32560.67 99 
133405.5  32561.17 99 
133406.0  32561.25 99 
133406.5  32561.07 99 
133407.0  32560.84 98 
133407.5  32560.96 99 
133408.0  32561.17 99 
133408.5  32561.26 99 
133409.0  32561.00 99 
133409.5  32561.26 99 
133410.0  32561.19 99 
133410.5  32560.82 99 
133411.0  32561.00 99 
133411.5  32561.60 99 
133412.0  32561.21 99 
133412.5  32560.73 99 
133413.0  32561.29 99 
133413.5  32560.82 99 
133414.0  32561.01 99 
133414.5  32561.14 99 
133415.0  32560.83 99 
133415.5  32561.26 99 
133416.0  32561.19 99 
133416.5  32561.09 99 
133417.0  32561.25 99 
133417.5  32561.03 99 
133418.0  32561.14 99 
133418.5  32560.94 99 
133419.0  32561.20 99 
133419.5  32561.12 99 
133420.0  32560.86 99 
133420.5  32561.23 98 
133421.0  32561.35 99 
133421.5  32561.37 99 
133422.0  32561.70 99 
133422.5  32561.23 99 
133423.0  32560.80 99 
133423.5  32561.04 99 
133424.0  32561.06 99 
133424.5  32561.06 99 
133425.0  32561.78 99 
133425.5  32561.51 99 
133426.0  32561.65 99 
133426.5  32560.93 99 
133427.0  32560.89 99 
133427.5  32561.17 99 
133428.0  32562.00 99 
133428.5  32561.04 99 
133429.0  32561.14 99 
133429.5  32561.40 99 
133430.0  32561.01 99 
133430.5  32561.44 99 
133431.0  32560.99 99 
133431.5  32560.80 99 
133432.0  32561.49 99 
133432.5  32561.11 99 
133433.0  32560.84 99 
133433.5  32561.27 99 
133434.0  32561.12 99 
133434.5  32561.34 99 
133435.0  32561.17 99 
133435.5  32560.58 99 
133436.0  32561.04 99 
133436.5  32560.41 99 
133437.0  32560.79 99 
133437.5  32561.00 99 
133438.0  32561.28 99 
133438.5  32561.20 99 
133439.0  32560.77 99 
133439.5  32561.16 99 
133440.0  32561.43 99 
133440.5  32561.41 99 
133441.0  32560.66 99 
133441.5  32561.02 99 
133442.0  32561.16 99 
133442.5  32560.90 99 
133443.0  32561.03 99 
133443.5  32561.19 99 
133444.0  32561.13 99 
133444.5  32560.84 99 
133445.0  32561.19 99 
133445.5  32560.80 99 
133446.0  32560.58 99 
133446.5  32561.41 99 
133447.0  32561.01 99 
133447.5  32560.73 99 
133448.0  32560.67 99 
133448.5  32560.99 99 
133449.0  32560.54 99 
133449.5  32560.93 99 
133450.0  32561.43 99 
133450.5  32561.17 99 
133451.0  32560.63 99 
133451.5  32561.04 99 
133452.0  32560.43 99 
133452.5  32561.27 99 
133453.0  32561.31 99 
133453.5  32561.24 99 
133454.0  32561.27 99 
133454.5  32561.38 99 
133455.0  32561.34 99 
133455.5  32560.62 99 
133456.0  32561.23 99 
133456.5  32561.71 99 
133457.0  32561.47 99 
133457.5  32560.98 99 
133458.0  32560.57 99 
133458.5  32560.78 99 
133459.0  32560.56 99 
133459.5  32560.89 99 
133500.0  32560.55 99 
133500.5  32561.33 99 
133501.0  32561.04 99 
133501.5  32560.99 99 
133502.0  32560.90 99 
133502.5  32561.18 99 
133503.0  32561.18 99 
133503.5  32561.34 99 
133504.0  32561.08 99 
133504.5  32560.91 99 
133505.0  32560.51 99 
133505.5  32561.10 99 
133506.0  32560.87 99 
133506.5  32560.71 99 
133507.0  32561.60 99 
133507.5  32560.91 99 
133508.0  32561.19 99 
133508.5  32560.49 99 
133509.0  32561.24 99 
133509.5  32561.15 99 
133510.0  32561.07 99 
133510.5  32560.98 99 
133511.0  32560.44 99 
133511.5  32561.14 99 
133512.0  32560.86 99 
133512.5  32560.49 99 
133513.0  32561.58 99 
133513.5  32560.78 99 
133514.0  32560.90 99 
133514.5  32560.87 99 
133515.0  32560.73 99 
133515.5  32560.69 99 
133516.0  32561.06 99 
133516.5  32560.87 99 
133517.0  32561.17 99 
133517.5  32561.42 99 
133518.0  32561.12 99 
133518.5  32560.97 99 
133519.0  32561.03 99 
133519.5  32561.34 99 
133520.0  32560.80 99 
133520.5  32560.96 99 
133521.0  32561.05 99 
133521.5  32561.22 99 
133522.0  32560.71 99 
133522.5  32561.05 99 
133523.0  32560.83 99 
133523.5  32560.77 99 
133524.0  32561.00 99 
133524.5  32560.80 99 
133525.0  32560.98 99 
133525.5  32560.51 99 
133526.0  32561.04 99 
133526.5  32561.24 99 
133527.0  32561.22 99 
133527.5  32561.02 99 
133528.0  32560.92 99 
133528.5  32561.26 99 
133529.0  32561.02 99 
133529.5  32560.72 99 
133530.0  32560.77 99 
133530.5  32561.02 99 
133531.0  32560.51 99 
133531.5  32561.48 99 
133532.0  32561.08 99 
133532.5  32561.41 99 
133533.0  32560.98 99 
133533.5  32560.72 99 
133534.0  32561.32 99 
133534.5  32561.13 99 
133535.0  32561.47 99 
133535.5  32561.40 99 
133536.0  32561.40 99 
133536.5  32561.82 99 
133537.0  32561.04 99 
133537.5  32560.82 99 
133538.0  32561.25 99 
133538.5  32560.79 99 
133539.0  32561.10 99 
133539.5  32560.96 99 
133540.0  32561.12 99 
133540.5  32560.60 99 
133541.0  32560.92 99 
133541.5  32560.70 99 
133542.0  32560.56 99 
133542.5  32561.07 99 
133543.0  32560.55 99 
133543.5  32560.92 99 
133544.0  32560.68 99 
133544.5  32560.79 99 
133545.0  32561.39 99 
133545.5  32560.75 99 
133546.0  32560.99 99 
133546.5  32561.00 99 
133547.0  32561.23 99 
133547.5  32561.11 99 
133548.0  32560.83 99 
133548.5  32561.39 99 
133549.0  32560.76 99 
133549.5  32560.60 99 
133550.0  32560.79 99 
133550.5  32560.95 99 
133551.0  32561.51 99 
133551.5  32560.91 99 
133552.0  32560.70 99 
133552.5  32560.58 99 
133553.0  32560.98 99 
133553.5  32560.93 99 
133554.0  32560.88 99 
133554.5  32560.55 99 
133555.0  32560.54 99 
133555.5  32560.76 99 
133556.0  32561.25 99 
133556.5  32560.69 99 
133557.0  32561.09 99 
133557.5  32561.16 99 
133558.0  32561.19 99 
133558.5  32560.99 99 
133559.0  32560.74 99 
133559.5  32561.44 99 
133600.0  32560.84 99 
133600.5  32560.85 99 
133601.0  32560.84 99 
133601.5  32560.85 99 
133602.0  32560.87 99 
133602.5  32560.43 99 
133603.0  32561.34 98 
133603.5  32560.79 99 
133604.0  32560.62 99 
133604.5  32561.08 99 
133605.0  32560.39 99 
133605.5  32560.74 99 
133606.0  32560.45 99 
133606.5  32560.75 99 
133607.0  32560.47 99 
133607.5  32561.12 99 
133608.0  32560.90 99 
133608.5  32561.25 99 
133609.0  32561.21 99 
133609.5  32560.67 99 
133610.0  32560.65 99 
133610.5  32561.22 99 
133611.0  32560.29 99 
133611.5  32560.97 99 
133612.0  32560.87 99 
133612.5  32560.36 99 
133613.0  32560.63 99 
133613.5  32561.05 99 
133614.0  32560.87 99 
133614.5  32560.27 99 
133615.0  32560.93 99 
133615.5  32560.22 99 
133616.0  32560.36 99 
133616.5  32560.81 99 
133617.0  32560.99 99 
133617.5  32560.86 99 
133618.0  32561.19 99 
133618.5  32560.78 99 
133619.0  32560.45 99 
133619.5  32560.55 99 
133620.0  32561.43 99 
133620.5  32560.76 99 
133621.0  32560.50 99 
133621.5  32560.51 99 
133622.0  32560.82 99 
133622.5  32560.49 99 
133623.0  32561.00 99 
133623.5  32561.53 99 
133624.0  32561.21 99 
133624.5  32560.58 99 
133625.0  32560.95 99 
133625.5  32560.61 99 
133626.0  32560.36 99 
133626.5  32560.51 99 
133627.0  32560.56 99 
133627.5  32560.94 99 
133628.0  32560.74 99 
133628.5  32560.83 99 
133629.0  32560.61 99 
133629.5  32560.57 99 
133630.0  32560.54 99 
133630.5  32560.76 99 
133631.0  32560.96 99 
133631.5  32560.70 99 
133632.0  32560.96 99 
133632.5  32560.66 99 
133633.0  32560.64 99 
133633.5  32560.94 99 
133634.0  32560.63 99 
133634.5  32560.77 99 
133635.0  32561.15 99 
133635.5  32560.58 99 
133636.0  32560.71 99 
133636.5  32560.55 99 
133637.0  32560.51 99 
133637.5  32560.94 99 
133638.0  32560.12 99 
133638.5  32560.38 99 
133639.0  32561.13 99 
133639.5  32560.58 99 
133640.0  32560.67 99 
133640.5  32561.28 99 
133641.0  32560.70 99 
133641.5  32560.51 99 
133642.0  32560.38 99 
133642.5  32560.79 99 
133643.0  32560.74 99 
133643.5  32561.42 99 
133644.0  32560.62 99 
133644.5  32561.29 99 
133645.0  32561.11 99 
133645.5  32560.69 99 
133646.0  32560.46 99 
133646.5  32560.62 99 
133647.0  32560.63 99 
133647.5  32559.94 99 
133648.0  32560.71 99 
133648.5  32560.74 99 
133649.0  32561.03 99 
133649.5  32560.80 99 
133650.0  32561.02 99 
133650.5  32560.98 99 
133651.0  32561.11 99 
133651.5  32560.89 99 
133652.0  32560.97 99 
133652.5  32560.65 99 
133653.0  32560.70 99 
133653.5  32560.98 99 
133654.0  32560.88 99 
133654.5  32560.62 99 
133655.0  32560.18 99 
133655.5  32561.08 99 
133656.0  32560.38 99 
133656.5  32560.49 99 
133657.0  32560.65 99 
133657.5  32560.97 99 
133658.0  32560.56 99 
133658.5  32560.57 99 
133659.0  32560.76 99 
133659.5  32560.87 99 
133700.0  32560.44 99 
133700.5  32560.47 99 
133701.0  32560.48 99 
133701.5  32560.92 99 
133702.0  32560.72 99 
133702.5  32560.55 99 
133703.0  32561.21 99 
133703.5  32560.82 99 
133704.0  32560.63 99 
133704.5  32560.51 99 
133705.0  32560.45 99 
133705.5  32560.32 99 
133706.0  32560.31 99 
133706.5  32560.47 99 
133707.0  32560.62 99 
133707.5  32560.53 99 
133708.0  32561.08 99 
133708.5  32560.70 99 
133709.0  32560.80 99 
133709.5  32561.02 99 
133710.0  32560.77 99 
133710.5  32560.37 99 
133711.0  32560.54 99 
133711.5  32560.61 99 
133712.0  32560.78 99 
133712.5  32561.10 99 
133713.0  32560.24 99 
133713.5  32560.99 99 
133714.0  32560.43 99 
133714.5  32560.34 99 
133715.0  32560.38 99 
133715.5  32560.52 99 
133716.0  32561.01 99 
133716.5  32560.76 99 
133717.0  32560.55 99 
133717.5  32560.90 99 
133718.0  32560.44 99 
133718.5  32560.60 99 
133719.0  32560.92 99 
133719.5  32560.63 99 
133720.0  32560.68 99 
133720.5  32560.83 99 
133721.0  32560.20 99 
133721.5  32560.60 99 
133722.0  32560.86 99 
133722.5  32561.08 99 
133723.0  32560.50 99 
133723.5  32560.79 99 
133724.0  32560.85 99 
133724.5  32560.85 99 
133725.0  32561.32 99 
133725.5  32560.63 99 
133726.0  32560.55 99 
133726.5  32560.70 99 
133727.0  32560.84 99 
133727.5  32560.81 99 
133728.0  32560.66 99 
133728.5  32560.75 99 
133729.0  32560.66 99 
133729.5  32560.81 99 
133730.0  32560.52 99 
133730.5  32560.31 99 
133731.0  32560.23 99 
133731.5  32561.14 99 
133732.0  32560.54 99 
133732.5  32560.57 99 
133733.0  32561.26 99 
133733.5  32560.68 99 
133734.0  32560.86 99 
133734.5  32561.05 99 
133735.0  32560.59 99 
133735.5  32560.66 99 
133736.0  32560.89 99 
133736.5  32560.94 99 
133737.0  32560.37 99 
133737.5  32560.74 99 
133738.0  32560.62 99 
133738.5  32560.62 99 
133739.0  32560.69 99 
133739.5  32560.35 99 
133740.0  32560.16 99 
133740.5  32560.32 99 
133741.0  32560.24 99 
133741.5  32560.06 99 
133742.0  32560.89 99 
133742.5  32560.37 99 
133743.0  32560.38 99 
133743.5  32560.19 99 
133744.0  32560.86 99 
133744.5  32560.31 99 
133745.0  32560.49 99 
133745.5  32560.84 99 
133746.0  32560.27 99 
133746.5  32560.67 99 
133747.0  32560.65 99 
133747.5  32560.47 99 
133748.0  32560.23 99 
133748.5  32560.40 99 
133749.0  32560.70 99 
133749.5  32560.21 99 
133750.0  32560.02 99 
133750.5  32560.74 99 
133751.0  32560.40 99 
133751.5  32560.68 99 
133752.0  32560.72 99 
133752.5  32560.90 99 
133753.0  32560.62 99 
133753.5  32560.39 99 
133754.0  32560.45 99 
133754.5  32560.50 99 
133755.0  32560.82 99 
133755.5  32560.50 99 
133756.0  32560.96 99 
133756.5  32561.01 99 
133757.0  32560.65 99 
133757.5  32560.10 99 
133758.0  32560.54 99 
133758.5  32560.20 99 
133759.0  32560.28 99 
133759.5  32560.68 99 
133800.0  32560.50 99 
133800.5  32560.69 99 
133801.0  32560.78 99 
133801.5  32559.87 99 
133802.0  32560.52 99 
133802.5  32560.53 99 
133803.0  32560.48 99 
133803.5  32560.75 99 
133804.0  32560.57 99 
133804.5  32559.89 99 
133805.0  32560.33 99 
133805.5  32560.55 99 
133806.0  32560.41 99 
133806.5  32560.66 99 
133807.0  32560.00 99 
133807.5  32560.99 99 
133808.0  32560.47 99 
133808.5  32560.46 99 
133809.0  32560.57 99 
133809.5  32560.28 99 
133810.0  32560.70 99 
133810.5  32560.38 99 
133811.0  32560.58 99 
133811.5  32561.00 99 
133812.0  32560.71 99 
133812.5  32560.23 99 
133813.0  32560.32 99 
133813.5  32560.20 99 
133814.0  32560.62 99 
133814.5  32560.76 99 
133815.0  32560.32 99 
133815.5  32560.59 99 
133816.0  32560.39 99 
133816.5  32560.75 99 
133817.0  32561.00 99 
133817.5  32560.00 99 
133818.0  32561.01 99 
133818.5  32560.71 99 
133819.0  32560.31 99 
133819.5  32560.77 99 
133820.0  32560.35 99 
133820.5  32560.74 99 
133821.0  32560.42 99 
133821.5  32560.88 99 
133822.0  32560.86 99 
133822.5  32560.04 99 
133823.0  32560.39 99 
133823.5  32560.28 99 
133824.0  32560.24 99 
133824.5  32560.23 99 
133825.0  32560.51 99 
133825.5  32561.10 99 
133826.0  32560.57 99 
133826.5  32560.15 99 
133827.0  32559.97 99 
133827.5  32560.02 99 
133828.0  32560.61 99 
133828.5  32560.61 98 
133829.0  32560.62 99 
133829.5  32560.23 99 
133830.0  32559.99 99 
133830.5  32560.43 99 
133831.0  32560.34 99 
133831.5  32560.53 99 
133832.0  32560.50 99 
133832.5  32559.94 99 
133833.0  32559.96 99 
133833.5  32560.78 99 
133834.0  32560.06 99 
133834.5  32560.43 99 
133835.0  32560.32 99 
133835.5  32560.73 99 
133836.0  32560.87 99 
133836.5  32560.83 99 
133837.0  32560.40 99 
133837.5  32560.73 99 
133838.0  32560.52 99 
133838.5  32560.23 99 
133839.0  32560.61 99 
133839.5  32560.86 99 
133840.0  32560.48 99 
133840.5  32560.77 99 
133841.0  32560.57 99 
133841.5  32560.26 99 
133842.0  32560.88 99 
133842.5  32560.60 99 
133843.0  32560.77 99 
133843.5  32560.86 99 
133844.0  32560.67 99 
133844.5  32560.72 99 
133845.0  32560.80 99 
133845.5  32560.52 99 
133846.0  32560.28 99 
133846.5  32560.36 99 
133847.0  32560.51 99 
133847.5  32561.11 99 
133848.0  32560.80 99 
133848.5  32561.05 99 
133849.0  32561.16 99 
133849.5  32560.82 99 
133850.0  32560.48 99 
133850.5  32560.96 99 
133851.0  32560.68 99 
133851.5  32560.30 99 
133852.0  32560.50 99 
133852.5  32560.22 99 
133853.0  32560.49 99 
133853.5  32560.90 99 
133854.0  32560.73 99 
133854.5  32561.02 99 
133855.0  32560.62 99 
133855.5  32560.65 99 
133856.0  32560.40 99 
133856.5  32560.56 99 
133857.0  32560.29 99 
133857.5  32560.12 99 
133858.0  32560.46 99 
133858.5  32560.45 99 
133859.0  32560.35 99 
133859.5  32560.61 99 
133900.0  32560.08 99 
133900.5  32560.77 99 
133901.0  32560.71 99 
133901.5  32560.02 99 
133902.0  32560.13 99 
133902.5  32560.64 99 
133903.0  32560.48 99 
133903.5  32560.90 99 
133904.0  32560.66 99 
133904.5  32560.95 99 
133905.0  32560.86 99 
133905.5  32560.50 99 
133906.0  32560.78 99 
133906.5  32560.39 99 
133907.0  32560.19 99 
133907.5  32560.72 99 
133908.0  32560.35 99 
133908.5  32560.75 99 
133909.0  32560.15 99 
133909.5  32560.20 99 
133910.0  32561.21 99 
133910.5  32560.84 99 
133911.0  32560.76 99 
133911.5  32560.56 99 
133912.0  32560.50 99 
133912.5  32560.75 99 
133913.0  32560.14 99 
133913.5  32560.61 99 
133914.0  32560.54 99 
133914.5  32560.19 99 
133915.0  32560.80 99 
133915.5  32560.27 99 
133916.0  32560.38 99 
133916.5  32560.19 99 
133917.0  32560.59 99 
133917.5  32560.41 99 
133918.0  32560.16 99 
133918.5  32560.52 99 
133919.0  32560.55 99 
133919.5  32561.00 99 
133920.0  32560.55 99 
133920.5  32560.03 99 
133921.0  32560.74 99 
133921.5  32560.42 99 
133922.0  32560.60 99 
133922.5  32560.45 99 
133923.0  32560.76 99 
133923.5  32560.44 99 
133924.0  32560.73 99 
133924.5  32560.89 99 
133925.0  32560.95 99 
133925.5  32560.61 99 
133926.0  32559.93 99 
133926.5  32560.56 99 
133927.0  32560.65 99 
133927.5  32560.53 99 
133928.0  32560.70 99 
133928.5  32560.36 99 
133929.0  32561.14 99 
133929.5  32560.41 99 
133930.0  32560.05 99 
133930.5  32560.41 99 
133931.0  32560.03 99 
133931.5  32561.02 99 
133932.0  32560.30 99 
133932.5  32560.52 99 
133933.0  32561.12 99 
133933.5  32560.64 99 
133934.0  32560.18 99 
133934.5  32560.85 99 
133935.0  32560.24 99 
133935.5  32560.19 99 
133936.0  32560.25 99 
133936.5  32560.30 99 
133937.0  32560.75 99 
133937.5  32559.97 99 
133938.0  32560.74 99 
133938.5  32560.51 99 
133939.0  32561.61 99 
133939.5  32561.05 99 
133940.0  32560.38 99 
133940.5  32560.24 99 
133941.0  32560.23 99 
133941.5  32560.62 99 
133942.0  32560.88 99 
133942.5  32560.71 99 
133943.0  32560.24 99 
133943.5  32560.76 99 
133944.0  32560.01 99 
133944.5  32560.70 99 
133945.0  32561.07 99 
133945.5  32560.56 99 
133946.0  32560.22 99 
133946.5  32560.75 99 
133947.0  32560.59 99 
133947.5  32560.84 99 
133948.0  32560.61 99 
133948.5  32560.34 99 
133949.0  32560.51 99 
133949.5  32561.12 99 
133950.0  32560.60 99 
133950.5  32560.89 99 
133951.0  32560.55 99 
133951.5  32560.53 99 
133952.0  32560.38 99 
133952.5  32561.28 99 
133953.0  32560.08 99 
133953.5  32560.81 99 
133954.0  32560.50 99 
133954.5  32560.73 99 
133955.0  32560.56 99 
133955.5  32560.54 99 
133956.0  32560.91 99 
133956.5  32560.25 99 
133957.0  32560.85 99 
133957.5  32560.16 99 
133958.0  32560.91 99 
133958.5  32560.43 99 
133959.0  32560.61 99 
133959.5  32560.61 99 
134000.0  32560.48 99 
134000.5  32560.59 99 
134001.0  32560.66 99 
134001.5  32560.91 99 
134002.0  32560.17 99 
134002.5  32560.49 99 
134003.0  32560.32 99 
134003.5  32560.65 99 
134004.0  32560.72 99 
134004.5  32561.14 99 
134005.0  32560.51 99 
134005.5  32560.20 99 
134006.0  32560.03 99 
134006.5  32560.39 99 
134007.0  32561.18 99 
134007.5  32560.57 99 
134008.0  32560.05 99 
134008.5  32560.98 99 
134009.0  32560.85 99 
134009.5  32560.98 99 
134010.0  32560.46 99 
134010.5  32560.59 99 
134011.0  32560.65 99 
134011.5  32560.24 99 
134012.0  32560.30 99 
134012.5  32560.52 99 
134013.0  32560.46 99 
134013.5  32560.37 99 
134014.0  32560.22 99 
134014.5  32560.09 99 
134015.0  32560.46 99 
134015.5  32560.52 99 
134016.0  32560.65 99 
134016.5  32560.49 99 
134017.0  32560.44 99 
134017.5  32561.03 99 
134018.0  32560.75 99 
134018.5  32560.64 99 
134019.0  32560.73 99 
134019.5  32560.68 99 
134020.0  32560.33 99 
134020.5  32560.21 99 
134021.0  32560.25 99 
134021.5  32560.82 99 
134022.0  32560.21 99 
134022.5  32560.41 99 
134023.0  32560.77 99 
134023.5  32560.48 99 
134024.0  32560.55 99 
134024.5  32560.22 99 
134025.0  32560.45 99 
134025.5  32560.59 99 
134026.0  32560.32 99 
134026.5  32560.86 99 
134027.0  32560.48 99 
134027.5  32560.40 99 
134028.0  32560.68 99 
134028.5  32560.50 99 
134029.0  32560.49 99 
134029.5  32560.21 99 
134030.0  32560.30 99 
134030.5  32560.78 99 
134031.0  32560.41 99 
134031.5  32560.84 99 
134032.0  32560.32 99 
134032.5  32560.70 99 
134033.0  32560.90 99 
134033.5  32560.91 99 
134034.0  32560.74 99 
134034.5  32560.62 99 
134035.0  32561.02 99 
134035.5  32560.29 99 
134036.0  32561.15 98 
134036.5  32560.76 99 
134037.0  32560.38 99 
134037.5  32560.35 99 
134038.0  32560.06 99 
134038.5  32560.29 99 
134039.0  32560.25 99 
134039.5  32561.03 99 
134040.0  32560.13 99 
134040.5  32560.16 99 
134041.0  32560.90 99 
134041.5  32560.41 99 
134042.0  32560.70 99 
134042.5  32560.62 99 
134043.0  32560.48 99 
134043.5  32560.40 99 
134044.0  32560.30 99 
134044.5  32560.76 99 
134045.0  32560.41 99 
134045.5  32560.62 99 
134046.0  32560.06 99 
134046.5  32560.13 99 
134047.0  32560.52 99 
134047.5  32560.69 99 
134048.0  32560.47 99 
134048.5  32560.25 99 
134049.0  32560.49 99 
134049.5  32560.40 99 
134050.0  32559.67 99 
134050.5  32560.72 98 
134051.0  32560.74 99 
134051.5  32560.51 99 
134052.0  32560.65 99 
134052.5  32560.56 99 
134053.0  32560.17 99 
134053.5  32560.41 99 
134054.0  32560.30 99 
134054.5  32560.44 99 
134055.0  32560.08 99 
134055.5  32560.47 99 
134056.0  32560.15 99 
134056.5  32560.07 99 
134057.0  32560.23 99 
134057.5  32560.25 99 
134058.0  32560.26 99 
134058.5  32560.25 99 
134059.0  32559.74 99 
134059.5  32560.41 99 
134100.0  32560.43 99 
134100.5  32560.08 99 
134101.0  32560.52 99 
134101.5  32560.36 99 
134102.0  32560.25 99 
134102.5  32560.76 99 
134103.0  32560.82 99 
134103.5  32561.25 99 
134104.0  32560.27 99 
134104.5  32560.20 99 
134105.0  32560.48 99 
134105.5  32560.43 99 
134106.0  32560.09 99 
134106.5  32560.28 99 
134107.0  32560.33 99 
134107.5  32560.92 99 
134108.0  32560.30 99 
134108.5  32561.13 99 
134109.0  32560.28 99 
134109.5  32560.86 99 
134110.0  32560.57 99 
134110.5  32560.54 99 
134111.0  32560.71 99 
134111.5  32560.93 99 
134112.0  32560.36 99 
134112.5  32560.23 99 
134113.0  32560.20 99 
134113.5  32560.65 99 
134114.0  32560.91 99 
134114.5  32560.42 99 
134115.0  32560.68 99 
134115.5  32560.53 99 
134116.0  32560.63 99 
134116.5  32560.42 99 
134117.0  32560.58 99 
134117.5  32560.16 99 
134118.0  32560.67 99 
134118.5  32560.36 99 
134119.0  32560.76 99 
134119.5  32560.73 99 
134120.0  32560.44 99 
134120.5  32560.66 99 
134121.0  32560.29 99 
134121.5  32560.24 99 
134122.0  32560.45 99 
134122.5  32560.42 99 
134123.0  32560.72 99 
134123.5  32561.10 99 
134124.0  32560.94 99 
134124.5  32560.80 99 
134125.0  32560.83 99 
134125.5  32560.67 99 
134126.0  32560.18 99 
134126.5  32560.26 99 
134127.0  32560.43 99 
134127.5  32560.32 99 
134128.0  32560.21 99 
134128.5  32560.42 99 
134129.0  32560.03 99 
134129.5  32560.04 99 
134130.0  32560.12 99 
134130.5  32560.67 99 
134131.0  32560.33 99 
134131.5  32560.02 99 
134132.0  32560.49 99 
134132.5  32560.58 99 
134133.0  32560.44 98 
134133.5  32560.66 99 
134134.0  32560.46 99 
134134.5  32560.12 99 
134135.0  32560.73 99 
134135.5  32560.21 99 
134136.0  32560.39 99 
134136.5  32560.23 99 
134137.0  32560.38 99 
134137.5  32560.39 99 
134138.0  32560.58 99 
134138.5  32560.25 99 
134139.0  32560.34 99 
134139.5  32560.12 99 
134140.0  32560.75 99 
134140.5  32560.23 99 
134141.0  32560.35 99 
134141.5  32560.54 99 
134142.0  32560.69 99 
134142.5  32560.51 99 
134143.0  32560.13 99 
134143.5  32560.50 99 
134144.0  32560.65 99 
134144.5  32560.46 99 
134145.0  32560.75 99 
134145.5  32560.93 99 
134146.0  32560.87 99 
134146.5  32561.16 99 
134147.0  32560.90 99 
134147.5  32560.78 99 
134148.0  32560.67 99 
134148.5  32560.65 99 
134149.0  32560.25 99 
134149.5  32560.19 99 
134150.0  32560.60 99 
134150.5  32560.58 99 
134151.0  32560.73 99 
134151.5  32560.63 99 
134152.0  32560.84 99 
134152.5  32560.92 99 
134153.0  32560.42 99 
134153.5  32560.17 99 
134154.0  32560.75 99 
134154.5  32560.70 99 
134155.0  32560.36 99 
134155.5  32560.33 99 
134156.0  32560.63 99 
134156.5  32560.74 99 
134157.0  32560.95 99 
134157.5  32560.66 99 
134158.0  32560.38 99 
134158.5  32560.44 99 
134159.0  32560.40 99 
134159.5  32560.82 99 
134200.0  32560.81 99 
134200.5  32561.09 99 
134201.0  32560.42 99 
134201.5  32561.26 99 
134202.0  32560.83 99 
134202.5  32561.40 99 
134203.0  32560.98 99 
134203.5  32560.16 99 
134204.0  32560.88 99 
134204.5  32561.28 99 
134205.0  32560.68 99 
134205.5  32560.56 99 
134206.0  32560.65 99 
134206.5  32560.81 99 
134207.0  32560.41 99 
134207.5  32560.59 99 
134208.0  32560.69 99 
134208.5  32560.96 99 
134209.0  32560.62 99 
134209.5  32560.57 99 
134210.0  32560.69 99 
134210.5  32560.34 99 
134211.0  32560.44 99 
134211.5  32560.67 99 
134212.0  32560.59 99 
134212.5  32560.80 99 
134213.0  32560.54 99 
134213.5  32560.66 99 
134214.0  32560.85 99 
134214.5  32560.25 99 
134215.0  32560.65 99 
134215.5  32560.55 99 
134216.0  32560.47 99 
134216.5  32561.06 99 
134217.0  32560.77 99 
134217.5  32561.00 99 
134218.0  32560.56 99 
134218.5  32560.98 99 
134219.0  32560.23 99 
134219.5  32560.67 99 
134220.0  32560.41 99 
134220.5  32560.23 99 
134221.0  32560.63 99 
134221.5  32560.23 99 
134222.0  32560.71 99 
134222.5  32560.82 99 
134223.0  32560.91 99 
134223.5  32560.84 99 
134224.0  32560.48 99 
134224.5  32561.20 99 
134225.0  32560.58 99 
134225.5  32560.32 99 
134226.0  32560.91 99 
134226.5  32560.62 99 
134227.0  32561.26 99 
134227.5  32560.64 99 
134228.0  32560.04 99 
134228.5  32560.57 99 
134229.0  32561.03 99 
134229.5  32560.95 99 
134230.0  32560.75 99 
134230.5  32561.32 99 
134231.0  32561.44 99 
134231.5  32561.24 99 
134232.0  32560.59 99 
134232.5  32560.39 99 
134233.0  32560.58 99 
134233.5  32561.17 99 
134234.0  32561.04 99 
134234.5  32560.73 99 
134235.0  32560.67 99 
134235.5  32560.73 99 
134236.0  32560.52 99 
134236.5  32560.51 99 
134237.0  32560.46 99 
134237.5  32560.82 99 
134238.0  32561.11 99 
134238.5  32560.94 99 
134239.0  32561.19 99 
134239.5  32561.00 99 
134240.0  32560.65 99 
134240.5  32560.59 99 
134241.0  32561.04 99 
134241.5  32560.99 99 
134242.0  32560.74 99 
134242.5  32560.89 99 
134243.0  32560.38 99 
134243.5  32560.95 99 
134244.0  32560.91 99 
134244.5  32560.62 99 
134245.0  32561.21 99 
134245.5  32560.65 99 
134246.0  32560.92 99 
134246.5  32560.72 99 
134247.0  32560.56 99 
134247.5  32560.09 99 
134248.0  32560.78 99 
134248.5  32560.17 99 
134249.0  32561.12 99 
134249.5  32560.64 99 
134250.0  32560.54 99 
134250.5  32560.17 99 
134251.0  32561.00 99 
134251.5  32560.16 99 
134252.0  32560.95 99 
134252.5  32560.77 99 
134253.0  32560.45 99 
134253.5  32559.74 99 
134254.0  32560.77 99 
134254.5  32560.45 99 
134255.0  32560.64 99 
134255.5  32560.51 99 
134256.0  32561.05 99 
134256.5  32560.53 99 
134257.0  32560.77 99 
134257.5  32560.74 99 
134258.0  32561.09 99 
134258.5  32560.38 99 
134259.0  32560.52 99 
134259.5  32560.51 99 
134300.0  32561.47 99 
134300.5  32560.70 99 
134301.0  32560.71 99 
134301.5  32560.59 99 
134302.0  32560.66 99 
134302.5  32560.83 99 
134303.0  32561.03 99 
134303.5  32560.92 99 
134304.0  32560.73 99 
134304.5  32560.53 99 
134305.0  32561.49 99 
134305.5  32561.24 99 
134306.0  32561.22 99 
134306.5  32561.28 99 
134307.0  32560.51 99 
134307.5  32560.68 99 
134308.0  32560.87 99 
134308.5  32560.77 99 
134309.0  32560.01 99 
134309.5  32561.09 99 
134310.0  32561.14 99 
134310.5  32560.95 99 
134311.0  32561.03 99 
134311.5  32560.60 99 
134312.0  32560.55 99 
134312.5  32560.82 99 
134313.0  32561.22 99 
134313.5  32561.09 99 
134314.0  32561.68 99 
134314.5  32561.08 99 
134315.0  32561.63 99 
134315.5  32560.99 99 
134316.0  32560.62 99 
134316.5  32560.80 99 
134317.0  32560.83 99 
134317.5  32561.34 99 
134318.0  32561.17 99 
134318.5  32560.83 99 
134319.0  32561.29 99 
134319.5  32560.95 99 
134320.0  32561.27 99 
134320.5  32560.80 99 
134321.0  32560.77 99 
134321.5  32561.00 99 
134322.0  32560.74 99 
134322.5  32561.18 99 
134323.0  32561.15 99 
134323.5  32561.15 99 
134324.0  32561.03 99 
134324.5  32561.36 99 
134325.0  32561.25 99 
134325.5  32561.47 99 
134326.0  32560.82 99 
134326.5  32561.68 99 
134327.0  32560.89 99 
134327.5  32561.19 99 
134328.0  32560.64 99 
134328.5  32560.89 99 
134329.0  32561.01 99 
134329.5  32560.91 99 
134330.0  32560.99 99 
134330.5  32561.22 99 
134331.0  32560.89 99 
134331.5  32560.53 99 
134332.0  32561.09 99 
134332.5  32561.33 99 
134333.0  32560.61 99 
134333.5  32560.97 99 
134334.0  32560.61 99 
134334.5  32560.86 99 
134335.0  32561.03 99 
134335.5  32561.39 99 
134336.0  32560.86 99 
134336.5  32560.96 99 
134337.0  32560.91 99 
134337.5  32560.95 99 
134338.0  32561.05 99 
134338.5  32560.50 99 
134339.0  32560.91 99 
134339.5  32561.01 99 
134340.0  32561.26 99 
134340.5  32561.10 99 
134341.0  32561.15 99 
134341.5  32560.82 99 
134342.0  32560.97 99 
134342.5  32560.62 99 
134343.0  32561.17 99 
134343.5  32560.68 99 
134344.0  32560.80 99 
134344.5  32560.63 99 
134345.0  32561.07 99 
134345.5  32561.48 98 
134346.0  32561.48 99 
134346.5  32560.43 99 
134347.0  32560.93 99 
134347.5  32561.18 99 
134348.0  32561.06 99 
134348.5  32561.25 99 
134349.0  32561.05 99 
134349.5  32561.09 99 
134350.0  32560.73 99 
134350.5  32560.99 99 
134351.0  32560.78 99 
134351.5  32561.10 99 
134352.0  32560.67 99 
134352.5  32561.09 99 
134353.0  32560.65 99 
134353.5  32560.78 99 
134354.0  32561.29 99 
134354.5  32561.10 99 
134355.0  32560.92 99 
134355.5  32560.92 99 
134356.0  32561.14 99 
134356.5  32561.39 99 
134357.0  32561.69 99 
134357.5  32561.42 99 
134358.0  32561.40 99 
134358.5  32560.94 99 
134359.0  32561.02 99 
134359.5  32561.10 99 
134400.0  32561.11 99 
134400.5  32561.41 99 
134401.0  32561.94 99 
134401.5  32561.16 99 
134402.0  32561.01 99 
134402.5  32561.65 99 
134403.0  32561.58 99 
134403.5  32561.60 99 
134404.0  32561.86 99 
134404.5  32561.06 99 
134405.0  32561.59 99 
134405.5  32561.17 99 
134406.0  32561.86 99 
134406.5  32561.36 99 
134407.0  32561.51 99 
134407.5  32561.51 99 
134408.0  32561.14 99 
134408.5  32561.37 99 
134409.0  32561.19 99 
134409.5  32561.55 99 
134410.0  32561.30 99 
134410.5  32560.96 99 
134411.0  32561.30 99 
134411.5  32561.75 99 
134412.0  32561.55 99 
134412.5  32561.09 99 
134413.0  32561.17 99 
134413.5  32561.22 99 
134414.0  32561.11 98 
134414.5  32561.07 99 
134415.0  32561.68 99 
134415.5  32561.91 99 
134416.0  32562.05 99 
134416.5  32561.01 99 
134417.0  32561.35 99 
134417.5  32561.01 99 
134418.0  32561.26 99 
134418.5  32561.82 99 
134419.0  32561.57 99 
134419.5  32561.49 99 
134420.0  32561.77 99 
134420.5  32561.53 99 
134421.0  32561.55 99 
134421.5  32560.94 99 
134422.0  32561.06 99 
134422.5  32561.65 99 
134423.0  32561.46 99 
134423.5  32561.71 99 
134424.0  32561.03 99 
134424.5  32561.42 99 
134425.0  32561.50 99 
134425.5  32560.98 99 
134426.0  32561.33 99 
134426.5  32561.06 99 
134427.0  32561.56 99 
134427.5  32561.32 99 
134428.0  32561.39 99 
134428.5  32561.33 99 
134429.0  32561.46 99 
134429.5  32561.25 99 
134430.0  32561.10 99 
134430.5  32561.26 99 
134431.0  32561.13 99 
134431.5  32561.38 99 
134432.0  32561.69 99 
134432.5  32561.56 99 
134433.0  32561.61 99 
134433.5  32561.19 99 
134434.0  32561.06 99 
134434.5  32561.51 99 
134435.0  32561.66 99 
134435.5  32561.95 99 
134436.0  32561.48 99 
134436.5  32561.24 99 
134437.0  32561.22 99 
134437.5  32561.27 99 
134438.0  32561.61 99 
134438.5  32561.81 99 
134439.0  32561.28 99 
134439.5  32561.61 99 
134440.0  32560.72 99 
134440.5  32561.38 99 
134441.0  32561.44 99 
134441.5  32561.61 99 
134442.0  32561.25 99 
134442.5  32561.81 99 
134443.0  32561.37 99 
134443.5  32561.57 99 
134444.0  32561.59 99 
134444.5  32561.63 99 
134445.0  32561.25 99 
134445.5  32561.15 99 
134446.0  32561.55 99 
134446.5  32561.11 99 
134447.0  32561.49 99 
134447.5  32561.71 99 
134448.0  32561.26 99 
134448.5  32561.78 99 
134449.0  32561.96 99 
134449.5  32561.31 99 
134450.0  32561.55 99 
134450.5  32561.31 99 
134451.0  32561.82 99 
134451.5  32561.95 99 
134452.0  32561.30 99 
134452.5  32561.67 99 
134453.0  32561.89 99 
134453.5  32561.63 99 
134454.0  32561.54 99 
134454.5  32562.08 99 
134455.0  32561.83 99 
134455.5  32561.88 99 
134456.0  32561.78 99 
134456.5  32561.92 99 
134457.0  32561.78 99 
134457.5  32562.14 99 
134458.0  32561.73 99 
134458.5  32561.47 99 
134459.0  32561.80 99 
134459.5  32561.65 99 
134500.0  32561.51 99 
134500.5  32562.01 99 
134501.0  32561.41 99 
134501.5  32561.63 99 
134502.0  32561.27 99 
134502.5  32561.78 99 
134503.0  32562.09 99 
134503.5  32562.06 99 
134504.0  32561.03 99 
134504.5  32561.92 99 
134505.0  32561.80 99 
134505.5  32562.10 99 
134506.0  32561.56 99 
134506.5  32561.44 99 
134507.0  32561.31 99 
134507.5  32561.95 99 
134508.0  32561.99 99 
134508.5  32561.82 99 
134509.0  32561.78 99 
134509.5  32561.34 99 
134510.0  32561.82 99 
134510.5  32561.83 99 
134511.0  32561.50 99 
134511.5  32561.97 99 
134512.0  32562.31 99 
134512.5  32561.83 99 
134513.0  32561.24 99 
134513.5  32561.53 99 
134514.0  32561.87 99 
134514.5  32561.81 99 
134515.0  32561.76 99 
134515.5  32561.82 99 
134516.0  32561.73 99 
134516.5  32561.57 99 
134517.0  32562.14 99 
134517.5  32561.81 99 
134518.0  32561.82 99 
134518.5  32562.20 99 
134519.0  32562.00 99 
134519.5  32562.04 99 
134520.0  32561.97 99 
134520.5  32561.63 99 
134521.0  32561.86 99 
134521.5  32562.44 99 
134522.0  32562.09 99 
134522.5  32561.59 99 
134523.0  32561.97 99 
134523.5  32561.66 99 
134524.0  32561.87 99 
134524.5  32562.16 99 
134525.0  32562.27 99 
134525.5  32561.89 99 
134526.0  32562.12 99 
134526.5  32561.67 99 
134527.0  32561.68 99 
134527.5  32562.00 99 
134528.0  32562.40 99 
134528.5  32562.12 99 
134529.0  32562.34 99 
134529.5  32561.77 99 
134530.0  32562.19 99 
134530.5  32562.15 99 
134531.0  32561.76 99 
134531.5  32561.76 99 
134532.0  32561.45 99 
134532.5  32561.69 99 
134533.0  32561.96 99 
134533.5  32561.90 99 
134534.0  32561.66 99 
134534.5  32562.33 99 
134535.0  32561.78 99 
134535.5  32561.68 99 
134536.0  32561.69 99 
134536.5  32562.05 98 
134537.0  32561.70 99 
134537.5  32562.14 99 
134538.0  32561.80 99 
134538.5  32562.16 99 
134539.0  32561.76 99 
134539.5  32562.11 99 
134540.0  32562.18 99 
134540.5  32561.70 99 
134541.0  32561.94 99 
134541.5  32562.44 99 
134542.0  32562.41 99 
134542.5  32562.52 99 
134543.0  32561.52 99 
134543.5  32562.73 99 
134544.0  32561.65 99 
134544.5  32561.47 99 
134545.0  32561.93 99 
134545.5  32561.88 99 
134546.0  32562.58 99 
134546.5  32562.05 99 
134547.0  32561.60 99 
134547.5  32562.57 99 
134548.0  32561.29 99 
134548.5  32562.22 99 
134549.0  32562.06 99 
134549.5  32562.14 99 
134550.0  32562.08 99 
134550.5  32562.32 99 
134551.0  32562.40 99 
134551.5  32561.78 99 
134552.0  32561.83 99 
134552.5  32561.79 99 
134553.0  32561.74 99 
134553.5  32562.29 99 
134554.0  32562.41 99 
134554.5  32562.20 99 
134555.0  32562.06 99 
134555.5  32562.48 99 
134556.0  32562.11 99 
134556.5  32561.42 99 
134557.0  32561.92 99 
134557.5  32561.95 99 
134558.0  32561.55 99 
134558.5  32561.85 99 
134559.0  32561.95 99 
134559.5  32562.39 99 
134600.0  32561.80 99 
134600.5  32562.34 99 
134601.0  32562.01 99 
134601.5  32562.18 99 
134602.0  32561.80 99 
134602.5  32562.16 99 
134603.0  32561.87 99 
134603.5  32562.09 99 
134604.0  32561.79 99 
134604.5  32562.08 99 
134605.0  32561.94 99 
134605.5  32562.40 99 
134606.0  32561.81 99 
134606.5  32561.98 99 
134607.0  32562.04 99 
134607.5  32562.33 99 
134608.0  32561.48 99 
134608.5  32562.03 99 
134609.0  32561.99 99 
134609.5  32562.36 99 
134610.0  32562.31 99 
134610.5  32561.78 99 
134611.0  32562.00 99 
134611.5  32561.95 99 
134612.0  32562.24 99 
134612.5  32562.07 99 
134613.0  32561.92 99 
134613.5  32562.15 99 
134614.0  32562.17 99 
134614.5  32562.45 99 
134615.0  32562.39 99 
134615.5  32562.16 99 
134616.0  32562.24 99 
134616.5  32561.81 99 
134617.0  32562.06 99 
134617.5  32562.47 99 
134618.0  32562.19 99 
134618.5  32562.36 99 
134619.0  32562.82 99 
134619.5  32561.83 99 
134620.0  32562.62 99 
134620.5  32562.15 99 
134621.0  32562.23 99 
134621.5  32562.25 99 
134622.0  32562.43 99 
134622.5  32562.01 99 
134623.0  32562.56 99 
134623.5  32562.35 99 
134624.0  32562.37 99 
134624.5  32562.29 99 
134625.0  32562.34 99 
134625.5  32562.24 99 
134626.0  32562.78 99 
134626.5  32561.86 99 
134627.0  32562.15 99 
134627.5  32562.57 98 
134628.0  32562.81 99 
134628.5  32562.19 99 
134629.0  32561.92 99 
134629.5  32562.42 99 
134630.0  32562.30 99 
134630.5  32562.49 99 
134631.0  32562.17 99 
134631.5  32562.20 99 
134632.0  32562.54 99 
134632.5  32561.70 99 
134633.0  32562.19 99 
134633.5  32562.01 99 
134634.0  32562.58 99 
134634.5  32562.25 99 
134635.0  32562.03 99 
134635.5  32562.80 99 
134636.0  32562.36 99 
134636.5  32562.24 99 
134637.0  32562.23 99 
134637.5  32562.43 99 
134638.0  32561.96 99 
134638.5  32562.31 99 
134639.0  32562.36 99 
134639.5  32562.46 99 
134640.0  32562.47 99 
134640.5  32562.92 99 
134641.0  32562.44 99 
134641.5  32562.34 99 
134642.0  32562.28 99 
134642.5  32561.83 99 
134643.0  32562.13 99 
134643.5  32562.83 99 
134644.0  32562.95 99 
134644.5  32562.39 98 
134645.0  32562.53 99 
134645.5  32562.17 99 
134646.0  32562.44 99 
134646.5  32562.45 99 
134647.0  32562.32 99 
134647.5  32562.44 99 
134648.0  32562.07 99 
134648.5  32562.24 99 
134649.0  32562.42 99 
134649.5  32562.33 99 
134650.0  32562.58 99 
134650.5  32561.83 99 
134651.0  32562.27 99 
134651.5  32562.13 99 
134652.0  32562.48 99 
134652.5  32562.58 99 
134653.0  32562.69 99 
134653.5  32561.77 99 
134654.0  32562.20 99 
134654.5  32562.37 99 
134655.0  32562.61 99 
134655.5  32562.15 99 
134656.0  32562.08 99 
134656.5  32561.98 99 
134657.0  32562.72 99 
134657.5  32562.70 99 
134658.0  32562.09 99 
134658.5  32562.74 99 
134659.0  32562.60 99 
134659.5  32562.40 99 
134700.0  32561.82 99 
134700.5  32562.04 99 
134701.0  32562.17 99 
134701.5  32562.22 99 
134702.0  32562.72 99 
134702.5  32562.67 99 
134703.0  32562.36 99 
134703.5  32562.81 99 
134704.0  32562.20 99 
134704.5  32562.50 99 
134705.0  32562.30 99 
134705.5  32561.88 99 
134706.0  32562.75 99 
134706.5  32561.70 99 
134707.0  32562.77 99 
134707.5  32561.96 99 
134708.0  32562.43 99 
134708.5  32562.28 99 
134709.0  32562.23 99 
134709.5  32562.42 99 
134710.0  32561.92 99 
134710.5  32562.26 99 
134711.0  32561.94 99 
134711.5  32562.05 99 
134712.0  32561.99 99 
134712.5  32562.67 99 
134713.0  32562.26 99 
134713.5  32562.23 99 
134714.0  32562.43 99 
134714.5  32562.57 99 
134715.0  32562.33 99 
134715.5  32562.50 99 
134716.0  32562.90 99 
134716.5  32561.95 99 
134717.0  32561.82 99 
134717.5  32562.00 99 
134718.0  32562.40 99 
134718.5  32562.40 99 
134719.0  32562.34 99 
134719.5  32562.75 99 
134720.0  32562.83 99 
134720.5  32562.65 99 
134721.0  32562.32 99 
134721.5  32562.61 99 
134722.0  32562.63 99 
134722.5  32562.50 99 
134723.0  32562.41 99 
134723.5  32562.62 99 
134724.0  32562.06 99 
134724.5  32562.83 99 
134725.0  32562.57 99 
134725.5  32562.76 99 
134726.0  32562.82 99 
134726.5  32562.56 99 
134727.0  32563.00 99 
134727.5  32562.44 99 
134728.0  32562.24 99 
134728.5  32562.56 99 
134729.0  32562.07 99 
134729.5  32562.94 99 
134730.0  32562.89 99 
134730.5  32562.34 99 
134731.0  32562.49 99 
134731.5  32562.84 99 
134732.0  32562.77 99 
134732.5  32562.68 99 
134733.0  32562.29 99 
134733.5  32562.24 99 
134734.0  32562.24 99 
134734.5  32562.64 99 
134735.0  32562.21 99 
134735.5  32562.23 99 
134736.0  32561.96 99 
134736.5  32562.71 99 
134737.0  32561.69 99 
134737.5  32562.56 99 
134738.0  32562.74 99 
134738.5  32562.55 99 
134739.0  32562.38 99 
134739.5  32562.68 99 
134740.0  32562.11 99 
134740.5  32562.85 99 
134741.0  32562.57 99 
134741.5  32562.18 99 
134742.0  32563.01 99 
134742.5  32562.53 99 
134743.0  32562.15 99 
134743.5  32562.19 99 
134744.0  32562.65 99 
134744.5  32562.28 99 
134745.0  32562.30 99 
134745.5  32562.49 99 
134746.0  32562.40 99 
134746.5  32562.55 99 
134747.0  32562.92 99 
134747.5  32562.52 99 
134748.0  32562.31 99 
134748.5  32562.37 99 
134749.0  32561.84 99 
134749.5  32562.56 99 
134750.0  32562.21 99 
134750.5  32562.06 99 
134751.0  32562.63 99 
134751.5  32562.56 99 
134752.0  32562.59 99 
134752.5  32562.34 99 
134753.0  32562.90 99 
134753.5  32562.22 99 
134754.0  32562.60 99 
134754.5  32562.57 99 
134755.0  32561.98 99 
134755.5  32562.71 99 
134756.0  32562.13 99 
134756.5  32562.27 99 
134757.0  32562.26 99 
134757.5  32562.22 99 
134758.0  32562.07 99 
134758.5  32562.23 99 
134759.0  32562.02 99 
134759.5  32562.40 99 
134800.0  32561.81 99 
134800.5  32562.53 99 
134801.0  32562.72 99 
134801.5  32562.05 99 
134802.0  32562.35 99 
134802.5  32562.12 98 
134803.0  32562.87 99 
134803.5  32562.32 99 
134804.0  32562.18 99 
134804.5  32562.44 99 
134805.0  32562.03 99 
134805.5  32562.06 99 
134806.0  32562.13 99 
134806.5  32562.68 99 
134807.0  32562.37 99 
134807.5  32562.21 99 
134808.0  32562.45 99 
134808.5  32562.67 99 
134809.0  32562.09 99 
134809.5  32562.54 99 
134810.0  32562.11 99 
134810.5  32562.18 99 
134811.0  32562.43 99 
134811.5  32563.17 99 
134812.0  32562.54 99 
134812.5  32562.43 99 
134813.0  32562.77 99 
134813.5  32562.66 99 
134814.0  32562.73 99 
134814.5  32562.58 99 
134815.0  32562.61 99 
134815.5  32562.42 99 
134816.0  32562.44 99 
134816.5  32562.84 99 
134817.0  32562.58 99 
134817.5  32562.53 99 
134818.0  32561.94 99 
134818.5  32562.51 99 
134819.0  32562.45 99 
134819.5  32563.14 99 
134820.0  32562.51 99 
134820.5  32562.57 99 
134821.0  32562.72 99 
134821.5  32562.73 99 
134822.0  32563.20 99 
134822.5  32562.84 99 
134823.0  32562.00 99 
134823.5  32562.79 99 
134824.0  32562.76 99 
134824.5  32561.98 99 
134825.0  32562.67 99 
134825.5  32562.07 99 
134826.0  32562.24 99 
134826.5  32563.10 99 
134827.0  32562.28 99 
134827.5  32562.77 99 
134828.0  32562.04 99 
134828.5  32562.69 99 
134829.0  32561.95 99 
134829.5  32562.34 99 
134830.0  32562.47 98 
134830.5  32561.88 99 
134831.0  32562.86 99 
134831.5  32562.20 99 
134832.0  32562.34 99 
134832.5  32562.70 99 
134833.0  32562.14 99 
134833.5  32562.40 99 
134834.0  32562.83 99 
134834.5  32562.57 99 
134835.0  32562.30 99 
134835.5  32562.09 99 
134836.0  32562.57 99 
134836.5  32562.53 99 
134837.0  32562.22 99 
134837.5  32562.50 99 
134838.0  32562.44 99 
134838.5  32562.74 99 
134839.0  32562.28 98 
134839.5  32562.50 99 
134840.0  32562.17 99 
134840.5  32563.04 99 
134841.0  32562.20 99 
134841.5  32562.34 99 
134842.0  32562.90 99 
134842.5  32562.77 99 
134843.0  32562.42 99 
134843.5  32562.69 99 
134844.0  32562.75 99 
134844.5  32562.45 99 
134845.0  32562.44 99 
134845.5  32562.36 99 
134846.0  32562.87 99 
134846.5  32562.80 99 
134847.0  32562.52 99 
134847.5  32562.29 99 
134848.0  32562.47 99 
134848.5  32562.57 99 
134849.0  32562.36 99 
134849.5  32562.55 99 
134850.0  32562.26 99 
134850.5  32562.44 99 
134851.0  32562.29 99 
134851.5  32562.79 99 
134852.0  32562.38 99 
134852.5  32562.20 99 
134853.0  32562.06 99 
134853.5  32562.25 99 
134854.0  32562.45 99 
134854.5  32562.41 99 
134855.0  32562.51 99 
134855.5  32561.84 99 
134856.0  32562.55 99 
134856.5  32562.45 99 
134857.0  32562.32 99 
134857.5  32562.38 99 
134858.0  32561.66 99 
134858.5  32562.97 99 
134859.0  32562.83 99 
134859.5  32562.42 99 
134900.0  32562.16 99 
134900.5  32562.59 99 
134901.0  32562.30 99 
134901.5  32562.66 99 
134902.0  32562.43 99 
134902.5  32562.40 99 
134903.0  32562.52 99 
134903.5  32562.10 99 
134904.0  32562.63 99 
134904.5  32562.54 99 
134905.0  32562.33 99 
134905.5  32562.48 99 
134906.0  32562.57 99 
134906.5  32562.86 99 
134907.0  32562.08 99 
134907.5  32562.55 99 
134908.0  32562.58 99 
134908.5  32562.60 99 
134909.0  32562.06 99 
134909.5  32562.66 99 
134910.0  32562.76 99 
134910.5  32562.43 99 
134911.0  32562.78 99 
134911.5  32562.21 99 
134912.0  32562.01 99 
134912.5  32562.10 99 
134913.0  32562.59 99 
134913.5  32562.24 99 
134914.0  32562.56 99 
134914.5  32562.53 99 
134915.0  32562.47 99 
134915.5  32562.62 99 
134916.0  32563.08 99 
134916.5  32561.86 99 
134917.0  32562.14 99 
134917.5  32562.68 99 
134918.0  32562.81 99 
134918.5  32563.04 99 
134919.0  32562.57 99 
134919.5  32562.77 99 
134920.0  32562.18 99 
134920.5  32562.82 99 
134921.0  32562.63 99 
134921.5  32562.73 99 
134922.0  32562.32 99 
134922.5  32562.38 99 
134923.0  32562.17 99 
134923.5  32562.30 99 
134924.0  32562.59 99 
134924.5  32562.84 99 
134925.0  32562.33 99 
134925.5  32562.38 99 
134926.0  32562.56 99 
134926.5  32562.52 99 
134927.0  32562.14 99 
134927.5  32562.83 99 
134928.0  32562.01 99 
134928.5  32562.71 99 
134929.0  32562.13 99 
134929.5  32562.56 99 
134930.0  32562.47 99 
134930.5  32562.79 99 
134931.0  32562.89 99 
134931.5  32562.64 99 
134932.0  32562.11 99 
134932.5  32562.50 99 
134933.0  32562.60 99 
134933.5  32562.72 99 
134934.0  32562.32 99 
134934.5  32562.32 99 
134935.0  32562.45 99 
134935.5  32562.82 99 
134936.0  32563.15 99 
134936.5  32562.60 98 
134937.0  32562.22 99 
134937.5  32562.89 99 
134938.0  32561.89 99 
134938.5  32561.53 99 
134939.0  32562.13 99 
134939.5  32562.28 99 
134940.0  32562.55 99 
134940.5  32561.99 99 
134941.0  32562.45 99 
134941.5  32562.06 99 
134942.0  32562.10 99 
134942.5  32562.44 99 
134943.0  32562.21 99 
134943.5  32562.38 99 
134944.0  32562.20 99 
134944.5  32562.31 99 
134945.0  32562.38 99 
134945.5  32562.18 99 
134946.0  32562.73 99 
134946.5  32562.36 99 
134947.0  32562.52 99 
134947.5  32562.06 99 
134948.0  32561.90 99 
134948.5  32562.31 99 
134949.0  32562.24 99 
134949.5  32562.10 99 
134950.0  32561.82 99 
134950.5  32562.63 99 
134951.0  32562.10 99 
134951.5  32562.40 99 
134952.0  32562.54 99 
134952.5  32562.28 99 
134953.0  32561.78 99 
134953.5  32562.57 99 
134954.0  32562.59 99 
134954.5  32561.89 99 
134955.0  32562.33 99 
134955.5  32562.40 99 
134956.0  32562.36 99 
134956.5  32562.34 99 
134957.0  32562.00 99 
134957.5  32562.66 99 
134958.0  32562.65 99 
134958.5  32562.20 99 
134959.0  32562.32 99 
134959.5  32562.19 99 
135000.0  32562.42 99 
135000.5  32562.27 99 
135001.0  32561.85 99 
135001.5  32562.16 99 
135002.0  32562.04 99 
135002.5  32561.95 99 
135003.0  32562.37 99 
135003.5  32561.82 99 
135004.0  32562.55 99 
135004.5  32562.00 99 
135005.0  32562.19 99 
135005.5  32562.26 99 
135006.0  32561.99 99 
135006.5  32562.04 99 
135007.0  32562.18 99 
135007.5  32562.12 99 
135008.0  32562.28 99 
135008.5  32562.12 99 
135009.0  32562.14 99 
135009.5  32562.23 99 
135010.0  32562.46 99 
135010.5  32562.69 99 
135011.0  32561.72 99 
135011.5  32561.98 99 
135012.0  32562.60 99 
135012.5  32562.38 99 
135013.0  32561.86 99 
135013.5  32562.25 99 
135014.0  32561.77 99 
135014.5  32562.27 99 
135015.0  32562.18 99 
135015.5  32561.75 99 
135016.0  32562.06 99 
135016.5  32562.63 99 
135017.0  32562.36 99 
135017.5  32562.36 99 
135018.0  32562.50 99 
135018.5  32562.22 99 
135019.0  32562.23 99 
135019.5  32561.93 99 
135020.0  32562.05 99 
135020.5  32562.26 99 
135021.0  32562.19 99 
135021.5  32562.80 99 
135022.0  32561.81 99 
135022.5  32562.19 99 
135023.0  32562.28 99 
135023.5  32562.12 99 
135024.0  32562.44 99 
135024.5  32562.09 99 
135025.0  32562.19 99 
135025.5  32561.90 99 
135026.0  32562.47 99 
135026.5  32562.15 99 
135027.0  32562.15 99 
135027.5  32562.12 99 
135028.0  32562.17 99 
135028.5  32562.41 99 
135029.0  32562.00 99 
135029.5  32561.97 99 
135030.0  32561.93 99 
135030.5  32562.34 99 
135031.0  32561.80 99 
135031.5  32562.03 99 
135032.0  32562.16 99 
135032.5  32562.01 99 
135033.0  32561.70 99 
135033.5  32562.01 99 
135034.0  32562.59 99 
135034.5  32561.97 99 
135035.0  32562.10 99 
135035.5  32562.52 99 
135036.0  32562.04 99 
135036.5  32561.81 99 
135037.0  32562.01 99 
135037.5  32562.26 99 
135038.0  32561.64 99 
135038.5  32562.25 99 
135039.0  32562.44 99 
135039.5  32561.90 99 
135040.0  32561.97 99 
135040.5  32562.31 99 
135041.0  32562.47 99 
135041.5  32562.11 99 
135042.0  32561.88 99 
135042.5  32561.79 99 
135043.0  32561.63 99 
135043.5  32562.27 99 
135044.0  32562.00 99 
135044.5  32561.81 99 
135045.0  32561.87 99 
135045.5  32562.29 99 
135046.0  32562.05 99 
135046.5  32561.79 99 
135047.0  32562.54 99 
135047.5  32561.60 99 
135048.0  32561.82 99 
135048.5  32562.31 99 
135049.0  32562.03 99 
135049.5  32561.65 99 
135050.0  32561.70 99 
135050.5  32561.63 99 
135051.0  32562.39 99 
135051.5  32562.53 99 
135052.0  32562.39 99 
135052.5  32561.90 99 
135053.0  32561.81 99 
135053.5  32562.43 99 
135054.0  32561.90 99 
135054.5  32561.89 99 
135055.0  32562.43 99 
135055.5  32561.72 99 
135056.0  32561.62 99 
135056.5  32561.91 99 
135057.0  32561.34 99 
135057.5  32562.04 99 
135058.0  32561.62 99 
135058.5  32561.98 99 
135059.0  32562.01 99 
135059.5  32561.87 99 
135100.0  32561.83 99 
135100.5  32561.77 99 
135101.0  32561.66 99 
135101.5  32561.94 99 
135102.0  32562.24 99 
135102.5  32562.13 99 
135103.0  32561.98 99 
135103.5  32561.77 99 
135104.0  32561.97 99 
135104.5  32562.01 99 
135105.0  32561.77 99 
135105.5  32561.52 99 
135106.0  32561.91 99 
135106.5  32562.21 99 
135107.0  32562.13 99 
135107.5  32561.80 99 
135108.0  32562.54 99 
135108.5  32561.75 99 
135109.0  32562.09 99 
135109.5  32561.99 99 
135110.0  32562.52 99 
135110.5  32562.03 99 
135111.0  32561.58 99 
135111.5  32562.02 99 
135112.0  32561.76 99 
135112.5  32561.90 99 
135113.0  32562.39 99 
135113.5  32561.66 99 
135114.0  32562.17 99 
135114.5  32562.19 99 
135115.0  32562.16 99 
135115.5  32562.16 99 
135116.0  32561.92 99 
135116.5  32561.80 99 
135117.0  32561.93 99 
135117.5  32561.79 99 
135118.0  32562.06 99 
135118.5  32562.14 99 
135119.0  32561.85 99 
135119.5  32562.34 99 
135120.0  32561.62 99 
135120.5  32562.07 99 
135121.0  32561.78 99 
135121.5  32562.02 99 
135122.0  32561.80 99 
135122.5  32561.80 99 
135123.0  32562.04 99 
135123.5  32562.44 99 
135124.0  32561.75 99 
135124.5  32561.90 99 
135125.0  32562.00 99 
135125.5  32561.88 99 
135126.0  32562.11 99 
135126.5  32561.57 99 
135127.0  32561.83 99 
135127.5  32561.84 99 
135128.0  32561.61 99 
135128.5  32562.21 99 
135129.0  32561.61 99 
135129.5  32562.18 99 
135130.0  32561.89 99 
135130.5  32562.26 99 
135131.0  32562.05 98 
135131.5  32561.97 99 
135132.0  32561.66 99 
135132.5  32561.44 99 
135133.0  32561.62 99 
135133.5  32561.90 99 
135134.0  32561.72 99 
135134.5  32561.76 99 
135135.0  32561.93 99 
135135.5  32562.23 99 
135136.0  32561.70 99 
135136.5  32561.73 99 
135137.0  32561.18 99 
135137.5  32561.98 99 
135138.0  32561.75 99 
135138.5  32561.55 99 
135139.0  32562.03 99 
135139.5  32561.69 99 
135140.0  32561.54 99 
135140.5  32561.86 99 
135141.0  32562.33 99 
135141.5  32561.61 99 
135142.0  32561.58 99 
135142.5  32561.82 99 
135143.0  32561.53 99 
135143.5  32561.06 99 
135144.0  32561.76 99 
135144.5  32561.78 99 
135145.0  32562.07 99 
135145.5  32561.58 99 
135146.0  32561.38 99 
135146.5  32561.71 99 
135147.0  32562.37 99 
135147.5  32561.51 99 
135148.0  32561.09 99 
135148.5  32562.06 99 
135149.0  32561.56 99 
135149.5  32561.84 99 
135150.0  32561.67 99 
135150.5  32561.87 99 
135151.0  32561.84 99 
135151.5  32561.52 99 
135152.0  32561.71 99 
135152.5  32561.81 99 
135153.0  32561.24 99 
135153.5  32561.68 99 
135154.0  32561.39 99 
135154.5  32561.44 99 
135155.0  32561.79 99 
135155.5  32561.57 99 
135156.0  32561.44 99 
135156.5  32561.74 99 
135157.0  32561.59 99 
135157.5  32562.07 99 
135158.0  32561.62 99 
135158.5  32561.55 99 
135159.0  32561.31 99 
135159.5  32561.93 99 
135200.0  32561.71 99 
135200.5  32561.32 99 
135201.0  32562.10 99 
135201.5  32562.29 99 
135202.0  32561.37 99 
135202.5  32561.43 99 
135203.0  32561.58 99 
135203.5  32561.93 99 
135204.0  32562.09 99 
135204.5  32561.36 99 
135205.0  32561.76 99 
135205.5  32561.73 99 
135206.0  32562.14 99 
135206.5  32561.60 99 
135207.0  32561.87 99 
135207.5  32561.29 99 
135208.0  32561.55 99 
135208.5  32561.61 99 
135209.0  32561.87 98 
135209.5  32561.34 99 
135210.0  32561.72 99 
135210.5  32561.66 99 
135211.0  32561.36 99 
135211.5  32561.88 99 
135212.0  32561.61 99 
135212.5  32561.29 99 
135213.0  32560.73 99 
135213.5  32561.84 99 
135214.0  32561.43 99 
135214.5  32561.35 99 
135215.0  32561.47 99 
135215.5  32561.46 99 
135216.0  32561.78 99 
135216.5  32561.70 99 
135217.0  32561.27 99 
135217.5  32561.66 99 
135218.0  32561.43 99 
135218.5  32561.25 99 
135219.0  32561.08 99 
135219.5  32562.08 99 
135220.0  32561.35 99 
135220.5  32561.58 99 
135221.0  32561.49 99 
135221.5  32561.30 99 
135222.0  32561.76 99 
135222.5  32561.14 99 
135223.0  32561.62 99 
135223.5  32561.64 99 
135224.0  32561.64 99 
135224.5  32561.42 99 
135225.0  32561.42 99 
135225.5  32561.35 99 
135226.0  32561.81 99 
135226.5  32561.53 99 
135227.0  32561.27 99 
135227.5  32561.68 99 
135228.0  32560.97 99 
135228.5  32561.89 99 
135229.0  32561.39 99 
135229.5  32561.49 99 
135230.0  32561.66 99 
135230.5  32561.77 99 
135231.0  32561.49 99 
135231.5  32561.64 99 
135232.0  32561.67 99 
135232.5  32561.74 99 
135233.0  32561.49 99 
135233.5  32561.68 99 
135234.0  32561.59 99 
135234.5  32561.42 99 
135235.0  32561.31 99 
135235.5  32560.88 99 
135236.0  32560.85 99 
135236.5  32561.44 99 
135237.0  32561.33 99 
135237.5  32561.65 99 
135238.0  32561.72 99 
135238.5  32561.63 99 
135239.0  32561.35 99 
135239.5  32561.74 99 
135240.0  32561.45 99 
135240.5  32561.75 99 
135241.0  32561.22 99 
135241.5  32561.87 99 
135242.0  32561.33 99 
135242.5  32560.86 99 
135243.0  32561.60 99 
135243.5  32561.63 99 
135244.0  32561.56 99 
135244.5  32561.51 99 
135245.0  32561.99 98 
135245.5  32561.10 99 
135246.0  32561.55 99 
135246.5  32561.04 99 
135247.0  32560.91 99 
135247.5  32561.33 99 
135248.0  32561.04 99 
135248.5  32561.37 99 
135249.0  32561.10 99 
135249.5  32561.50 99 
135250.0  32561.54 99 
135250.5  32561.69 99 
135251.0  32560.35 99 
135251.5  32561.42 99 
135252.0  32561.18 99 
135252.5  32561.62 99 
135253.0  32561.35 99 
135253.5  32561.64 99 
135254.0  32561.02 99 
135254.5  32561.29 99 
135255.0  32561.38 99 
135255.5  32561.15 99 
135256.0  32561.34 99 
135256.5  32561.18 99 
135257.0  32561.43 99 
135257.5  32561.66 99 
135258.0  32561.82 99 
135258.5  32561.23 99 
135259.0  32561.56 99 
135259.5  32561.55 99 
135300.0  32560.98 99 
135300.5  32561.20 99 
135301.0  32561.77 99 
135301.5  32561.06 99 
135302.0  32561.25 99 
135302.5  32560.91 99 
135303.0  32561.06 99 
135303.5  32561.01 99 
135304.0  32562.06 99 
135304.5  32560.84 99 
135305.0  32561.57 99 
135305.5  32561.29 99 
135306.0  32561.00 99 
135306.5  32561.72 99 
135307.0  32560.79 99 
135307.5  32561.44 99 
135308.0  32561.46 99 
135308.5  32561.25 99 
135309.0  32561.52 99 
135309.5  32561.59 99 
135310.0  32560.95 99 
135310.5  32561.09 99 
135311.0  32561.19 99 
135311.5  32561.15 99 
135312.0  32561.62 99 
135312.5  32561.66 99 
135313.0  32560.84 99 
135313.5  32561.23 99 
135314.0  32561.15 99 
135314.5  32561.60 99 
135315.0  32561.05 99 
135315.5  32561.34 99 
135316.0  32561.43 99 
135316.5  32561.56 99 
135317.0  32561.23 99 
135317.5  32560.51 99 
135318.0  32561.39 99 
135318.5  32561.60 99 
135319.0  32561.04 99 
135319.5  32561.69 99 
135320.0  32561.83 99 
135320.5  32561.46 99 
135321.0  32561.20 99 
135321.5  32561.78 99 
135322.0  32561.48 99 
135322.5  32561.61 99 
135323.0  32561.12 99 
135323.5  32561.41 99 
135324.0  32560.58 99 
135324.5  32561.84 99 
135325.0  32561.31 99 
135325.5  32560.60 99 
135326.0  32561.01 99 
135326.5  32561.20 99 
135327.0  32560.87 99 
135327.5  32560.95 99 
135328.0  32561.48 99 
135328.5  32560.90 99 
135329.0  32560.94 99 
135329.5  32561.29 99 
135330.0  32561.12 99 
135330.5  32561.46 99 
135331.0  32560.95 99 
135331.5  32560.84 99 
135332.0  32561.01 99 
135332.5  32561.01 99 
135333.0  32561.29 99 
135333.5  32561.78 99 
135334.0  32561.52 99 
135334.5  32561.02 99 
135335.0  32561.41 99 
135335.5  32561.13 99 
135336.0  32560.90 99 
135336.5  32560.91 99 
135337.0  32561.11 99 
135337.5  32561.32 99 
135338.0  32561.25 99 
135338.5  32561.26 99 
135339.0  32561.06 99 
135339.5  32561.29 99 
135340.0  32560.97 99 
135340.5  32561.42 99 
135341.0  32560.95 99 
135341.5  32561.27 99 
135342.0  32561.11 99 
135342.5  32561.10 99 
135343.0  32561.02 99 
135343.5  32561.13 99 
135344.0  32560.50 99 
135344.5  32560.96 99 
135345.0  32560.72 99 
135345.5  32561.12 99 
135346.0  32561.02 99 
135346.5  32561.25 99 
135347.0  32560.89 99 
135347.5  32561.06 99 
135348.0  32561.22 99 
135348.5  32561.52 99 
135349.0  32560.83 99 
135349.5  32560.86 99 
135350.0  32560.95 99 
135350.5  32561.75 99 
135351.0  32561.04 99 
135351.5  32561.51 99 
135352.0  32560.85 99 
135352.5  32561.07 99 
135353.0  32561.07 99 
135353.5  32560.76 99 
135354.0  32561.14 99 
135354.5  32561.45 99 
135355.0  32560.91 99 
135355.5  32561.10 99 
135356.0  32561.39 99 
135356.5  32560.74 99 
135357.0  32561.73 99 
135357.5  32560.79 99 
135358.0  32560.92 99 
135358.5  32561.18 99 
135359.0  32560.74 99 
135359.5  32560.91 99 
135400.0  32561.48 99 
135400.5  32561.34 99 
135401.0  32561.13 99 
135401.5  32560.97 99 
135402.0  32560.95 99 
135402.5  32561.12 99 
135403.0  32561.48 99 
135403.5  32561.29 99 
135404.0  32560.89 99 
135404.5  32561.27 99 
135405.0  32561.19 99 
135405.5  32560.63 99 
135406.0  32561.09 99 
135406.5  32560.94 99 
135407.0  32560.94 99 
135407.5  32561.04 99 
135408.0  32561.49 99 
135408.5  32560.87 99 
135409.0  32561.20 99 
135409.5  32561.31 99 
135410.0  32560.65 99 
135410.5  32560.92 99 
135411.0  32560.89 99 
135411.5  32560.46 99 
135412.0  32560.98 99 
135412.5  32561.00 99 
135413.0  32561.22 99 
135413.5  32560.74 99 
135414.0  32561.60 99 
135414.5  32561.38 99 
135415.0  32560.70 99 
135415.5  32560.86 99 
135416.0  32561.13 99 
135416.5  32561.49 99 
135417.0  32560.79 99 
135417.5  32560.85 99 
135418.0  32560.67 99 
135418.5  32560.93 99 
135419.0  32561.23 99 
135419.5  32561.33 99 
135420.0  32560.80 99 
135420.5  32560.70 99 
135421.0  32561.46 99 
135421.5  32560.51 99 
135422.0  32560.80 99 
135422.5  32560.95 99 
135423.0  32561.39 99 
135423.5  32560.94 99 
135424.0  32560.94 99 
135424.5  32561.65 99 
135425.0  32560.99 99 
135425.5  32561.00 99 
135426.0  32560.95 99 
135426.5  32561.09 99 
135427.0  32561.05 99 
135427.5  32561.15 99 
135428.0  32561.42 99 
135428.5  32561.20 99 
135429.0  32561.14 99 
135429.5  32560.66 99 
135430.0  32561.06 99 
135430.5  32560.86 99 
135431.0  32560.73 99 
135431.5  32560.86 99 
135432.0  32560.83 99 
135432.5  32561.16 99 
135433.0  32560.93 99 
135433.5  32561.05 99 
135434.0  32560.98 99 
135434.5  32561.13 99 
135435.0  32560.69 99 
135435.5  32561.15 99 
135436.0  32560.75 99 
135436.5  32560.64 99 
135437.0  32561.01 99 
135437.5  32560.70 99 
135438.0  32560.67 99 
135438.5  32561.19 98 
135439.0  32560.95 99 
135439.5  32560.90 99 
135440.0  32560.89 99 
135440.5  32560.73 99 
135441.0  32561.06 99 
135441.5  32561.52 99 
135442.0  32561.02 99 
135442.5  32560.63 99 
135443.0  32561.19 99 
135443.5  32560.57 99 
135444.0  32561.18 99 
135444.5  32560.51 99 
135445.0  32561.32 99 
135445.5  32561.43 99 
135446.0  32561.48 99 
135446.5  32560.54 99 
135447.0  32560.66 99 
135447.5  32560.39 99 
135448.0  32561.00 99 
135448.5  32560.64 99 
135449.0  32561.05 99 
135449.5  32560.86 99 
135450.0  32560.97 99 
135450.5  32560.60 99 
135451.0  32560.99 99 
135451.5  32560.95 99 
135452.0  32560.43 99 
135452.5  32560.82 99 
135453.0  32561.43 99 
135453.5  32561.09 99 
135454.0  32560.88 99 
135454.5  32560.81 99 
135455.0  32560.64 99 
135455.5  32560.99 99 
135456.0  32561.20 99 
135456.5  32561.26 99 
135457.0  32561.19 99 
135457.5  32560.68 99 
135458.0  32561.29 99 
135458.5  32560.59 99 
135459.0  32560.99 99 
135459.5  32561.12 99 
135500.0  32560.69 99 
135500.5  32560.71 99 
135501.0  32560.76 99 
135501.5  32560.60 99 
135502.0  32560.57 99 
135502.5  32560.65 99 
135503.0  32561.02 99 
135503.5  32561.02 99 
135504.0  32561.00 99 
135504.5  32560.67 99 
135505.0  32560.88 99 
135505.5  32561.04 99 
135506.0  32560.47 99 
135506.5  32560.39 99 
135507.0  32560.92 99 
135507.5  32560.62 99 
135508.0  32561.02 99 
135508.5  32561.06 99 
135509.0  32560.53 99 
135509.5  32560.68 99 
135510.0  32560.80 99 
135510.5  32561.07 99 
135511.0  32560.73 99 
135511.5  32560.90 99 
135512.0  32561.04 99 
135512.5  32561.11 99 
135513.0  32560.43 99 
135513.5  32561.41 99 
135514.0  32560.85 99 
135514.5  32561.01 99 
135515.0  32560.42 99 
135515.5  32561.30 99 
135516.0  32560.55 99 
135516.5  32560.76 99 
135517.0  32560.63 99 
135517.5  32561.11 99 
135518.0  32560.58 99 
135518.5  32560.95 99 
135519.0  32561.05 99 
135519.5  32560.95 99 
135520.0  32560.59 99 
135520.5  32561.25 99 
135521.0  32561.11 99 
135521.5  32560.86 99 
135522.0  32560.51 99 
135522.5  32560.48 99 
135523.0  32561.00 99 
135523.5  32560.77 99 
135524.0  32561.06 99 
135524.5  32561.49 99 
135525.0  32560.85 99 
135525.5  32560.74 99 
135526.0  32560.97 99 
135526.5  32561.18 99 
135527.0  32561.17 99 
135527.5  32561.33 99 
135528.0  32560.12 99 
135528.5  32561.41 99 
135529.0  32560.57 99 
135529.5  32560.77 99 
135530.0  32560.93 99 
135530.5  32560.51 99 
135531.0  32560.78 99 
135531.5  32560.96 99 
135532.0  32560.90 99 
135532.5  32561.37 99 
135533.0  32561.18 99 
135533.5  32560.78 99 
135534.0  32561.01 99 
135534.5  32560.90 99 
135535.0  32560.90 99 
135535.5  32560.67 99 
135536.0  32560.69 99 
135536.5  32560.56 99 
135537.0  32560.66 99 
135537.5  32560.67 99 
135538.0  32560.88 99 
135538.5  32560.33 99 
135539.0  32560.36 99 
135539.5  32561.26 99 
135540.0  32561.15 99 
135540.5  32560.76 99 
135541.0  32560.71 99 
135541.5  32560.88 99 
135542.0  32560.56 99 
135542.5  32560.44 99 
135543.0  32560.39 99 
135543.5  32560.84 99 
135544.0  32560.68 99 
135544.5  32560.89 99 
135545.0  32561.01 99 
135545.5  32560.98 99 
135546.0  32560.69 99 
135546.5  32560.84 99 
135547.0  32560.43 99 
135547.5  32560.74 99 
135548.0  32560.15 99 
135548.5  32560.76 99 
135549.0  32560.81 99 
135549.5  32560.89 99 
135550.0  32561.14 99 
135550.5  32561.09 99 
135551.0  32560.59 99 
135551.5  32560.51 99 
135552.0  32560.80 99 
135552.5  32560.81 99 
135553.0  32560.82 99 
135553.5  32561.44 99 
135554.0  32560.83 99 
135554.5  32560.72 99 
135555.0  32560.60 99 
135555.5  32560.72 99 
135556.0  32560.00 99 
135556.5  32560.92 99 
135557.0  32560.46 99 
135557.5  32560.76 99 
135558.0  32560.86 99 
135558.5  32560.91 99 
135559.0  32560.84 99 
135559.5  32560.76 99 
135600.0  32560.79 99 
135600.5  32560.71 99 
135601.0  32560.18 99 
135601.5  32560.88 99 
135602.0  32560.41 99 
135602.5  32560.65 99 
135603.0  32560.53 99 
135603.5  32561.13 99 
135604.0  32560.90 99 
135604.5  32560.89 99 
135605.0  32560.84 99 
135605.5  32560.58 99 
135606.0  32560.74 99 
135606.5  32560.99 99 
135607.0  32561.24 99 
135607.5  32560.56 99 
135608.0  32560.68 99 
135608.5  32561.34 99 
135609.0  32560.95 99 
135609.5  32561.24 99 
135610.0  32560.94 99 
135610.5  32560.50 99 
135611.0  32560.63 99 
135611.5  32561.11 99 
135612.0  32560.51 99 
135612.5  32561.06 99 
135613.0  32560.47 99 
135613.5  32560.45 99 
135614.0  32560.64 99 
135614.5  32560.99 99 
135615.0  32560.26 99 
135615.5  32560.93 99 
135616.0  32560.56 99 
135616.5  32560.81 99 
135617.0  32560.98 99 
135617.5  32560.34 99 
135618.0  32560.74 99 
135618.5  32560.97 99 
135619.0  32560.47 99 
135619.5  32560.52 99 
135620.0  32560.77 99 
135620.5  32560.86 99 
135621.0  32560.78 99 
135621.5  32560.70 99 
135622.0  32560.81 99 
135622.5  32560.51 99 
135623.0  32561.00 99 
135623.5  32560.59 99 
135624.0  32560.89 99 
135624.5  32561.00 99 
135625.0  32560.65 99 
135625.5  32560.66 99 
135626.0  32560.48 99 
135626.5  32560.56 99 
135627.0  32561.15 99 
135627.5  32560.82 99 
135628.0  32560.77 99 
135628.5  32560.56 99 
135629.0  32560.63 99 
135629.5  32560.64 99 
135630.0  32560.69 99 
135630.5  32560.76 99 
135631.0  32560.34 99 
135631.5  32560.16 99 
135632.0  32560.19 99 
135632.5  32560.65 99 
135633.0  32561.06 99 
135633.5  32560.98 99 
135634.0  32560.70 99 
135634.5  32560.82 99 
135635.0  32560.68 99 
135635.5  32561.00 99 
135636.0  32560.74 99 
135636.5  32560.18 99 
135637.0  32560.57 99 
135637.5  32561.37 99 
135638.0  32560.87 99 
135638.5  32560.89 99 
135639.0  32560.77 99 
135639.5  32561.06 99 
135640.0  32560.53 99 
135640.5  32560.84 99 
135641.0  32560.74 99 
135641.5  32560.50 99 
135642.0  32560.84 99 
135642.5  32560.93 99 
135643.0  32560.77 99 
135643.5  32560.60 99 
135644.0  32560.57 99 
135644.5  32561.06 99 
135645.0  32560.55 99 
135645.5  32560.99 99 
135646.0  32560.70 99 
135646.5  32560.79 99 
135647.0  32560.80 99 
135647.5  32561.03 99 
135648.0  32561.19 99 
135648.5  32561.42 99 
135649.0  32561.12 99 
135649.5  32560.81 99 
135650.0  32560.38 99 
135650.5  32560.50 99 
135651.0  32560.97 99 
135651.5  32560.33 99 
135652.0  32560.62 99 
135652.5  32560.73 99 
135653.0  32560.84 99 
135653.5  32560.86 99 
135654.0  32560.61 99 
135654.5  32559.89 99 
135655.0  32560.55 99 
135655.5  32560.78 99 
135656.0  32560.72 99 
135656.5  32560.44 99 
135657.0  32560.28 99 
135657.5  32560.98 99 
135658.0  32560.81 99 
135658.5  32560.74 99 
135659.0  32560.32 99 
135659.5  32560.99 99 
135700.0  32560.49 99 
135700.5  32561.26 99 
135701.0  32560.69 99 
135701.5  32560.75 99 
135702.0  32561.43 99 
135702.5  32560.77 99 
135703.0  32560.56 99 
135703.5  32560.87 99 
135704.0  32560.34 99 
135704.5  32561.22 99 
135705.0  32560.69 99 
135705.5  32560.33 99 
135706.0  32561.03 99 
135706.5  32560.65 99 
135707.0  32560.28 99 
135707.5  32560.69 99 
135708.0  32560.93 99 
135708.5  32560.62 99 
135709.0  32560.46 99 
135709.5  32560.69 99 
135710.0  32560.95 99 
135710.5  32560.65 99 
135711.0  32560.82 99 
135711.5  32560.13 99 
135712.0  32560.59 99 
135712.5  32560.86 99 
135713.0  32560.53 99 
135713.5  32560.48 99 
135714.0  32560.87 99 
135714.5  32560.29 99 
135715.0  32560.69 99 
135715.5  32560.49 99 
135716.0  32560.71 99 
135716.5  32560.87 99 
135717.0  32560.76 99 
135717.5  32560.98 99 
135718.0  32561.12 99 
135718.5  32560.54 99 
135719.0  32560.87 99 
135719.5  32560.35 99 
135720.0  32560.96 99 
135720.5  32560.33 99 
135721.0  32560.87 99 
135721.5  32560.30 99 
135722.0  32560.71 99 
135722.5  32560.73 99 
135723.0  32560.65 99 
135723.5  32561.21 99 
135724.0  32560.57 99 
135724.5  32560.73 99 
135725.0  32560.65 99 
135725.5  32560.79 99 
135726.0  32561.22 99 
135726.5  32560.65 99 
135727.0  32560.67 99 
135727.5  32561.26 99 
135728.0  32560.29 99 
135728.5  32561.35 99 
135729.0  32560.92 99 
135729.5  32560.70 98 
135730.0  32560.52 99 
135730.5  32560.66 99 
135731.0  32561.18 99 
135731.5  32560.80 99 
135732.0  32560.74 99 
135732.5  32560.64 99 
135733.0  32560.77 99 
135733.5  32561.13 99 
135734.0  32560.84 99 
135734.5  32560.51 99 
135735.0  32560.49 99 
135735.5  32560.63 99 
135736.0  32560.96 99 
135736.5  32561.14 99 
135737.0  32561.02 99 
135737.5  32560.85 99 
135738.0  32560.88 99 
135738.5  32560.50 99 
135739.0  32560.41 99 
135739.5  32560.65 99 
135740.0  32560.87 99 
135740.5  32560.62 99 
135741.0  32561.15 99 
135741.5  32560.89 99 
135742.0  32561.02 99 
135742.5  32561.10 99 
135743.0  32561.14 99 
135743.5  32560.58 99 
135744.0  32560.52 99 
135744.5  32560.79 99 
135745.0  32560.74 99 
135745.5  32560.38 99 
135746.0  32561.06 99 
135746.5  32560.76 99 
135747.0  32560.30 99 
135747.5  32560.50 99 
135748.0  32560.59 99 
135748.5  32560.59 99 
135749.0  32560.45 99 
135749.5  32560.40 99 
135750.0  32561.25 99 
135750.5  32560.59 99 
135751.0  32561.01 99 
135751.5  32560.89 99 
135752.0  32560.75 99 
135752.5  32560.79 99 
135753.0  32560.73 99 
135753.5  32560.77 99 
135754.0  32560.57 99 
135754.5  32560.33 99 
135755.0  32560.95 99 
135755.5  32560.87 99 
135756.0  32561.07 99 
135756.5  32560.62 99 
135757.0  32560.58 99 
135757.5  32560.42 99 
135758.0  32560.78 99 
135758.5  32560.58 99 
135759.0  32560.90 99 
135759.5  32560.51 99 
135800.0  32560.98 99 
135800.5  32560.95 99 
135801.0  32561.03 99 
135801.5  32560.81 99 
135802.0  32560.99 99 
135802.5  32561.35 99 
135803.0  32560.92 99 
135803.5  32560.84 99 
135804.0  32560.68 99 
135804.5  32560.80 99 
135805.0  32560.57 99 
135805.5  32561.30 99 
135806.0  32561.30 99 
135806.5  32560.87 99 
135807.0  32560.82 99 
135807.5  32561.43 99 
135808.0  32560.57 99 
135808.5  32560.95 99 
135809.0  32561.03 99 
135809.5  32560.99 99 
135810.0  32560.88 99 
135810.5  32560.40 99 
135811.0  32560.65 99 
135811.5  32560.58 99 
135812.0  32560.49 99 
135812.5  32561.09 99 
135813.0  32560.94 99 
135813.5  32561.16 99 
135814.0  32561.11 99 
135814.5  32560.66 99 
135815.0  32560.76 99 
135815.5  32561.12 99 
135816.0  32560.78 99 
135816.5  32560.83 99 
135817.0  32560.82 99 
135817.5  32561.26 99 
135818.0  32560.54 99 
135818.5  32561.10 99 
135819.0  32561.16 99 
135819.5  32561.27 99 
135820.0  32560.38 99 
135820.5  32560.98 99 
135821.0  32561.14 99 
135821.5  32561.13 99 
135822.0  32560.41 99 
135822.5  32560.83 99 
135823.0  32561.10 99 
135823.5  32561.20 99 
135824.0  32561.07 99 
135824.5  32560.93 99 
135825.0  32561.10 99 
135825.5  32560.33 99 
135826.0  32560.98 99 
135826.5  32561.06 99 
135827.0  32561.09 99 
135827.5  32560.95 99 
135828.0  32560.65 99 
135828.5  32560.69 99 
135829.0  32561.18 99 
135829.5  32561.28 99 
135830.0  32560.89 99 
135830.5  32560.90 99 
135831.0  32560.50 99 
135831.5  32561.13 99 
135832.0  32560.42 99 
135832.5  32560.83 99 
135833.0  32560.78 99 
135833.5  32560.80 99 
135834.0  32560.49 99 
135834.5  32560.94 99 
135835.0  32561.07 99 
135835.5  32560.99 99 
135836.0  32560.95 99 
135836.5  32561.47 99 
135837.0  32561.11 99 
135837.5  32560.95 99 
135838.0  32561.12 99 
135838.5  32560.83 99 
135839.0  32560.90 99 
135839.5  32560.72 99 
135840.0  32560.60 99 
135840.5  32561.14 99 
135841.0  32561.16 99 
135841.5  32561.63 99 
135842.0  32561.32 99 
135842.5  32561.20 99 
135843.0  32560.62 99 
135843.5  32560.98 99 
135844.0  32560.86 99 
135844.5  32561.16 99 
135845.0  32561.09 99 
135845.5  32561.07 99 
135846.0  32561.31 99 
135846.5  32561.43 99 
135847.0  32560.98 99 
135847.5  32561.12 99 
135848.0  32560.55 99 
135848.5  32560.72 99 
135849.0  32560.48 99 
135849.5  32561.17 99 
135850.0  32561.46 99 
135850.5  32561.64 99 
135851.0  32560.64 99 
135851.5  32560.79 99 
135852.0  32561.22 99 
135852.5  32561.34 99 
135853.0  32560.56 99 
135853.5  32560.61 99 
135854.0  32560.69 99 
135854.5  32561.02 99 
135855.0  32561.24 99 
135855.5  32561.36 99 
135856.0  32561.18 99 
135856.5  32561.47 99 
135857.0  32561.30 99 
135857.5  32561.41 99 
135858.0  32561.00 99 
135858.5  32560.98 99 
135859.0  32561.12 99 
135859.5  32560.53 99 
135900.0  32561.27 99 
135900.5  32561.19 99 
135901.0  32561.55 99 
135901.5  32560.86 99 
135902.0  32560.79 99 
135902.5  32561.28 99 
135903.0  32561.08 99 
135903.5  32561.25 99 
135904.0  32560.90 99 
135904.5  32560.64 99 
135905.0  32560.75 99 
135905.5  32560.98 99 
135906.0  32561.20 99 
135906.5  32561.36 99 
135907.0  32561.14 99 
135907.5  32560.75 99 
135908.0  32561.29 99 
135908.5  32560.50 99 
135909.0  32561.25 99 
135909.5  32561.02 99 
135910.0  32561.13 99 
135910.5  32561.90 99 
135911.0  32561.19 99 
135911.5  32561.07 99 
135912.0  32561.46 99 
135912.5  32560.53 99 
135913.0  32560.94 99 
135913.5  32560.97 99 
135914.0  32560.93 99 
135914.5  32561.36 99 
135915.0  32561.39 99 
135915.5  32561.30 99 
135916.0  32560.94 99 
135916.5  32561.43 99 
135917.0  32561.43 99 
135917.5  32561.26 99 
135918.0  32561.30 99 
135918.5  32561.58 99 
135919.0  32561.32 99 
135919.5  32561.23 99 
135920.0  32561.46 99 
135920.5  32560.68 99 
135921.0  32561.13 99 
135921.5  32561.07 99 
135922.0  32561.36 99 
135922.5  32561.54 99 
135923.0  32561.30 99 
135923.5  32561.34 99 
135924.0  32561.43 99 
135924.5  32560.82 99 
135925.0  32560.74 99 
135925.5  32561.06 99 
135926.0  32561.14 99 
135926.5  32561.39 99 
135927.0  32561.09 99 
135927.5  32560.94 99 
135928.0  32561.14 98 
135928.5  32561.46 99 
135929.0  32561.06 99 
135929.5  32561.69 99 
135930.0  32561.25 99 
135930.5  32561.41 99 
135931.0  32561.25 99 
135931.5  32561.37 99 
135932.0  32561.11 99 
135932.5  32561.49 99 
135933.0  32560.44 99 
135933.5  32561.20 99 
135934.0  32560.74 99 
135934.5  32561.05 99 
135935.0  32561.24 99 
135935.5  32560.89 99 
135936.0  32561.20 99 
135936.5  32560.80 99 
135937.0  32561.43 99 
135937.5  32561.14 99 
135938.0  32561.18 99 
135938.5  32561.26 99 
135939.0  32560.90 99 
135939.5  32561.48 99 
135940.0  32560.96 99 
135940.5  32560.86 99 
135941.0  32561.16 99 
135941.5  32561.19 99 
135942.0  32561.07 99 
135942.5  32560.88 99 
135943.0  32561.29 99 
135943.5  32561.47 99 
135944.0  32561.15 99 
135944.5  32560.83 99 
135945.0  32560.86 99 
135945.5  32561.03 99 
135946.0  32561.19 99 
135946.5  32561.15 99 
135947.0  32561.23 99 
135947.5  32560.79 99 
135948.0  32561.62 99 
135948.5  32561.34 99 
135949.0  32561.53 99 
135949.5  32561.42 99 
135950.0  32561.39 99 
135950.5  32561.49 99 
135951.0  32561.40 99 
135951.5  32561.44 99 
135952.0  32560.98 99 
135952.5  32561.61 99 
135953.0  32561.16 99 
135953.5  32561.34 99 
135954.0  32561.08 99 
135954.5  32560.76 99 
135955.0  32561.47 99 
135955.5  32560.65 99 
135956.0  32561.10 99 
135956.5  32561.21 99 
135957.0  32561.01 99 
135957.5  32561.35 99 
135958.0  32561.14 99 
135958.5  32561.70 99 
135959.0  32561.22 99 
135959.5  32561.11 99 
140000.0  32560.81 99 
140000.5  32560.77 99 
140001.0  32561.22 99 
140001.5  32560.92 99 
140002.0  32560.76 99 
140002.5  32560.89 99 
140003.0  32561.08 99 
140003.5  32561.00 99 
140004.0  32560.81 99 
140004.5  32560.93 99 
140005.0  32561.28 99 
140005.5  32561.77 99 
140006.0  32561.12 99 
140006.5  32561.25 99 
140007.0  32561.10 99 
140007.5  32560.93 99 
140008.0  32560.59 99 
140008.5  32561.40 99 
140009.0  32561.46 99 
140009.5  32561.17 99 
140010.0  32561.11 99 
140010.5  32560.89 99 
140011.0  32561.09 99 
140011.5  32560.70 99 
140012.0  32561.06 99 
140012.5  32561.52 99 
140013.0  32561.04 99 
140013.5  32561.57 99 
140014.0  32561.44 99 
140014.5  32561.20 99 
140015.0  32561.32 99 
140015.5  32561.31 99 
140016.0  32561.36 99 
140016.5  32561.27 99 
140017.0  32561.36 99 
140017.5  32561.08 99 
140018.0  32561.16 99 
140018.5  32560.89 99 
140019.0  32561.21 99 
140019.5  32561.27 99 
140020.0  32561.39 99 
140020.5  32561.43 99 
140021.0  32561.05 99 
140021.5  32561.18 99 
140022.0  32561.30 99 
140022.5  32561.01 99 
140023.0  32561.41 99 
140023.5  32561.41 99 
140024.0  32561.05 98 
140024.5  32561.36 99 
140025.0  32561.59 99 
140025.5  32561.21 99 
140026.0  32561.17 99 
140026.5  32561.19 99 
140027.0  32561.35 99 
140027.5  32561.39 99 
140028.0  32561.39 99 
140028.5  32560.32 99 
140029.0  32561.52 99 
140029.5  32561.40 99 
140030.0  32561.11 99 
140030.5  32560.98 99 
140031.0  32561.33 99 
140031.5  32561.61 99 
140032.0  32561.30 99 
140032.5  32561.35 99 
140033.0  32561.30 99 
140033.5  32561.68 99 
140034.0  32560.97 99 
140034.5  32561.28 99 
140035.0  32561.50 99 
140035.5  32561.15 99 
140036.0  32561.02 99 
140036.5  32561.65 99 
140037.0  32560.98 99 
140037.5  32561.53 99 
140038.0  32561.13 99 
140038.5  32561.34 99 
140039.0  32561.52 99 
140039.5  32560.66 99 
140040.0  32560.84 99 
140040.5  32560.81 99 
140041.0  32560.99 99 
140041.5  32561.12 99 
140042.0  32561.42 99 
140042.5  32561.30 99 
140043.0  32562.18 99 
140043.5  32561.01 99 
140044.0  32561.44 99 
140044.5  32561.21 99 
140045.0  32560.62 99 
140045.5  32561.21 99 
140046.0  32561.44 99 
140046.5  32561.16 99 
140047.0  32561.05 99 
140047.5  32561.18 99 
140048.0  32561.02 99 
140048.5  32561.34 99 
140049.0  32561.48 99 
140049.5  32561.01 99 
140050.0  32561.23 99 
140050.5  32561.66 99 
140051.0  32561.18 99 
140051.5  32561.24 99 
140052.0  32561.48 99 
140052.5  32560.96 99 
140053.0  32561.71 99 
140053.5  32560.93 99 
140054.0  32561.38 99 
140054.5  32560.73 99 
140055.0  32561.43 99 
140055.5  32561.33 99 
140056.0  32560.97 99 
140056.5  32561.40 99 
140057.0  32560.97 99 
140057.5  32561.63 99 
140058.0  32560.97 99 
140058.5  32561.52 99 
140059.0  32561.19 99 
140059.5  32561.79 99 
140100.0  32560.96 99 
140100.5  32560.94 99 
140101.0  32561.46 99 
140101.5  32561.56 99 
140102.0  32560.84 99 
140102.5  32561.62 99 
140103.0  32561.10 99 
140103.5  32561.64 99 
140104.0  32560.82 99 
140104.5  32560.88 99 
140105.0  32561.05 99 
140105.5  32561.34 99 
140106.0  32560.90 99 
140106.5  32561.59 99 
140107.0  32560.99 99 
140107.5  32561.37 99 
140108.0  32561.70 99 
140108.5  32561.32 99 
140109.0  32561.25 99 
140109.5  32561.55 99 
140110.0  32560.85 99 
140110.5  32561.34 99 
140111.0  32561.46 99 
140111.5  32560.95 99 
140112.0  32561.26 99 
140112.5  32561.54 99 
140113.0  32561.72 99 
140113.5  32561.36 99 
140114.0  32561.43 99 
140114.5  32561.22 99 
140115.0  32561.10 99 
140115.5  32561.30 99 
140116.0  32561.45 99 
140116.5  32562.03 99 
140117.0  32561.19 99 
140117.5  32561.09 99 
140118.0  32561.40 99 
140118.5  32561.43 99 
140119.0  32561.31 99 
140119.5  32560.86 99 
140120.0  32561.18 99 
140120.5  32561.28 99 
140121.0  32561.64 99 
140121.5  32561.15 99 
140122.0  32561.10 99 
140122.5  32560.79 99 
140123.0  32560.69 99 
140123.5  32561.22 99 
140124.0  32561.31 99 
140124.5  32561.10 99 
140125.0  32561.10 98 
140125.5  32560.94 99 
140126.0  32560.79 99 
140126.5  32561.23 99 
140127.0  32561.08 99 
140127.5  32561.44 99 
140128.0  32561.79 99 
140128.5  32561.31 99 
140129.0  32560.61 99 
140129.5  32560.80 99 
140130.0  32560.81 99 
140130.5  32560.83 99 
140131.0  32561.39 99 
140131.5  32560.63 99 
140132.0  32561.20 99 
140132.5  32561.10 99 
140133.0  32561.27 99 
140133.5  32561.26 99 
140134.0  32561.08 99 
140134.5  32560.94 99 
140135.0  32561.25 99 
140135.5  32561.13 99 
140136.0  32561.05 99 
140136.5  32561.01 99 
140137.0  32561.09 99 
140137.5  32561.15 99 
140138.0  32560.51 99 
140138.5  32561.24 99 
140139.0  32561.23 99 
140139.5  32560.90 99 
140140.0  32561.09 99 
140140.5  32560.90 99 
140141.0  32561.35 99 
140141.5  32561.08 99 
140142.0  32561.15 99 
140142.5  32561.06 99 
140143.0  32560.83 99 
140143.5  32561.72 99 
140144.0  32561.01 99 
140144.5  32560.60 99 
140145.0  32560.80 99 
140145.5  32561.19 99 
140146.0  32561.04 99 
140146.5  32561.38 99 
140147.0  32561.11 99 
140147.5  32560.86 99 
140148.0  32560.98 99 
140148.5  32561.47 99 
140149.0  32561.27 99 
140149.5  32561.02 99 
140150.0  32561.15 99 
140150.5  32560.99 99 
140151.0  32561.31 99 
140151.5  32561.60 99 
140152.0  32561.45 99 
140152.5  32560.97 99 
140153.0  32561.15 99 
140153.5  32561.01 99 
140154.0  32560.61 99 
140154.5  32560.93 99 
140155.0  32561.11 99 
140155.5  32561.11 99 
140156.0  32561.22 99 
140156.5  32561.40 99 
140157.0  32560.73 99 
140157.5  32560.90 99 
140158.0  32560.62 99 
140158.5  32561.10 99 
140159.0  32561.08 99 
140159.5  32560.85 99 
140200.0  32560.82 99 
140200.5  32561.18 99 
140201.0  32561.18 99 
140201.5  32561.03 99 
140202.0  32561.32 99 
140202.5  32561.08 99 
140203.0  32560.96 99 
140203.5  32560.20 99 
140204.0  32561.42 99 
140204.5  32561.13 99 
140205.0  32561.41 99 
140205.5  32560.96 99 
140206.0  32561.33 99 
140206.5  32560.84 99 
140207.0  32561.16 99 
140207.5  32561.10 99 
140208.0  32561.15 99 
140208.5  32561.07 99 
140209.0  32560.54 99 
140209.5  32560.92 99 
140210.0  32561.36 99 
140210.5  32560.80 99 
140211.0  32561.00 99 
140211.5  32561.04 99 
140212.0  32561.07 99 
140212.5  32561.22 99 
140213.0  32561.31 99 
140213.5  32560.68 99 
140214.0  32560.90 99 
140214.5  32561.06 99 
140215.0  32561.13 99 
140215.5  32560.81 99 
140216.0  32560.99 99 
140216.5  32561.00 99 
140217.0  32560.91 99 
140217.5  32561.30 99 
140218.0  32561.35 99 
140218.5  32560.88 99 
140219.0  32561.33 99 
140219.5  32561.19 99 
140220.0  32560.68 99 
140220.5  32560.55 99 
140221.0  32560.74 99 
140221.5  32561.18 99 
140222.0  32560.71 99 
140222.5  32560.88 99 
140223.0  32561.01 99 
140223.5  32560.78 99 
140224.0  32560.65 99 
140224.5  32560.57 99 
140225.0  32561.59 99 
140225.5  32561.05 99 
140226.0  32560.99 99 
140226.5  32561.26 99 
140227.0  32560.90 99 
140227.5  32561.40 99 
140228.0  32560.16 99 
140228.5  32560.40 99 
140229.0  32561.15 99 
140229.5  32561.11 99 
140230.0  32560.70 99 
140230.5  32560.69 99 
140231.0  32560.81 99 
140231.5  32560.79 99 
140232.0  32560.76 99 
140232.5  32560.98 99 
140233.0  32561.18 99 
140233.5  32561.00 99 
140234.0  32560.66 99 
140234.5  32560.69 99 
140235.0  32560.50 99 
140235.5  32561.04 99 
140236.0  32560.84 99 
140236.5  32561.21 99 
140237.0  32560.89 99 
140237.5  32560.66 99 
140238.0  32561.27 99 
140238.5  32560.90 99 
140239.0  32561.01 99 
140239.5  32560.27 99 
140240.0  32561.04 99 
140240.5  32561.23 99 
140241.0  32560.49 99 
140241.5  32560.60 99 
140242.0  32560.73 99 
140242.5  32560.68 99 
140243.0  32560.78 99 
140243.5  32560.99 99 
140244.0  32560.38 99 
140244.5  32561.14 99 
140245.0  32560.70 99 
140245.5  32560.63 99 
140246.0  32560.83 99 
140246.5  32561.42 99 
140247.0  32560.84 99 
140247.5  32560.84 99 
140248.0  32561.05 99 
140248.5  32560.69 99 
140249.0  32560.99 99 
140249.5  32560.59 99 
140250.0  32560.97 99 
140250.5  32560.92 99 
140251.0  32560.55 99 
140251.5  32561.42 99 
140252.0  32560.83 99 
140252.5  32560.59 99 
140253.0  32560.94 99 
140253.5  32560.90 99 
140254.0  32560.82 99 
140254.5  32560.60 99 
140255.0  32560.86 99 
140255.5  32560.36 99 
140256.0  32561.16 99 
140256.5  32560.74 99 
140257.0  32560.92 99 
140257.5  32561.40 99 
140258.0  32560.34 99 
140258.5  32560.34 99 
140259.0  32560.86 99 
140259.5  32560.71 99 
140300.0  32560.32 99 
140300.5  32560.87 99 
140301.0  32560.91 99 
140301.5  32560.74 99 
140302.0  32561.12 99 
140302.5  32560.82 99 
140303.0  32560.48 99 
140303.5  32560.99 99 
140304.0  32560.52 99 
140304.5  32561.31 99 
140305.0  32560.49 99 
140305.5  32560.57 99 
140306.0  32560.73 99 
140306.5  32560.97 99 
140307.0  32560.93 99 
140307.5  32560.36 99 
140308.0  32560.85 99 
140308.5  32560.58 99 
140309.0  32560.86 99 
140309.5  32560.47 99 
140310.0  32561.18 99 
140310.5  32560.98 99 
140311.0  32560.73 99 
140311.5  32561.03 99 
140312.0  32560.80 99 
140312.5  32560.52 99 
140313.0  32560.28 99 
140313.5  32561.04 99 
140314.0  32560.45 99 
140314.5  32560.78 99 
140315.0  32560.17 99 
140315.5  32561.11 99 
140316.0  32560.31 99 
140316.5  32560.50 99 
140317.0  32560.82 99 
140317.5  32560.86 99 
140318.0  32561.08 99 
140318.5  32560.56 99 
140319.0  32561.41 99 
140319.5  32560.72 99 
140320.0  32560.86 99 
140320.5  32560.59 99 
140321.0  32561.06 99 
140321.5  32560.60 99 
140322.0  32560.89 99 
140322.5  32560.92 99 
140323.0  32560.25 99 
140323.5  32560.58 99 
140324.0  32560.80 99 
140324.5  32560.63 99 
140325.0  32560.73 99 
140325.5  32560.76 99 
140326.0  32560.18 99 
140326.5  32560.61 99 
140327.0  32560.28 99 
140327.5  32560.57 99 
140328.0  32560.25 99 
140328.5  32560.58 99 
140329.0  32560.80 99 
140329.5  32560.20 99 
140330.0  32560.61 99 
140330.5  32560.76 99 
140331.0  32560.91 99 
140331.5  32560.70 99 
140332.0  32560.33 99 
140332.5  32560.56 99 
140333.0  32560.61 99 
140333.5  32560.62 99 
140334.0  32560.98 99 
140334.5  32560.75 99 
140335.0  32560.65 99 
140335.5  32561.00 99 
140336.0  32560.28 99 
140336.5  32560.36 99 
140337.0  32560.76 99 
140337.5  32560.58 99 
140338.0  32560.57 99 
140338.5  32560.62 99 
140339.0  32560.72 99 
140339.5  32560.48 99 
140340.0  32560.59 99 
140340.5  32560.53 99 
140341.0  32560.69 99 
140341.5  32560.38 99 
140342.0  32560.47 99 
140342.5  32560.54 99 
140343.0  32560.44 99 
140343.5  32560.57 99 
140344.0  32560.49 99 
140344.5  32560.40 99 
140345.0  32560.67 99 
140345.5  32560.06 99 
140346.0  32561.00 99 
140346.5  32560.24 99 
140347.0  32560.69 99 
140347.5  32560.44 99 
140348.0  32560.99 99 
140348.5  32561.17 99 
140349.0  32560.54 99 
140349.5  32560.99 99 
140350.0  32560.51 99 
140350.5  32561.07 99 
140351.0  32559.97 99 
140351.5  32560.61 99 
140352.0  32560.60 99 
140352.5  32560.43 99 
140353.0  32560.64 99 
140353.5  32560.12 99 
140354.0  32560.65 99 
140354.5  32560.41 99 
140355.0  32560.25 99 
140355.5  32560.41 99 
140356.0  32560.39 99 
140356.5  32560.71 99 
140357.0  32560.53 99 
140357.5  32560.22 99 
140358.0  32560.97 99 
140358.5  32560.19 99 
140359.0  32560.28 99 
140359.5  32560.65 99 
140400.0  32560.07 99 
140400.5  32560.63 99 
140401.0  32560.88 99 
140401.5  32560.68 99 
140402.0  32560.48 99 
140402.5  32560.74 99 
140403.0  32560.62 99 
140403.5  32560.24 99 
140404.0  32559.83 99 
140404.5  32560.31 99 
140405.0  32560.57 99 
140405.5  32560.30 99 
140406.0  32560.17 99 
140406.5  32560.51 99 
140407.0  32560.30 99 
140407.5  32560.43 99 
140408.0  32560.23 99 
140408.5  32560.23 99 
140409.0  32560.12 99 
140409.5  32560.52 99 
140410.0  32560.57 99 
140410.5  32560.28 99 
140411.0  32560.46 99 
140411.5  32560.01 99 
140412.0  32560.38 99 
140412.5  32560.71 99 
140413.0  32560.34 99 
140413.5  32560.71 99 
140414.0  32560.41 99 
140414.5  32560.10 99 
140415.0  32560.58 99 
140415.5  32560.41 99 
140416.0  32559.54 99 
140416.5  32560.00 99 
140417.0  32560.45 99 
140417.5  32559.43 99 
140418.0  32560.48 99 
140418.5  32560.50 99 
140419.0  32560.30 99 
140419.5  32560.71 99 
140420.0  32561.22 99 
140420.5  32560.46 99 
140421.0  32559.94 99 
140421.5  32560.47 99 
140422.0  32560.97 99 
140422.5  32560.24 99 
140423.0  32560.53 99 
140423.5  32560.28 99 
140424.0  32560.66 99 
140424.5  32560.60 99 
140425.0  32560.21 99 
140425.5  32560.42 99 
140426.0  32560.70 99 
140426.5  32560.42 99 
140427.0  32560.22 99 
140427.5  32560.57 98 
140428.0  32559.91 99 
140428.5  32560.62 99 
140429.0  32559.97 99 
140429.5  32560.47 99 
140430.0  32560.07 99 
140430.5  32560.74 99 
140431.0  32560.21 99 
140431.5  32560.31 99 
140432.0  32560.33 99 
140432.5  32560.57 99 
140433.0  32560.11 99 
140433.5  32560.20 99 
140434.0  32560.59 99 
140434.5  32560.46 99 
140435.0  32560.17 99 
140435.5  32560.04 99 
140436.0  32560.36 99 
140436.5  32560.55 99 
140437.0  32560.08 99 
140437.5  32560.68 99 
140438.0  32560.55 99 
140438.5  32560.81 99 
140439.0  32560.08 99 
140439.5  32560.77 99 
140440.0  32560.25 99 
140440.5  32560.05 99 
140441.0  32560.42 99 
140441.5  32560.19 99 
140442.0  32560.56 99 
140442.5  32560.14 99 
140443.0  32559.94 99 
140443.5  32560.65 99 
140444.0  32560.33 99 
140444.5  32559.98 99 
140445.0  32560.94 99 
140445.5  32560.75 99 
140446.0  32560.53 99 
140446.5  32560.00 99 
140447.0  32560.29 99 
140447.5  32559.90 99 
140448.0  32560.65 99 
140448.5  32560.00 99 
140449.0  32560.44 99 
140449.5  32560.45 99 
140450.0  32560.56 99 
140450.5  32560.68 99 
140451.0  32560.39 99 
140451.5  32559.90 99 
140452.0  32560.87 99 
140452.5  32560.69 99 
140453.0  32560.22 99 
140453.5  32560.41 99 
140454.0  32560.62 99 
140454.5  32560.29 99 
140455.0  32559.86 99 
140455.5  32560.79 99 
140456.0  32560.22 99 
140456.5  32560.66 99 
140457.0  32560.39 99 
140457.5  32560.79 99 
140458.0  32560.47 99 
140458.5  32559.99 99 
140459.0  32560.52 99 
140459.5  32560.98 99 
140500.0  32560.49 99 
140500.5  32560.11 99 
140501.0  32560.62 99 
140501.5  32560.26 99 
140502.0  32560.40 99 
140502.5  32560.39 99 
140503.0  32560.29 99 
140503.5  32560.98 99 
140504.0  32560.32 99 
140504.5  32560.92 99 
140505.0  32560.22 99 
140505.5  32560.41 99 
140506.0  32560.54 99 
140506.5  32560.57 99 
140507.0  32560.90 99 
140507.5  32561.14 99 
140508.0  32560.40 99 
140508.5  32560.54 99 
140509.0  32560.94 99 
140509.5  32560.56 99 
140510.0  32560.24 99 
140510.5  32560.32 99 
140511.0  32560.61 99 
140511.5  32560.81 99 
140512.0  32560.21 99 
140512.5  32560.81 99 
140513.0  32560.31 99 
140513.5  32560.68 99 
140514.0  32560.82 99 
140514.5  32560.72 99 
140515.0  32560.89 99 
140515.5  32560.54 99 
140516.0  32560.66 99 
140516.5  32560.45 99 
140517.0  32560.66 99 
140517.5  32560.36 99 
140518.0  32561.08 99 
140518.5  32560.57 99 
140519.0  32560.08 99 
140519.5  32560.86 99 
140520.0  32560.21 99 
140520.5  32560.09 99 
140521.0  32561.20 99 
140521.5  32560.87 99 
140522.0  32561.47 99 
140522.5  32560.19 99 
140523.0  32560.49 99 
140523.5  32560.42 99 
140524.0  32560.62 99 
140524.5  32560.93 99 
140525.0  32560.82 99 
140525.5  32560.56 99 
140526.0  32560.99 99 
140526.5  32560.91 99 
140527.0  32560.71 99 
140527.5  32560.97 99 
140528.0  32560.69 99 
140528.5  32560.94 99 
140529.0  32560.61 99 
140529.5  32560.70 99 
140530.0  32560.58 99 
140530.5  32560.79 99 
140531.0  32560.71 99 
140531.5  32560.46 99 
140532.0  32560.67 99 
140532.5  32560.77 99 
140533.0  32560.80 99 
140533.5  32561.17 99 
140534.0  32560.72 99 
140534.5  32560.34 99 
140535.0  32560.69 99 
140535.5  32560.76 99 
140536.0  32560.65 99 
140536.5  32560.90 99 
140537.0  32560.91 99 
140537.5  32560.78 99 
140538.0  32560.40 99 
140538.5  32560.63 99 
140539.0  32560.92 99 
140539.5  32560.64 99 
140540.0  32560.52 99 
140540.5  32561.09 99 
140541.0  32561.15 99 
140541.5  32560.46 99 
140542.0  32560.40 99 
140542.5  32561.14 99 
140543.0  32561.02 99 
140543.5  32560.83 99 
140544.0  32561.06 99 
140544.5  32560.69 99 
140545.0  32560.88 99 
140545.5  32560.73 99 
140546.0  32560.45 99 
140546.5  32560.83 99 
140547.0  32561.50 99 
140547.5  32560.67 99 
140548.0  32560.60 99 
140548.5  32561.17 99 
140549.0  32560.95 99 
140549.5  32561.09 99 
140550.0  32560.32 99 
140550.5  32560.62 99 
140551.0  32560.51 99 
140551.5  32560.88 99 
140552.0  32560.78 99 
140552.5  32560.25 99 
140553.0  32561.18 99 
140553.5  32561.00 99 
140554.0  32560.82 99 
140554.5  32561.10 99 
140555.0  32560.49 99 
140555.5  32560.99 99 
140556.0  32561.02 99 
140556.5  32560.72 99 
140557.0  32560.52 99 
140557.5  32560.94 99 
140558.0  32560.92 99 
140558.5  32560.50 99 
140559.0  32560.83 99 
140559.5  32561.11 99 
140600.0  32561.18 99 
140600.5  32561.24 99 
140601.0  32560.79 99 
140601.5  32560.64 99 
140602.0  32560.53 99 
140602.5  32560.93 99 
140603.0  32560.78 99 
140603.5  32560.59 99 
140604.0  32560.45 99 
140604.5  32561.04 99 
140605.0  32560.71 99 
140605.5  32560.86 99 
140606.0  32561.69 99 
140606.5  32561.38 99 
140607.0  32561.02 99 
140607.5  32560.79 99 
140608.0  32561.22 99 
140608.5  32561.12 99 
140609.0  32561.03 99 
140609.5  32560.94 99 
140610.0  32561.09 99 
140610.5  32561.10 99 
140611.0  32561.25 99 
140611.5  32561.49 99 
140612.0  32561.15 99 
140612.5  32560.70 99 
140613.0  32560.66 99 
140613.5  32561.12 99 
140614.0  32560.52 99 
140614.5  32560.81 99 
140615.0  32561.52 99 
140615.5  32560.80 99 
140616.0  32560.82 99 
140616.5  32561.08 99 
140617.0  32561.57 99 
140617.5  32561.15 99 
140618.0  32560.46 99 
140618.5  32560.74 99 
140619.0  32560.92 99 
140619.5  32560.75 99 
140620.0  32560.95 99 
140620.5  32560.60 99 
140621.0  32560.99 99 
140621.5  32561.19 99 
140622.0  32560.39 99 
140622.5  32561.05 99 
140623.0  32560.86 99 
140623.5  32560.88 99 
140624.0  32560.98 99 
140624.5  32560.50 99 
140625.0  32561.15 99 
140625.5  32560.69 99 
140626.0  32560.75 99 
140626.5  32561.08 99 
140627.0  32560.57 99 
140627.5  32560.86 99 
140628.0  32561.03 99 
140628.5  32560.22 99 
140629.0  32560.44 99 
140629.5  32561.01 99 
140630.0  32561.15 99 
140630.5  32561.55 99 
140631.0  32561.35 99 
140631.5  32561.07 99 
140632.0  32561.51 99 
140632.5  32561.17 99 
140633.0  32560.77 99 
140633.5  32561.04 99 
140634.0  32560.84 99 
140634.5  32561.06 99 
140635.0  32561.20 99 
140635.5  32561.16 99 
140636.0  32561.04 99 
140636.5  32560.74 99 
140637.0  32561.23 99 
140637.5  32561.59 99 
140638.0  32561.24 99 
140638.5  32560.86 99 
140639.0  32560.63 99 
140639.5  32560.97 99 
140640.0  32561.23 99 
140640.5  32561.02 99 
140641.0  32560.71 99 
140641.5  32561.43 99 
140642.0  32561.24 99 
140642.5  32560.96 99 
140643.0  32561.11 99 
140643.5  32561.36 99 
140644.0  32561.22 99 
140644.5  32560.88 99 
140645.0  32561.02 99 
140645.5  32561.09 99 
140646.0  32560.92 99 
140646.5  32561.20 99 
140647.0  32560.68 99 
140647.5  32560.95 99 
140648.0  32561.05 99 
140648.5  32561.03 99 
140649.0  32561.06 99 
140649.5  32560.84 99 
140650.0  32561.40 99 
140650.5  32561.35 99 
140651.0  32560.63 99 
140651.5  32561.23 99 
140652.0  32561.22 99 
140652.5  32561.30 99 
140653.0  32560.96 99 
140653.5  32561.21 99 
140654.0  32561.39 99 
140654.5  32560.98 99 
140655.0  32560.76 99 
140655.5  32561.46 99 
140656.0  32561.20 99 
140656.5  32561.55 99 
140657.0  32561.04 99 
140657.5  32561.25 99 
140658.0  32561.33 99 
140658.5  32560.66 99 
140659.0  32561.18 99 
140659.5  32560.91 99 
140700.0  32560.88 99 
140700.5  32561.20 99 
140701.0  32561.59 99 
140701.5  32560.97 99 
140702.0  32561.27 99 
140702.5  32561.27 99 
140703.0  32560.75 99 
140703.5  32560.87 99 
140704.0  32561.62 99 
140704.5  32561.12 99 
140705.0  32561.32 99 
140705.5  32561.20 99 
140706.0  32561.13 99 
140706.5  32560.96 99 
140707.0  32561.13 99 
140707.5  32561.58 99 
140708.0  32561.51 99 
140708.5  32561.27 99 
140709.0  32560.58 99 
140709.5  32561.54 99 
140710.0  32561.31 99 
140710.5  32560.82 99 
140711.0  32561.24 99 
140711.5  32561.54 99 
140712.0  32561.67 99 
140712.5  32561.41 99 
140713.0  32561.28 99 
140713.5  32561.54 99 
140714.0  32561.34 99 
140714.5  32561.75 99 
140715.0  32561.28 99 
140715.5  32560.96 99 
140716.0  32561.43 99 
140716.5  32561.29 99 
140717.0  32561.87 99 
140717.5  32560.53 99 
140718.0  32561.12 99 
140718.5  32561.07 99 
140719.0  32561.39 99 
140719.5  32560.80 99 
140720.0  32561.42 99 
140720.5  32560.94 99 
140721.0  32561.82 99 
140721.5  32561.09 99 
140722.0  32561.57 99 
140722.5  32561.14 99 
140723.0  32560.89 99 
140723.5  32561.49 99 
140724.0  32561.41 99 
140724.5  32561.05 99 
140725.0  32561.57 99 
140725.5  32561.31 99 
140726.0  32560.83 99 
140726.5  32561.27 99 
140727.0  32560.94 99 
140727.5  32561.18 99 
140728.0  32561.71 99 
140728.5  32561.69 99 
140729.0  32561.34 99 
140729.5  32561.47 99 
140730.0  32561.03 99 
140730.5  32561.32 99 
140731.0  32561.19 99 
140731.5  32561.36 99 
140732.0  32561.04 99 
140732.5  32561.88 99 
140733.0  32561.26 99 
140733.5  32560.98 99 
140734.0  32560.79 99 
140734.5  32561.45 99 
140735.0  32560.90 99 
140735.5  32560.97 99 
140736.0  32560.81 99 
140736.5  32561.41 99 
140737.0  32561.37 99 
140737.5  32560.79 99 
140738.0  32560.84 99 
140738.5  32560.97 99 
140739.0  32561.06 99 
140739.5  32561.25 99 
140740.0  32561.13 99 
140740.5  32561.27 99 
140741.0  32561.61 99 
140741.5  32561.58 99 
140742.0  32561.40 99 
140742.5  32561.18 99 
140743.0  32561.18 99 
140743.5  32560.89 99 
140744.0  32561.45 99 
140744.5  32560.85 99 
140745.0  32561.31 99 
140745.5  32561.16 99 
140746.0  32561.28 99 
140746.5  32561.06 99 
140747.0  32560.83 99 
140747.5  32561.65 99 
140748.0  32561.25 99 
140748.5  32560.58 99 
140749.0  32561.62 99 
140749.5  32561.28 99 
140750.0  32561.25 99 
140750.5  32561.60 99 
140751.0  32561.38 99 
140751.5  32560.91 99 
140752.0  32561.71 99 
140752.5  32561.12 99 
140753.0  32561.56 99 
140753.5  32561.44 99 
140754.0  32561.12 99 
140754.5  32560.99 99 
140755.0  32561.74 99 
140755.5  32561.10 99 
140756.0  32560.77 99 
140756.5  32560.95 99 
140757.0  32561.15 99 
140757.5  32561.41 99 
140758.0  32560.74 99 
140758.5  32561.35 99 
140759.0  32560.77 98 
140759.5  32561.00 99 
140800.0  32561.02 99 
140800.5  32560.74 99 
140801.0  32561.33 99 
140801.5  32561.35 99 
140802.0  32561.16 99 
140802.5  32560.97 99 
140803.0  32560.90 99 
140803.5  32561.17 99 
140804.0  32561.16 99 
140804.5  32560.98 99 
140805.0  32561.18 99 
140805.5  32560.98 99 
140806.0  32560.90 99 
140806.5  32560.88 99 
140807.0  32561.64 99 
140807.5  32561.26 99 
140808.0  32561.11 99 
140808.5  32561.19 99 
140809.0  32560.68 99 
140809.5  32561.23 99 
140810.0  32560.75 99 
140810.5  32561.44 99 
140811.0  32561.55 99 
140811.5  32561.33 99 
140812.0  32561.06 99 
140812.5  32560.30 99 
140813.0  32561.13 99 
140813.5  32561.11 99 
140814.0  32561.28 99 
140814.5  32561.09 99 
140815.0  32561.07 99 
140815.5  32560.79 99 
140816.0  32561.32 99 
140816.5  32561.47 99 
140817.0  32561.19 99 
140817.5  32560.93 99 
140818.0  32560.97 99 
140818.5  32561.14 99 
140819.0  32560.50 99 
140819.5  32561.42 99 
140820.0  32560.63 99 
140820.5  32561.08 99 
140821.0  32561.00 99 
140821.5  32561.08 99 
140822.0  32560.91 99 
140822.5  32560.71 99 
140823.0  32560.41 99 
140823.5  32561.12 99 
140824.0  32561.06 99 
140824.5  32560.79 99 
140825.0  32560.92 99 
140825.5  32560.78 99 
140826.0  32561.14 99 
140826.5  32560.85 99 
140827.0  32560.94 99 
140827.5  32560.85 99 
140828.0  32560.73 99 
140828.5  32561.10 99 
140829.0  32560.95 99 
140829.5  32561.47 99 
140830.0  32560.71 99 
140830.5  32561.33 99 
140831.0  32560.83 99 
140831.5  32561.15 99 
140832.0  32560.75 99 
140832.5  32561.62 99 
140833.0  32561.22 99 
140833.5  32561.39 99 
140834.0  32561.15 99 
140834.5  32560.53 99 
140835.0  32561.25 99 
140835.5  32561.31 99 
140836.0  32561.04 99 
140836.5  32560.76 99 
140837.0  32561.26 99 
140837.5  32561.68 99 
140838.0  32561.26 99 
140838.5  32560.92 99 
140839.0  32561.20 99 
140839.5  32561.66 99 
140840.0  32561.39 99 
140840.5  32560.90 99 
140841.0  32561.01 99 
140841.5  32561.10 99 
140842.0  32560.78 99 
140842.5  32560.97 99 
140843.0  32561.10 99 
140843.5  32560.88 99 
140844.0  32561.05 99 
140844.5  32560.47 99 
140845.0  32560.99 99 
140845.5  32561.53 99 
140846.0  32560.75 99 
140846.5  32560.72 99 
140847.0  32561.13 99 
140847.5  32560.36 99 
140848.0  32561.16 99 
140848.5  32561.15 99 
140849.0  32560.74 99 
140849.5  32560.77 99 
140850.0  32561.25 99 
140850.5  32561.15 99 
140851.0  32560.83 99 
140851.5  32561.39 99 
140852.0  32561.34 99 
140852.5  32560.79 99 
140853.0  32561.47 99 
140853.5  32560.81 99 
140854.0  32561.00 99 
140854.5  32561.00 99 
140855.0  32560.78 99 
140855.5  32560.47 99 
140856.0  32561.21 99 
140856.5  32561.13 99 
140857.0  32561.19 99 
140857.5  32560.76 99 
140858.0  32560.96 99 
140858.5  32561.99 99 
140859.0  32560.94 99 
140859.5  32560.82 99 
140900.0  32560.75 99 
140900.5  32560.65 99 
140901.0  32560.80 99 
140901.5  32561.18 99 
140902.0  32561.38 99 
140902.5  32561.47 99 
140903.0  32560.78 99 
140903.5  32560.81 99 
140904.0  32561.03 99 
140904.5  32561.19 99 
140905.0  32561.04 99 
140905.5  32561.42 99 
140906.0  32560.63 99 
140906.5  32560.83 99 
140907.0  32561.25 99 
140907.5  32561.27 99 
140908.0  32561.11 99 
140908.5  32560.97 99 
140909.0  32560.26 99 
140909.5  32561.14 99 
140910.0  32560.15 99 
140910.5  32561.31 99 
140911.0  32560.93 99 
140911.5  32560.77 99 
140912.0  32561.02 99 
140912.5  32561.21 99 
140913.0  32560.91 99 
140913.5  32561.56 99 
140914.0  32561.48 99 
140914.5  32561.34 99 
140915.0  32560.55 99 
140915.5  32561.13 99 
140916.0  32561.09 99 
140916.5  32561.18 99 
140917.0  32560.88 99 
140917.5  32561.41 99 
140918.0  32561.32 99 
140918.5  32560.61 99 
140919.0  32560.59 99 
140919.5  32561.49 99 
140920.0  32561.24 99 
140920.5  32561.36 99 
140921.0  32560.93 99 
140921.5  32561.44 99 
140922.0  32561.13 99 
140922.5  32561.17 99 
140923.0  32561.07 99 
140923.5  32560.89 99 
140924.0  32560.49 99 
140924.5  32561.41 99 
140925.0  32561.20 99 
140925.5  32560.89 99 
140926.0  32561.60 99 
140926.5  32560.20 99 
140927.0  32560.76 99 
140927.5  32560.88 99 
140928.0  32560.72 99 
140928.5  32560.48 99 
140929.0  32560.92 99 
140929.5  32561.46 99 
140930.0  32561.19 99 
140930.5  32561.21 99 
140931.0  32560.50 99 
140931.5  32560.88 99 
140932.0  32560.55 99 
140932.5  32560.91 99 
140933.0  32560.79 99 
140933.5  32560.80 99 
140934.0  32561.44 99 
140934.5  32561.08 99 
140935.0  32561.42 99 
140935.5  32560.64 99 
140936.0  32561.07 99 
140936.5  32561.40 99 
140937.0  32561.52 99 
140937.5  32561.39 99 
140938.0  32561.33 99 
140938.5  32560.45 99 
140939.0  32560.84 99 
140939.5  32560.33 99 
140940.0  32561.14 99 
140940.5  32561.53 99 
140941.0  32561.01 99 
140941.5  32562.09 99 
140942.0  32560.89 99 
140942.5  32560.94 99 
140943.0  32560.90 99 
140943.5  32561.40 99 
140944.0  32561.06 99 
140944.5  32561.65 99 
140945.0  32560.99 99 
140945.5  32561.25 99 
140946.0  32561.86 99 
140946.5  32560.85 99 
140947.0  32561.05 99 
140947.5  32560.88 99 
140948.0  32560.98 99 
140948.5  32560.90 99 
140949.0  32560.94 99 
140949.5  32560.48 99 
140950.0  32560.72 99 
140950.5  32560.51 99 
140951.0  32561.20 99 
140951.5  32561.13 99 
140952.0  32560.93 99 
140952.5  32560.88 99 
140953.0  32561.92 99 
140953.5  32560.61 99 
140954.0  32561.15 99 
140954.5  32560.78 99 
140955.0  32560.96 99 
140955.5  32560.81 99 
140956.0  32561.64 99 
140956.5  32561.00 99 
140957.0  32561.13 99 
140957.5  32560.83 99 
140958.0  32561.12 99 
140958.5  32560.69 99 
140959.0  32561.11 99 
140959.5  32561.45 99 
141000.0  32561.08 99 
141000.5  32561.54 99 
141001.0  32561.11 99 
141001.5  32560.75 99 
141002.0  32560.95 99 
141002.5  32561.57 99 
141003.0  32561.83 99 
141003.5  32561.36 99 
141004.0  32560.74 99 
141004.5  32561.17 99 
141005.0  32561.16 99 
141005.5  32560.75 99 
141006.0  32561.24 99 
141006.5  32560.98 99 
141007.0  32561.08 99 
141007.5  32561.31 99 
141008.0  32561.60 99 
141008.5  32561.04 99 
141009.0  32561.24 99 
141009.5  32561.31 99 
141010.0  32561.20 99 
141010.5  32561.32 99 
141011.0  32561.49 99 
141011.5  32561.42 99 
141012.0  32561.21 99 
141012.5  32560.90 99 
141013.0  32561.10 99 
141013.5  32561.25 99 
141014.0  32560.52 99 
141014.5  32560.85 99 
141015.0  32560.98 99 
141015.5  32561.15 99 
141016.0  32561.28 99 
141016.5  32560.82 99 
141017.0  32560.68 99 
141017.5  32560.78 99 
141018.0  32560.78 99 
141018.5  32560.86 99 
141019.0  32561.74 99 
141019.5  32560.98 99 
141020.0  32561.06 99 
141020.5  32560.75 99 
141021.0  32561.22 99 
141021.5  32561.25 99 
141022.0  32561.47 99 
141022.5  32561.35 99 
141023.0  32561.49 99 
141023.5  32560.98 99 
141024.0  32560.69 99 
141024.5  32560.92 99 
141025.0  32561.31 99 
141025.5  32561.10 99 
141026.0  32561.46 99 
141026.5  32561.22 99 
141027.0  32561.20 99 
141027.5  32560.94 99 
141028.0  32561.41 99 
141028.5  32561.18 99 
141029.0  32561.58 99 
141029.5  32561.72 99 
141030.0  32561.25 99 
141030.5  32561.57 99 
141031.0  32560.94 99 
141031.5  32560.67 99 
141032.0  32561.10 99 
141032.5  32561.24 99 
141033.0  32561.37 99 
141033.5  32561.00 99 
141034.0  32560.92 99 
141034.5  32560.87 99 
141035.0  32560.78 99 
141035.5  32560.76 99 
141036.0  32560.90 99 
141036.5  32561.73 99 
141037.0  32560.77 99 
141037.5  32560.84 99 
141038.0  32561.05 99 
141038.5  32561.44 99 
141039.0  32561.11 99 
141039.5  32561.51 99 
141040.0  32561.24 99 
141040.5  32560.82 99 
141041.0  32560.94 99 
141041.5  32560.89 99 
141042.0  32561.63 99 
141042.5  32560.74 99 
141043.0  32560.76 99 
141043.5  32560.54 99 
141044.0  32560.71 99 
141044.5  32561.00 99 
141045.0  32561.38 99 
141045.5  32561.46 99 
141046.0  32560.92 99 
141046.5  32560.83 99 
141047.0  32560.93 99 
141047.5  32560.96 99 
141048.0  32560.99 99 
141048.5  32561.19 99 
141049.0  32560.81 99 
141049.5  32561.55 99 
141050.0  32560.77 99 
141050.5  32561.00 99 
141051.0  32561.04 99 
141051.5  32561.24 99 
141052.0  32561.48 99 
141052.5  32560.93 99 
141053.0  32560.76 99 
141053.5  32561.05 99 
141054.0  32560.86 99 
141054.5  32560.32 99 
141055.0  32560.77 99 
141055.5  32560.84 99 
141056.0  32561.43 99 
141056.5  32560.59 99 
141057.0  32560.85 99 
141057.5  32560.53 99 
141058.0  32560.47 99 
141058.5  32561.39 99 
141059.0  32561.08 99 
141059.5  32561.29 99 
141100.0  32561.77 99 
141100.5  32560.65 99 
141101.0  32560.73 99 
141101.5  32560.87 99 
141102.0  32561.05 99 
141102.5  32560.61 99 
141103.0  32561.17 99 
141103.5  32561.37 99 
141104.0  32561.19 99 
141104.5  32560.61 99 
141105.0  32560.69 99 
141105.5  32561.35 99 
141106.0  32560.90 99 
141106.5  32561.24 99 
141107.0  32561.22 99 
141107.5  32561.17 99 
141108.0  32561.00 99 
141108.5  32561.18 99 
141109.0  32560.74 99 
141109.5  32560.43 99 
141110.0  32561.05 99 
141110.5  32560.26 99 
141111.0  32560.74 99 
141111.5  32561.16 99 
141112.0  32561.64 99 
141112.5  32561.58 99 
141113.0  32560.74 99 
141113.5  32561.05 99 
141114.0  32560.61 99 
141114.5  32561.00 99 
141115.0  32560.47 99 
141115.5  32561.27 99 
141116.0  32561.12 99 
141116.5  32560.91 99 
141117.0  32560.86 99 
141117.5  32561.31 99 
141118.0  32560.89 99 
141118.5  32560.44 99 
141119.0  32560.58 99 
141119.5  32560.86 99 
141120.0  32561.25 99 
141120.5  32560.99 99 
141121.0  32560.71 99 
141121.5  32561.14 99 
141122.0  32560.78 99 
141122.5  32560.75 99 
141123.0  32560.68 99 
141123.5  32560.71 99 
141124.0  32560.96 99 
141124.5  32560.98 99 
141125.0  32561.07 99 
141125.5  32561.26 99 
141126.0  32561.12 99 
141126.5  32561.07 99 
141127.0  32560.75 99 
141127.5  32560.54 99 
141128.0  32560.91 99 
141128.5  32560.64 99 
141129.0  32561.19 99 
141129.5  32561.15 99 
141130.0  32560.74 99 
141130.5  32560.79 99 
141131.0  32560.81 99 
141131.5  32560.71 99 
141132.0  32560.89 99 
141132.5  32560.57 99 
141133.0  32560.85 99 
141133.5  32560.94 99 
141134.0  32560.50 99 
141134.5  32561.19 99 
141135.0  32560.67 99 
141135.5  32560.95 99 
141136.0  32561.23 99 
141136.5  32560.71 99 
141137.0  32560.34 99 
141137.5  32561.10 99 
141138.0  32561.06 99 
141138.5  32561.22 99 
141139.0  32561.06 99 
141139.5  32560.32 99 
141140.0  32561.07 99 
141140.5  32560.94 99 
141141.0  32560.66 99 
141141.5  32560.48 99 
141142.0  32560.46 99 
141142.5  32561.00 99 
141143.0  32560.48 99 
141143.5  32560.79 99 
141144.0  32560.38 99 
141144.5  32560.71 99 
141145.0  32560.85 99 
141145.5  32560.74 99 
141146.0  32560.94 99 
141146.5  32560.67 99 
141147.0  32560.60 99 
141147.5  32560.88 99 
141148.0  32560.48 99 
141148.5  32560.38 99 
141149.0  32560.77 99 
141149.5  32560.60 98 
141150.0  32560.15 99 
141150.5  32560.60 99 
141151.0  32561.07 99 
141151.5  32560.91 99 
141152.0  32560.78 99 
141152.5  32560.88 99 
141153.0  32560.54 99 
141153.5  32560.57 99 
141154.0  32560.48 99 
141154.5  32560.30 99 
141155.0  32560.79 99 
141155.5  32560.91 99 
141156.0  32560.31 99 
141156.5  32560.32 99 
141157.0  32560.89 99 
141157.5  32560.60 99 
141158.0  32560.21 99 
141158.5  32560.96 99 
141159.0  32560.76 99 
141159.5  32560.78 99 
141200.0  32560.98 99 
141200.5  32560.07 99 
141201.0  32560.88 99 
141201.5  32560.73 99 
141202.0  32560.24 99 
141202.5  32560.41 99 
141203.0  32560.62 99 
141203.5  32560.32 99 
141204.0  32561.01 99 
141204.5  32560.58 99 
141205.0  32560.93 99 
141205.5  32561.05 99 
141206.0  32560.77 99 
141206.5  32560.91 99 
141207.0  32559.98 99 
141207.5  32560.52 99 
141208.0  32560.71 99 
141208.5  32560.50 99 
141209.0  32561.33 99 
141209.5  32560.14 99 
141210.0  32560.97 99 
141210.5  32560.61 99 
141211.0  32560.73 99 
141211.5  32560.68 99 
141212.0  32560.43 99 
141212.5  32560.46 99 
141213.0  32560.33 99 
141213.5  32560.42 99 
141214.0  32560.63 99 
141214.5  32560.14 99 
141215.0  32560.82 99 
141215.5  32560.74 99 
141216.0  32560.38 99 
141216.5  32560.63 99 
141217.0  32560.26 99 
141217.5  32560.48 99 
141218.0  32560.21 99 
141218.5  32560.33 99 
141219.0  32560.30 99 
141219.5  32560.61 99 
141220.0  32560.53 99 
141220.5  32560.25 99 
141221.0  32560.34 99 
141221.5  32560.08 99 
141222.0  32560.20 99 
141222.5  32560.38 99 
141223.0  32560.30 99 
141223.5  32560.20 99 
141224.0  32559.99 99 
141224.5  32560.34 99 
141225.0  32560.63 99 
141225.5  32560.72 99 
141226.0  32560.60 99 
141226.5  32560.01 99 
141227.0  32560.18 99 
141227.5  32560.17 99 
141228.0  32560.16 99 
141228.5  32560.43 99 
141229.0  32560.22 99 
141229.5  32560.57 99 
141230.0  32560.94 99 
141230.5  32560.56 99 
141231.0  32559.83 99 
141231.5  32560.57 99 
141232.0  32560.02 99 
141232.5  32560.18 99 
141233.0  32560.20 99 
141233.5  32560.04 99 
141234.0  32560.27 99 
141234.5  32559.88 99 
141235.0  32559.99 99 
141235.5  32560.60 99 
141236.0  32560.38 99 
141236.5  32560.41 99 
141237.0  32560.61 99 
141237.5  32560.38 99 
141238.0  32560.07 99 
141238.5  32560.32 99 
141239.0  32560.11 99 
141239.5  32560.16 99 
141240.0  32559.98 99 
141240.5  32559.88 99 
141241.0  32560.23 99 
141241.5  32559.66 99 
141242.0  32559.74 99 
141242.5  32560.02 99 
141243.0  32559.45 99 
141243.5  32560.11 99 
141244.0  32559.85 99 
141244.5  32560.30 99 
141245.0  32559.95 99 
141245.5  32560.73 99 
141246.0  32560.14 99 
141246.5  32559.18 99 
141247.0  32559.83 99 
141247.5  32559.97 99 
141248.0  32559.99 99 
141248.5  32560.43 99 
141249.0  32560.28 99 
141249.5  32560.69 99 
141250.0  32560.16 99 
141250.5  32560.15 99 
141251.0  32560.33 99 
141251.5  32560.13 99 
141252.0  32560.05 99 
141252.5  32560.60 99 
141253.0  32560.26 99 
141253.5  32560.47 99 
141254.0  32560.11 99 
141254.5  32560.28 99 
141255.0  32559.75 99 
141255.5  32560.41 99 
141256.0  32560.41 99 
141256.5  32560.28 99 
141257.0  32560.06 99 
141257.5  32559.88 99 
141258.0  32560.17 99 
141258.5  32560.06 99 
141259.0  32559.78 99 
141259.5  32560.36 99 
141300.0  32560.15 99 
141300.5  32560.06 99 
141301.0  32560.09 99 
141301.5  32560.04 99 
141302.0  32560.00 99 
141302.5  32559.62 99 
141303.0  32560.03 99 
141303.5  32559.69 99 
141304.0  32559.83 99 
141304.5  32559.68 99 
141305.0  32559.85 99 
141305.5  32560.21 99 
141306.0  32559.60 99 
141306.5  32559.91 99 
141307.0  32560.27 99 
141307.5  32559.99 99 
141308.0  32560.73 99 
141308.5  32559.99 99 
141309.0  32560.27 99 
141309.5  32559.88 99 
141310.0  32559.98 99 
141310.5  32559.93 99 
141311.0  32560.23 99 
141311.5  32559.90 99 
141312.0  32560.22 99 
141312.5  32560.21 99 
141313.0  32560.03 99 
141313.5  32559.93 99 
141314.0  32559.77 99 
141314.5  32559.51 99 
141315.0  32559.97 99 
141315.5  32559.67 99 
141316.0  32559.68 99 
141316.5  32559.33 99 
141317.0  32559.96 99 
141317.5  32559.96 99 
141318.0  32560.29 99 
141318.5  32559.77 99 
141319.0  32559.75 99 
141319.5  32559.77 99 
141320.0  32559.33 99 
141320.5  32559.14 99 
141321.0  32560.22 99 
141321.5  32559.95 99 
141322.0  32560.04 99 
141322.5  32559.96 99 
141323.0  32559.53 99 
141323.5  32559.79 99 
141324.0  32559.98 99 
141324.5  32559.85 99 
141325.0  32559.75 99 
141325.5  32559.58 99 
141326.0  32559.91 99 
141326.5  32560.05 99 
141327.0  32559.97 99 
141327.5  32559.80 99 
141328.0  32559.57 99 
141328.5  32559.88 99 
141329.0  32559.37 99 
141329.5  32560.22 99 
141330.0  32559.65 99 
141330.5  32559.82 99 
141331.0  32560.22 99 
141331.5  32559.57 99 
141332.0  32559.80 99 
141332.5  32559.58 99 
141333.0  32559.51 99 
141333.5  32559.73 99 
141334.0  32559.44 99 
141334.5  32559.93 99 
141335.0  32559.86 99 
141335.5  32559.94 99 
141336.0  32559.85 99 
141336.5  32559.14 99 
141337.0  32560.22 99 
141337.5  32559.71 99 
141338.0  32560.04 99 
141338.5  32560.02 99 
141339.0  32560.25 99 
141339.5  32559.42 99 
141340.0  32559.74 99 
141340.5  32559.49 99 
141341.0  32559.87 99 
141341.5  32559.88 99 
141342.0  32559.67 99 
141342.5  32559.91 99 
141343.0  32559.41 99 
141343.5  32559.43 99 
141344.0  32559.84 99 
141344.5  32559.79 99 
141345.0  32559.75 99 
141345.5  32559.26 99 
141346.0  32559.75 99 
141346.5  32560.02 99 
141347.0  32559.87 99 
141347.5  32559.96 99 
141348.0  32559.28 99 
141348.5  32559.94 99 
141349.0  32559.35 99 
141349.5  32559.98 99 
141350.0  32560.02 99 
141350.5  32559.65 99 
141351.0  32559.67 99 
141351.5  32559.37 99 
141352.0  32559.32 99 
141352.5  32559.55 99 
141353.0  32559.36 99 
141353.5  32559.67 99 
141354.0  32559.49 99 
141354.5  32559.54 99 
141355.0  32559.60 99 
141355.5  32560.14 99 
141356.0  32558.96 99 
141356.5  32559.78 99 
141357.0  32559.41 99 
141357.5  32559.47 99 
141358.0  32559.47 99 
141358.5  32560.14 99 
141359.0  32559.42 99 
141359.5  32559.35 99 
141400.0  32560.07 99 
141400.5  32559.43 99 
141401.0  32559.64 99 
141401.5  32559.36 99 
141402.0  32559.58 99 
141402.5  32559.75 99 
141403.0  32560.16 99 
141403.5  32560.08 99 
141404.0  32559.70 99 
141404.5  32559.63 99 
141405.0  32559.37 99 
141405.5  32559.49 99 
141406.0  32559.59 99 
141406.5  32560.17 99 
141407.0  32558.94 99 
141407.5  32559.71 99 
141408.0  32560.17 99 
141408.5  32559.72 99 
141409.0  32559.62 99 
141409.5  32559.92 99 
141410.0  32559.57 99 
141410.5  32559.49 99 
141411.0  32559.92 99 
141411.5  32559.80 99 
141412.0  32559.57 99 
141412.5  32559.84 99 
141413.0  32559.83 99 
141413.5  32559.82 99 
141414.0  32559.28 99 
141414.5  32559.26 99 
141415.0  32559.75 99 
141415.5  32559.86 99 
141416.0  32559.70 99 
141416.5  32559.82 99 
141417.0  32559.60 99 
141417.5  32559.67 99 
141418.0  32559.59 99 
141418.5  32560.24 99 
141419.0  32559.92 99 
141419.5  32560.01 99 
141420.0  32559.07 99 
141420.5  32559.56 99 
141421.0  32560.11 99 
141421.5  32559.48 99 
141422.0  32560.04 99 
141422.5  32559.67 99 
141423.0  32559.25 99 
141423.5  32559.91 99 
141424.0  32559.73 99 
141424.5  32559.48 99 
141425.0  32559.66 99 
141425.5  32559.51 99 
141426.0  32559.69 99 
141426.5  32559.71 99 
141427.0  32559.69 99 
141427.5  32559.64 99 
141428.0  32559.84 99 
141428.5  32559.48 99 
141429.0  32559.37 99 
141429.5  32559.59 99 
141430.0  32559.22 99 
141430.5  32559.74 99 
141431.0  32559.29 99 
141431.5  32559.48 99 
141432.0  32559.75 99 
141432.5  32559.43 99 
141433.0  32559.32 99 
141433.5  32559.53 99 
141434.0  32559.79 99 
141434.5  32559.29 99 
141435.0  32559.84 99 
141435.5  32559.68 99 
141436.0  32559.17 99 
141436.5  32559.28 99 
141437.0  32559.74 99 
141437.5  32559.62 99 
141438.0  32559.91 99 
141438.5  32559.52 99 
141439.0  32559.54 99 
141439.5  32559.31 99 
141440.0  32559.42 99 
141440.5  32559.17 99 
141441.0  32559.47 99 
141441.5  32559.61 99 
141442.0  32559.70 99 
141442.5  32559.61 99 
141443.0  32559.28 99 
141443.5  32559.46 99 
141444.0  32559.50 99 
141444.5  32559.37 99 
141445.0  32559.06 99 
141445.5  32558.91 99 
141446.0  32559.34 99 
141446.5  32559.95 99 
141447.0  32559.58 99 
141447.5  32559.45 99 
141448.0  32559.18 99 
141448.5  32559.09 99 
141449.0  32559.80 99 
141449.5  32559.50 99 
141450.0  32558.71 99 
141450.5  32559.26 99 
141451.0  32559.47 99 
141451.5  32559.51 99 
141452.0  32559.35 99 
141452.5  32559.39 99 
141453.0  32559.68 99 
141453.5  32560.36 99 
141454.0  32559.58 99 
141454.5  32559.35 99 
141455.0  32559.17 99 
141455.5  32559.26 99 
141456.0  32559.41 99 
141456.5  32559.70 99 
141457.0  32559.30 99 
141457.5  32559.45 99 
141458.0  32559.38 99 
141458.5  32559.55 99 
141459.0  32559.63 99 
141459.5  32559.63 99 
141500.0  32559.32 99 
141500.5  32559.32 99 
141501.0  32559.51 99 
141501.5  32559.54 99 
141502.0  32559.37 99 
141502.5  32559.32 99 
141503.0  32559.32 99 
141503.5  32559.94 99 
141504.0  32559.48 99 
141504.5  32559.91 99 
141505.0  32559.65 99 
141505.5  32559.57 99 
141506.0  32559.39 99 
141506.5  32559.72 99 
141507.0  32559.45 99 
141507.5  32559.49 99 
141508.0  32559.16 99 
141508.5  32559.60 99 
141509.0  32559.17 99 
141509.5  32559.91 99 
141510.0  32559.65 99 
141510.5  32559.55 99 
141511.0  32559.77 99 
141511.5  32559.28 99 
141512.0  32559.15 99 
141512.5  32559.26 99 
141513.0  32559.44 99 
141513.5  32559.21 99 
141514.0  32559.53 99 
141514.5  32559.86 99 
141515.0  32559.58 99 
141515.5  32559.67 99 
141516.0  32559.42 99 
141516.5  32559.20 99 
141517.0  32559.33 99 
141517.5  32558.95 99 
141518.0  32559.55 99 
141518.5  32559.77 99 
141519.0  32559.17 99 
141519.5  32559.38 99 
141520.0  32559.23 99 
141520.5  32559.01 99 
141521.0  32559.51 99 
141521.5  32559.84 99 
141522.0  32559.69 99 
141522.5  32559.64 99 
141523.0  32559.03 99 
141523.5  32558.95 99 
141524.0  32559.25 99 
141524.5  32559.93 99 
141525.0  32559.70 99 
141525.5  32559.11 99 
141526.0  32559.16 99 
141526.5  32559.65 99 
141527.0  32559.75 99 
141527.5  32559.40 99 
141528.0  32559.30 99 
141528.5  32559.55 99 
141529.0  32559.56 99 
141529.5  32559.34 99 
141530.0  32559.44 99 
141530.5  32559.82 99 
141531.0  32559.21 99 
141531.5  32559.52 99 
141532.0  32559.60 99 
141532.5  32559.63 99 
141533.0  32559.07 99 
141533.5  32559.04 99 
141534.0  32559.09 99 
141534.5  32559.51 99 
141535.0  32559.45 99 
141535.5  32559.50 99 
141536.0  32559.84 99 
141536.5  32559.30 99 
141537.0  32559.17 99 
141537.5  32558.88 99 
141538.0  32559.44 99 
141538.5  32559.56 99 
141539.0  32559.87 99 
141539.5  32559.56 99 
141540.0  32559.61 99 
141540.5  32559.49 99 
141541.0  32560.11 99 
141541.5  32559.60 99 
141542.0  32559.26 99 
141542.5  32560.12 99 
141543.0  32559.25 99 
141543.5  32559.50 99 
141544.0  32559.56 99 
141544.5  32559.64 99 
141545.0  32559.58 99 
141545.5  32559.43 99 
141546.0  32559.43 99 
141546.5  32559.59 99 
141547.0  32559.77 99 
141547.5  32559.58 99 
141548.0  32559.46 99 
141548.5  32559.31 99 
141549.0  32559.12 99 
141549.5  32559.55 99 
141550.0  32559.24 99 
141550.5  32559.43 99 
141551.0  32559.57 99 
141551.5  32559.31 99 
141552.0  32559.25 99 
141552.5  32559.54 99 
141553.0  32559.60 99 
141553.5  32559.98 99 
141554.0  32559.34 99 
141554.5  32559.15 99 
141555.0  32559.85 99 
141555.5  32559.24 99 
141556.0  32559.29 99 
141556.5  32559.73 99 
141557.0  32559.52 99 
141557.5  32559.44 99 
141558.0  32559.03 99 
141558.5  32559.62 99 
141559.0  32559.40 99 
141559.5  32559.13 99 
141600.0  32559.46 99 
141600.5  32559.71 99 
141601.0  32559.29 99 
141601.5  32559.47 99 
141602.0  32559.15 99 
141602.5  32559.59 99 
141603.0  32559.30 99 
141603.5  32559.28 99 
141604.0  32559.41 99 
141604.5  32559.74 99 
141605.0  32559.93 99 
141605.5  32559.89 99 
141606.0  32559.25 99 
141606.5  32559.80 99 
141607.0  32559.63 99 
141607.5  32559.60 99 
141608.0  32559.28 99 
141608.5  32559.94 99 
141609.0  32559.63 99 
141609.5  32559.45 99 
141610.0  32559.65 99 
141610.5  32559.24 99 
141611.0  32559.51 99 
141611.5  32559.39 99 
141612.0  32559.39 99 
141612.5  32559.35 99 
141613.0  32559.35 99 
141613.5  32559.34 99 
141614.0  32559.84 99 
141614.5  32559.22 99 
141615.0  32559.62 99 
141615.5  32559.15 99 
141616.0  32559.48 99 
141616.5  32558.78 99 
141617.0  32559.26 99 
141617.5  32559.70 99 
141618.0  32559.27 99 
141618.5  32559.28 99 
141619.0  32559.87 99 
141619.5  32559.61 99 
141620.0  32558.92 99 
141620.5  32558.77 99 
141621.0  32559.35 99 
141621.5  32559.10 99 
141622.0  32559.78 99 
141622.5  32559.04 99 
141623.0  32559.65 99 
141623.5  32559.67 99 
141624.0  32559.45 99 
141624.5  32558.97 99 
141625.0  32559.51 99 
141625.5  32559.24 99 
141626.0  32559.26 99 
141626.5  32559.68 99 
141627.0  32559.22 99 
141627.5  32559.33 99 
141628.0  32559.38 99 
141628.5  32559.07 99 
141629.0  32559.24 99 
141629.5  32559.76 99 
141630.0  32559.03 99 
141630.5  32559.42 99 
141631.0  32558.99 99 
141631.5  32559.21 99 
141632.0  32558.99 99 
141632.5  32559.24 99 
141633.0  32559.72 99 
141633.5  32559.61 99 
141634.0  32559.16 99 
141634.5  32559.60 99 
141635.0  32559.36 99 
141635.5  32559.38 99 
141636.0  32559.30 99 
141636.5  32559.26 99 
141637.0  32559.06 99 
141637.5  32559.64 99 
141638.0  32558.80 99 
141638.5  32559.31 99 
141639.0  32558.94 99 
141639.5  32559.51 99 
141640.0  32559.07 99 
141640.5  32559.04 99 
141641.0  32559.58 99 
141641.5  32559.11 99 
141642.0  32559.17 99 
141642.5  32559.36 99 
141643.0  32559.08 99 
141643.5  32559.20 99 
141644.0  32559.65 99 
141644.5  32559.35 99 
141645.0  32559.46 99 
141645.5  32559.05 99 
141646.0  32559.18 99 
141646.5  32559.04 99 
141647.0  32559.34 99 
141647.5  32559.70 99 
141648.0  32559.15 99 
141648.5  32559.55 99 
141649.0  32559.49 99 
141649.5  32559.39 99 
141650.0  32559.21 99 
141650.5  32559.61 99 
141651.0  32559.43 99 
141651.5  32559.18 99 
141652.0  32559.34 99 
141652.5  32559.64 99 
141653.0  32559.44 99 
141653.5  32559.55 99 
141654.0  32558.92 99 
141654.5  32559.63 99 
141655.0  32558.69 99 
141655.5  32559.24 99 
141656.0  32559.34 99 
141656.5  32559.06 99 
141657.0  32558.90 99 
141657.5  32559.30 99 
141658.0  32559.13 99 
141658.5  32559.14 99 
141659.0  32559.40 99 
141659.5  32559.13 99 
141700.0  32559.08 99 
141700.5  32559.11 99 
141701.0  32559.35 99 
141701.5  32559.23 99 
141702.0  32558.98 99 
141702.5  32559.42 99 
141703.0  32559.21 99 
141703.5  32559.01 99 
141704.0  32559.13 99 
141704.5  32559.52 99 
141705.0  32559.67 99 
141705.5  32559.15 99 
141706.0  32558.56 99 
141706.5  32559.16 99 
141707.0  32559.04 99 
141707.5  32559.18 99 
141708.0  32559.62 99 
141708.5  32559.34 99 
141709.0  32558.83 99 
141709.5  32559.13 99 
141710.0  32559.55 99 
141710.5  32559.48 99 
141711.0  32559.79 99 
141711.5  32559.46 99 
141712.0  32559.65 99 
141712.5  32559.59 99 
141713.0  32559.25 99 
141713.5  32558.93 99 
141714.0  32558.92 99 
141714.5  32558.95 99 
141715.0  32559.44 99 
141715.5  32559.11 99 
141716.0  32559.15 99 
141716.5  32559.24 99 
141717.0  32559.26 99 
141717.5  32558.84 99 
141718.0  32559.20 99 
141718.5  32559.57 99 
141719.0  32558.81 99 
141719.5  32559.18 99 
141720.0  32559.33 99 
141720.5  32558.65 99 
141721.0  32559.30 99 
141721.5  32558.99 99 
141722.0  32558.88 99 
141722.5  32558.92 99 
141723.0  32559.28 99 
141723.5  32559.59 99 
141724.0  32559.30 99 
141724.5  32559.06 99 
141725.0  32559.51 99 
141725.5  32559.33 99 
141726.0  32559.46 99 
141726.5  32559.35 99 
141727.0  32559.29 99 
141727.5  32559.14 99 
141728.0  32559.26 99 
141728.5  32559.09 99 
141729.0  32559.14 99 
141729.5  32559.37 99 
141730.0  32559.33 99 
141730.5  32559.52 99 
141731.0  32559.21 99 
141731.5  32559.64 99 
141732.0  32559.18 99 
141732.5  32558.85 99 
141733.0  32559.11 99 
141733.5  32559.31 99 
141734.0  32559.17 99 
141734.5  32559.17 99 
141735.0  32558.73 99 
141735.5  32559.33 99 
141736.0  32559.09 99 
141736.5  32558.63 99 
141737.0  32558.75 99 
141737.5  32558.47 99 
141738.0  32559.17 99 
141738.5  32559.03 99 
141739.0  32559.74 99 
141739.5  32558.93 99 
141740.0  32559.37 99 
141740.5  32559.09 99 
141741.0  32559.04 99 
141741.5  32559.13 99 
141742.0  32559.04 99 
141742.5  32559.72 99 
141743.0  32559.50 99 
141743.5  32559.25 99 
141744.0  32559.42 99 
141744.5  32559.65 99 
141745.0  32559.33 99 
141745.5  32559.66 99 
141746.0  32559.05 99 
141746.5  32559.16 99 
141747.0  32558.80 99 
141747.5  32559.26 99 
141748.0  32558.97 99 
141748.5  32559.55 99 
141749.0  32558.95 99 
141749.5  32559.37 99 
141750.0  32559.51 99 
141750.5  32559.20 99 
141751.0  32558.88 99 
141751.5  32558.86 99 
141752.0  32559.43 99 
141752.5  32559.50 99 
141753.0  32559.21 99 
141753.5  32559.06 99 
141754.0  32559.03 99 
141754.5  32558.99 99 
141755.0  32559.74 99 
141755.5  32559.41 99 
141756.0  32559.17 99 
141756.5  32559.12 99 
141757.0  32559.17 99 
141757.5  32559.59 99 
141758.0  32559.65 99 
141758.5  32558.86 99 
141759.0  32559.40 99 
141759.5  32559.40 99 
141800.0  32558.95 99 
141800.5  32558.88 99 
141801.0  32559.48 99 
141801.5  32559.11 99 
141802.0  32558.88 99 
141802.5  32558.48 99 
141803.0  32559.36 99 
141803.5  32559.61 99 
141804.0  32559.17 99 
141804.5  32558.82 99 
141805.0  32559.04 99 
141805.5  32558.86 99 
141806.0  32559.30 99 
141806.5  32558.91 99 
141807.0  32559.51 99 
141807.5  32559.16 99 
141808.0  32559.58 99 
141808.5  32559.27 99 
141809.0  32559.39 99 
141809.5  32559.60 99 
141810.0  32558.65 99 
141810.5  32559.48 99 
141811.0  32559.02 99 
141811.5  32559.09 99 
141812.0  32559.56 99 
141812.5  32558.95 99 
141813.0  32558.57 99 
141813.5  32558.81 99 
141814.0  32559.63 99 
141814.5  32559.45 99 
141815.0  32559.17 99 
141815.5  32559.43 99 
141816.0  32558.73 99 
141816.5  32558.90 99 
141817.0  32558.63 99 
141817.5  32559.20 99 
141818.0  32558.95 99 
141818.5  32559.00 99 
141819.0  32558.86 99 
141819.5  32559.10 99 
141820.0  32559.18 99 
141820.5  32558.69 99 
141821.0  32559.02 99 
141821.5  32559.63 99 
141822.0  32559.44 99 
141822.5  32559.20 99 
141823.0  32558.66 99 
141823.5  32559.84 99 
141824.0  32558.98 99 
141824.5  32559.42 99 
141825.0  32559.07 99 
141825.5  32559.31 99 
141826.0  32559.15 99 
141826.5  32559.72 99 
141827.0  32559.36 99 
141827.5  32559.45 99 
141828.0  32558.99 99 
141828.5  32559.05 99 
141829.0  32559.05 99 
141829.5  32559.42 99 
141830.0  32558.80 99 
141830.5  32559.08 99 
141831.0  32559.67 99 
141831.5  32559.32 99 
141832.0  32558.32 99 
141832.5  32558.98 99 
141833.0  32559.49 99 
141833.5  32559.43 99 
141834.0  32559.33 99 
141834.5  32558.94 99 
141835.0  32559.04 99 
141835.5  32558.73 99 
141836.0  32558.86 99 
141836.5  32559.47 99 
141837.0  32558.91 99 
141837.5  32559.12 99 
141838.0  32559.50 99 
141838.5  32558.87 99 
141839.0  32559.60 99 
141839.5  32559.14 99 
141840.0  32559.37 99 
141840.5  32559.12 99 
141841.0  32559.38 99 
141841.5  32558.83 99 
141842.0  32558.91 99 
141842.5  32559.29 99 
141843.0  32559.11 99 
141843.5  32559.31 99 
141844.0  32559.24 99 
141844.5  32559.07 99 
141845.0  32559.35 99 
141845.5  32558.95 99 
141846.0  32559.11 99 
141846.5  32559.13 99 
141847.0  32559.43 99 
141847.5  32558.64 99 
141848.0  32559.67 99 
141848.5  32559.25 99 
141849.0  32559.07 99 
141849.5  32559.14 99 
141850.0  32559.37 99 
141850.5  32559.36 99 
141851.0  32559.60 99 
141851.5  32559.11 99 
141852.0  32558.84 99 
141852.5  32559.13 99 
141853.0  32559.31 99 
141853.5  32558.96 99 
141854.0  32558.63 99 
141854.5  32559.50 99 
141855.0  32558.96 99 
141855.5  32559.02 99 
141856.0  32559.25 99 
141856.5  32559.13 99 
141857.0  32559.04 99 
141857.5  32559.67 99 
141858.0  32559.01 99 
141858.5  32559.49 99 
141859.0  32559.16 99 
141859.5  32559.19 99 
141900.0  32559.32 99 
141900.5  32559.06 99 
141901.0  32558.97 99 
141901.5  32558.98 99 
141902.0  32559.09 99 
141902.5  32559.35 99 
141903.0  32558.85 99 
141903.5  32559.12 99 
141904.0  32559.14 99 
141904.5  32559.13 99 
141905.0  32558.72 99 
141905.5  32559.27 99 
141906.0  32559.35 99 
141906.5  32559.36 99 
141907.0  32559.25 99 
141907.5  32559.41 99 
141908.0  32559.34 99 
141908.5  32559.13 99 
141909.0  32559.22 99 
141909.5  32558.72 99 
141910.0  32559.52 99 
141910.5  32559.26 99 
141911.0  32559.00 99 
141911.5  32559.19 99 
141912.0  32558.84 99 
141912.5  32558.81 99 
141913.0  32558.95 99 
141913.5  32559.16 99 
141914.0  32559.10 99 
141914.5  32558.88 99 
141915.0  32558.64 99 
141915.5  32559.11 99 
141916.0  32559.32 99 
141916.5  32559.42 99 
141917.0  32559.17 99 
141917.5  32559.08 99 
141918.0  32559.00 99 
141918.5  32558.55 99 
141919.0  32558.85 99 
141919.5  32559.11 99 
141920.0  32559.19 99 
141920.5  32559.09 99 
141921.0  32558.99 99 
141921.5  32558.87 99 
141922.0  32559.03 99 
141922.5  32559.32 99 
141923.0  32559.47 99 
141923.5  32558.98 99 
141924.0  32559.11 99 
141924.5  32559.09 99 
141925.0  32559.13 99 
141925.5  32559.37 99 
141926.0  32559.00 99 
141926.5  32558.92 99 
141927.0  32559.20 99 
141927.5  32559.01 99 
141928.0  32559.33 99 
141928.5  32558.93 99 
141929.0  32558.94 99 
141929.5  32558.99 99 
141930.0  32558.63 99 
141930.5  32559.01 99 
141931.0  32558.90 99 
141931.5  32558.82 99 
141932.0  32558.99 99 
141932.5  32559.23 99 
141933.0  32558.98 99 
141933.5  32558.68 99 
141934.0  32559.55 99 
141934.5  32559.23 99 
141935.0  32559.47 99 
141935.5  32558.99 99 
141936.0  32559.26 99 
141936.5  32558.82 99 
141937.0  32559.25 99 
141937.5  32559.40 99 
141938.0  32559.16 99 
141938.5  32559.52 99 
141939.0  32559.65 99 
141939.5  32558.98 99 
141940.0  32559.54 99 
141940.5  32558.73 99 
141941.0  32559.19 99 
141941.5  32559.07 99 
141942.0  32558.69 99 
141942.5  32558.88 99 
141943.0  32558.63 99 
141943.5  32559.38 99 
141944.0  32558.78 99 
141944.5  32559.22 99 
141945.0  32558.86 99 
141945.5  32558.94 99 
141946.0  32558.46 99 
141946.5  32558.83 99 
141947.0  32559.21 99 
141947.5  32558.78 99 
141948.0  32559.01 99 
141948.5  32558.94 99 
141949.0  32559.26 99 
141949.5  32558.72 99 
141950.0  32558.78 99 
141950.5  32558.65 99 
141951.0  32559.38 99 
141951.5  32558.63 99 
141952.0  32558.54 99 
141952.5  32558.73 99 
141953.0  32558.80 99 
141953.5  32558.72 99 
141954.0  32559.54 99 
141954.5  32558.98 99 
141955.0  32559.42 99 
141955.5  32558.77 99 
141956.0  32558.72 99 
141956.5  32558.76 99 
141957.0  32558.52 99 
141957.5  32558.71 99 
141958.0  32558.36 99 
141958.5  32559.02 99 
141959.0  32559.28 99 
141959.5  32558.83 99 
142000.0  32559.00 99 
142000.5  32558.70 99 
142001.0  32558.75 99 
142001.5  32559.50 99 
142002.0  32559.51 99 
142002.5  32558.87 99 
142003.0  32559.29 99 
142003.5  32558.43 99 
142004.0  32558.62 99 
142004.5  32559.28 99 
142005.0  32558.98 99 
142005.5  32558.74 99 
142006.0  32559.30 99 
142006.5  32559.18 99 
142007.0  32558.84 99 
142007.5  32559.02 99 
142008.0  32559.36 99 
142008.5  32558.41 99 
142009.0  32558.92 99 
142009.5  32558.79 99 
142010.0  32558.84 99 
142010.5  32558.90 99 
142011.0  32558.76 99 
142011.5  32559.08 99 
142012.0  32558.96 99 
142012.5  32559.21 99 
142013.0  32559.05 99 
142013.5  32559.20 99 
142014.0  32558.38 99 
142014.5  32559.02 99 
142015.0  32559.35 99 
142015.5  32559.11 99 
142016.0  32558.78 99 
142016.5  32558.78 99 
142017.0  32559.06 99 
142017.5  32559.14 99 
142018.0  32558.87 99 
142018.5  32558.68 99 
142019.0  32558.90 99 
142019.5  32558.42 99 
142020.0  32559.38 99 
142020.5  32558.85 99 
142021.0  32559.04 99 
142021.5  32558.95 99 
142022.0  32558.81 99 
142022.5  32558.99 99 
142023.0  32558.88 99 
142023.5  32558.40 99 
142024.0  32558.61 99 
142024.5  32558.74 99 
142025.0  32558.64 99 
142025.5  32558.62 99 
142026.0  32559.10 99 
142026.5  32559.06 99 
142027.0  32559.30 99 
142027.5  32559.04 99 
142028.0  32558.96 99 
142028.5  32558.83 99 
142029.0  32558.95 99 
142029.5  32558.65 99 
142030.0  32558.66 99 
142030.5  32557.83 99 
142031.0  32558.97 99 
142031.5  32558.73 99 
142032.0  32559.13 99 
142032.5  32558.58 99 
142033.0  32558.35 99 
142033.5  32558.83 99 
142034.0  32559.28 99 
142034.5  32558.54 99 
142035.0  32558.96 99 
142035.5  32558.63 99 
142036.0  32559.06 99 
142036.5  32558.68 99 
142037.0  32558.61 99 
142037.5  32558.94 99 
142038.0  32559.43 99 
142038.5  32559.16 99 
142039.0  32558.45 99 
142039.5  32558.95 99 
142040.0  32558.37 99 
142040.5  32558.44 99 
142041.0  32559.11 99 
142041.5  32558.81 99 
142042.0  32559.11 99 
142042.5  32558.73 99 
142043.0  32558.11 99 
142043.5  32559.12 99 
142044.0  32558.57 99 
142044.5  32558.87 99 
142045.0  32559.11 99 
142045.5  32558.95 99 
142046.0  32558.34 99 
142046.5  32559.21 99 
142047.0  32558.87 99 
142047.5  32558.70 99 
142048.0  32558.74 99 
142048.5  32558.62 99 
142049.0  32559.22 99 
142049.5  32558.99 99 
142050.0  32559.12 99 
142050.5  32558.51 99 
142051.0  32559.03 99 
142051.5  32559.35 99 
142052.0  32558.75 99 
142052.5  32559.12 99 
142053.0  32559.12 99 
142053.5  32559.01 99 
142054.0  32558.53 99 
142054.5  32558.57 99 
142055.0  32558.84 99 
142055.5  32559.09 99 
142056.0  32558.59 99 
142056.5  32558.55 99 
142057.0  32558.84 99 
142057.5  32558.57 99 
142058.0  32558.09 99 
142058.5  32558.60 99 
142059.0  32559.02 99 
142059.5  32558.90 99 
142100.0  32558.63 99 
142100.5  32558.69 99 
142101.0  32558.65 99 
142101.5  32558.57 99 
142102.0  32559.06 99 
142102.5  32558.74 99 
142103.0  32558.75 99 
142103.5  32559.02 99 
142104.0  32559.00 99 
142104.5  32558.60 99 
142105.0  32558.60 99 
142105.5  32558.77 99 
142106.0  32558.37 99 
142106.5  32559.29 99 
142107.0  32558.28 99 
142107.5  32558.57 99 
142108.0  32558.54 99 
142108.5  32559.20 99 
142109.0  32558.32 99 
142109.5  32558.63 99 
142110.0  32558.72 99 
142110.5  32559.16 99 
142111.0  32558.80 99 
142111.5  32558.11 99 
142112.0  32558.45 99 
142112.5  32558.61 99 
142113.0  32558.56 99 
142113.5  32558.41 99 
142114.0  32558.34 99 
142114.5  32559.01 99 
142115.0  32558.52 99 
142115.5  32558.75 99 
142116.0  32559.12 99 
142116.5  32558.63 99 
142117.0  32558.91 99 
142117.5  32559.00 99 
142118.0  32558.42 99 
142118.5  32558.53 99 
142119.0  32558.97 99 
142119.5  32558.71 99 
142120.0  32558.37 99 
142120.5  32558.97 99 
142121.0  32558.43 99 
142121.5  32559.00 99 
142122.0  32558.99 99 
142122.5  32559.12 99 
142123.0  32558.22 99 
142123.5  32559.41 99 
142124.0  32559.10 99 
142124.5  32558.25 99 
142125.0  32558.58 99 
142125.5  32558.64 99 
142126.0  32558.49 99 
142126.5  32558.41 99 
142127.0  32558.99 99 
142127.5  32558.14 99 
142128.0  32558.75 99 
142128.5  32558.39 99 
142129.0  32558.72 99 
142129.5  32559.18 99 
142130.0  32558.98 99 
142130.5  32558.65 99 
142131.0  32558.92 99 
142131.5  32558.58 99 
142132.0  32558.70 99 
142132.5  32558.80 99 
142133.0  32558.12 99 
142133.5  32558.75 99 
142134.0  32558.46 99 
142134.5  32558.33 99 
142135.0  32558.64 99 
142135.5  32558.80 99 
142136.0  32558.65 99 
142136.5  32558.47 99 
142137.0  32558.78 99 
142137.5  32558.62 99 
142138.0  32558.58 99 
142138.5  32558.56 99 
142139.0  32558.76 99 
142139.5  32558.46 99 
142140.0  32558.65 99 
142140.5  32558.09 99 
142141.0  32558.37 99 
142141.5  32558.61 99 
142142.0  32558.85 99 
142142.5  32558.62 99 
142143.0  32558.32 99 
142143.5  32558.50 99 
142144.0  32558.50 99 
142144.5  32558.54 99 
142145.0  32558.24 99 
142145.5  32558.78 99 
142146.0  32558.49 99 
142146.5  32558.60 99 
142147.0  32558.50 99 
142147.5  32558.61 99 
142148.0  32557.96 99 
142148.5  32558.13 99 
142149.0  32558.78 99 
142149.5  32558.43 99 
142150.0  32558.58 99 
142150.5  32559.06 99 
142151.0  32558.58 99 
142151.5  32558.75 99 
142152.0  32558.71 99 
142152.5  32558.55 99 
142153.0  32558.26 99 
142153.5  32558.07 99 
142154.0  32558.63 99 
142154.5  32558.37 99 
142155.0  32558.60 99 
142155.5  32558.39 99 
142156.0  32558.27 99 
142156.5  32558.41 99 
142157.0  32558.20 99 
142157.5  32558.26 99 
142158.0  32558.74 99 
142158.5  32558.76 99 
142159.0  32558.46 99 
142159.5  32558.82 99 
142200.0  32558.31 99 
142200.5  32558.44 99 
142201.0  32558.98 99 
142201.5  32558.70 99 
142202.0  32558.76 99 
142202.5  32558.20 99 
142203.0  32558.98 99 
142203.5  32558.76 99 
142204.0  32558.35 99 
142204.5  32558.78 99 
142205.0  32558.93 99 
142205.5  32559.01 99 
142206.0  32558.52 99 
142206.5  32558.70 99 
142207.0  32558.67 99 
142207.5  32558.47 99 
142208.0  32558.76 99 
142208.5  32558.44 99 
142209.0  32558.69 99 
142209.5  32558.77 99 
142210.0  32558.19 99 
142210.5  32558.57 99 
142211.0  32558.53 99 
142211.5  32558.07 99 
142212.0  32558.61 99 
142212.5  32558.54 99 
142213.0  32558.49 99 
142213.5  32558.25 99 
142214.0  32558.85 99 
142214.5  32557.84 99 
142215.0  32558.50 99 
142215.5  32558.58 99 
142216.0  32558.42 99 
142216.5  32557.97 99 
142217.0  32558.38 99 
142217.5  32558.31 99 
142218.0  32558.29 99 
142218.5  32558.04 99 
142219.0  32558.45 99 
142219.5  32558.32 99 
142220.0  32558.63 99 
142220.5  32558.83 99 
142221.0  32557.83 99 
142221.5  32558.21 99 
142222.0  32558.37 99 
142222.5  32558.39 99 
142223.0  32558.10 99 
142223.5  32558.36 99 
142224.0  32558.46 99 
142224.5  32558.27 99 
142225.0  32558.21 99 
142225.5  32558.21 99 
142226.0  32558.59 99 
142226.5  32559.00 99 
142227.0  32558.61 99 
142227.5  32558.27 99 
142228.0  32557.99 99 
142228.5  32558.54 99 
142229.0  32558.56 99 
142229.5  32558.24 99 
142230.0  32558.25 99 
142230.5  32558.45 99 
142231.0  32558.01 99 
142231.5  32558.16 99 
142232.0  32558.36 99 
142232.5  32558.14 99 
142233.0  32557.93 99 
142233.5  32558.53 99 
142234.0  32558.34 99 
142234.5  32558.31 99 
142235.0  32557.93 99 
142235.5  32558.56 99 
142236.0  32557.94 99 
142236.5  32558.30 99 
142237.0  32557.95 99 
142237.5  32558.14 99 
142238.0  32557.87 99 
142238.5  32558.62 99 
142239.0  32558.43 99 
142239.5  32558.09 99 
142240.0  32558.13 99 
142240.5  32558.61 99 
142241.0  32558.05 99 
142241.5  32558.39 99 
142242.0  32558.65 99 
142242.5  32558.29 99 
142243.0  32558.45 99 
142243.5  32558.46 99 
142244.0  32558.25 99 
142244.5  32557.93 99 
142245.0  32557.98 99 
142245.5  32557.95 99 
142246.0  32558.83 99 
142246.5  32558.00 99 
142247.0  32558.19 99 
142247.5  32558.33 99 
142248.0  32558.24 99 
142248.5  32558.33 99 
142249.0  32558.46 99 
142249.5  32558.71 99 
142250.0  32557.83 99 
142250.5  32558.50 99 
142251.0  32558.25 99 
142251.5  32558.33 99 
142252.0  32558.14 99 
142252.5  32558.05 99 
142253.0  32558.48 99 
142253.5  32558.71 99 
142254.0  32557.78 99 
142254.5  32557.78 99 
142255.0  32558.72 99 
142255.5  32558.48 99 
142256.0  32558.01 99 
142256.5  32558.22 99 
142257.0  32558.64 99 
142257.5  32558.52 99 
142258.0  32558.84 99 
142258.5  32557.70 99 
142259.0  32558.16 99 
142259.5  32557.90 99 
142300.0  32558.18 99 
142300.5  32558.11 99 
142301.0  32558.04 99 
142301.5  32558.09 99 
142302.0  32557.90 99 
142302.5  32558.24 99 
142303.0  32557.71 99 
142303.5  32558.17 99 
142304.0  32558.31 99 
142304.5  32558.33 99 
142305.0  32557.96 99 
142305.5  32558.39 99 
142306.0  32558.16 99 
142306.5  32558.38 99 
142307.0  32557.21 99 
142307.5  32558.03 99 
142308.0  32558.02 99 
142308.5  32558.20 99 
142309.0  32558.19 99 
142309.5  32557.77 99 
142310.0  32558.45 99 
142310.5  32558.03 99 
142311.0  32558.17 99 
142311.5  32557.75 99 
142312.0  32558.55 99 
142312.5  32557.68 99 
142313.0  32558.67 99 
142313.5  32558.61 99 
142314.0  32558.16 99 
142314.5  32558.53 99 
142315.0  32558.06 99 
142315.5  32558.43 99 
142316.0  32558.13 99 
142316.5  32558.23 99 
142317.0  32558.19 99 
142317.5  32558.15 99 
142318.0  32558.04 99 
142318.5  32558.70 99 
142319.0  32557.97 99 
142319.5  32557.79 99 
142320.0  32557.81 99 
142320.5  32558.18 99 
142321.0  32558.23 99 
142321.5  32558.10 99 
142322.0  32558.26 99 
142322.5  32558.15 99 
142323.0  32557.99 99 
142323.5  32558.38 99 
142324.0  32558.00 99 
142324.5  32558.39 99 
142325.0  32557.76 99 
142325.5  32557.96 99 
142326.0  32558.11 99 
142326.5  32558.01 99 
142327.0  32557.60 99 
142327.5  32557.80 99 
142328.0  32557.73 99 
142328.5  32558.14 99 
142329.0  32557.78 99 
142329.5  32557.85 99 
142330.0  32557.71 99 
142330.5  32558.35 99 
142331.0  32557.88 99 
142331.5  32557.90 99 
142332.0  32558.36 99 
142332.5  32558.18 99 
142333.0  32558.17 99 
142333.5  32557.80 99 
142334.0  32557.90 99 
142334.5  32557.93 99 
142335.0  32557.41 99 
142335.5  32557.75 99 
142336.0  32557.64 99 
142336.5  32558.44 99 
142337.0  32557.47 99 
142337.5  32558.09 99 
142338.0  32558.38 99 
142338.5  32558.00 99 
142339.0  32558.28 99 
142339.5  32557.78 99 
142340.0  32557.93 99 
142340.5  32558.26 99 
142341.0  32557.54 99 
142341.5  32557.90 99 
142342.0  32557.94 99 
142342.5  32558.35 99 
142343.0  32558.47 99 
142343.5  32558.07 99 
142344.0  32557.79 99 
142344.5  32558.00 99 
142345.0  32558.08 99 
142345.5  32558.06 99 
142346.0  32558.06 99 
142346.5  32557.89 99 
142347.0  32558.13 99 
142347.5  32558.05 99 
142348.0  32557.66 99 
142348.5  32557.51 99 
142349.0  32557.62 99 
142349.5  32557.99 99 
142350.0  32558.02 99 
142350.5  32558.50 99 
142351.0  32557.60 99 
142351.5  32558.29 99 
142352.0  32557.73 99 
142352.5  32558.12 99 
142353.0  32557.99 99 
142353.5  32557.89 99 
142354.0  32557.92 99 
142354.5  32558.08 99 
142355.0  32558.71 99 
142355.5  32558.16 99 
142356.0  32558.16 99 
142356.5  32557.81 99 
142357.0  32557.58 99 
142357.5  32558.15 99 
142358.0  32557.83 99 
142358.5  32558.08 99 
142359.0  32557.40 99 
142359.5  32558.44 99 
142400.0  32557.88 99 
142400.5  32557.96 99 
142401.0  32557.99 99 
142401.5  32557.69 99 
142402.0  32557.52 99 
142402.5  32557.93 99 
142403.0  32557.89 99 
142403.5  32558.00 99 
142404.0  32557.74 99 
142404.5  32558.02 99 
142405.0  32557.66 99 
142405.5  32557.74 99 
142406.0  32558.02 99 
142406.5  32557.86 99 
142407.0  32557.82 99 
142407.5  32557.93 99 
142408.0  32557.92 99 
142408.5  32558.31 99 
142409.0  32558.16 99 
142409.5  32557.33 99 
142410.0  32558.23 99 
142410.5  32558.23 99 
142411.0  32557.43 99 
142411.5  32557.62 99 
142412.0  32558.19 99 
142412.5  32558.50 99 
142413.0  32557.71 99 
142413.5  32557.70 99 
142414.0  32558.02 99 
142414.5  32557.91 99 
142415.0  32557.65 99 
142415.5  32557.51 99 
142416.0  32557.82 99 
142416.5  32557.73 99 
142417.0  32557.80 99 
142417.5  32557.74 99 
142418.0  32557.97 99 
142418.5  32557.71 99 
142419.0  32557.63 99 
142419.5  32557.54 99 
142420.0  32557.88 99 
142420.5  32557.80 99 
142421.0  32557.85 99 
142421.5  32557.83 99 
142422.0  32557.48 99 
142422.5  32557.62 99 
142423.0  32557.69 99 
142423.5  32557.86 99 
142424.0  32557.17 99 
142424.5  32557.72 99 
142425.0  32557.62 99 
142425.5  32557.41 99 
142426.0  32558.28 99 
142426.5  32558.07 99 
142427.0  32557.56 99 
142427.5  32558.04 99 
142428.0  32557.40 99 
142428.5  32557.91 99 
142429.0  32557.77 99 
142429.5  32557.45 99 
142430.0  32557.34 99 
142430.5  32558.26 99 
142431.0  32557.41 99 
142431.5  32558.09 99 
142432.0  32558.04 99 
142432.5  32557.57 99 
142433.0  32557.16 99 
142433.5  32557.94 99 
142434.0  32557.40 99 
142434.5  32557.87 99 
142435.0  32557.60 99 
142435.5  32558.44 99 
142436.0  32557.77 99 
142436.5  32557.83 99 
142437.0  32557.72 99 
142437.5  32558.18 99 
142438.0  32557.48 99 
142438.5  32557.35 99 
142439.0  32557.62 99 
142439.5  32557.93 99 
142440.0  32557.51 99 
142440.5  32557.50 99 
142441.0  32557.32 99 
142441.5  32557.53 99 
142442.0  32557.54 99 
142442.5  32557.48 99 
142443.0  32558.13 99 
142443.5  32557.40 99 
142444.0  32558.06 99 
142444.5  32557.88 99 
142445.0  32558.13 99 
142445.5  32558.02 99 
142446.0  32557.95 99 
142446.5  32557.59 99 
142447.0  32557.72 99 
142447.5  32557.76 99 
142448.0  32557.06 99 
142448.5  32557.50 99 
142449.0  32557.54 99 
142449.5  32557.49 99 
142450.0  32557.38 99 
142450.5  32557.89 99 
142451.0  32557.86 99 
142451.5  32557.67 99 
142452.0  32557.28 99 
142452.5  32557.56 99 
142453.0  32557.71 99 
142453.5  32557.75 99 
142454.0  32557.04 99 
142454.5  32557.83 99 
142455.0  32557.94 99 
142455.5  32557.61 99 
142456.0  32557.72 99 
142456.5  32557.35 99 
142457.0  32557.21 99 
142457.5  32557.69 99 
142458.0  32557.74 99 
142458.5  32558.02 99 
142459.0  32557.28 99 
142459.5  32557.69 99 
142500.0  32557.40 99 
142500.5  32557.50 99 
142501.0  32557.71 99 
142501.5  32557.82 99 
142502.0  32558.06 99 
142502.5  32557.84 99 
142503.0  32557.47 99 
142503.5  32557.30 99 
142504.0  32557.58 99 
142504.5  32557.85 99 
142505.0  32557.51 99 
142505.5  32557.30 99 
142506.0  32557.39 99 
142506.5  32557.35 99 
142507.0  32557.33 99 
142507.5  32557.36 99 
142508.0  32557.13 99 
142508.5  32557.88 99 
142509.0  32557.31 99 
142509.5  32557.49 99 
142510.0  32557.88 99 
142510.5  32557.50 99 
142511.0  32557.84 99 
142511.5  32557.51 99 
142512.0  32557.05 99 
142512.5  32557.63 99 
142513.0  32557.60 99 
142513.5  32557.86 99 
142514.0  32557.48 99 
142514.5  32557.67 99 
142515.0  32557.69 99 
142515.5  32557.47 99 
142516.0  32557.16 99 
142516.5  32557.56 99 
142517.0  32557.63 99 
142517.5  32557.38 99 
142518.0  32557.85 99 
142518.5  32558.00 99 
142519.0  32557.55 99 
142519.5  32557.79 99 
142520.0  32557.30 99 
142520.5  32556.70 99 
142521.0  32557.07 99 
142521.5  32557.27 99 
142522.0  32557.35 99 
142522.5  32558.18 99 
142523.0  32557.26 99 
142523.5  32557.57 99 
142524.0  32558.22 99 
142524.5  32557.72 99 
142525.0  32557.78 99 
142525.5  32557.34 99 
142526.0  32557.27 99 
142526.5  32557.40 99 
142527.0  32557.31 99 
142527.5  32557.64 99 
142528.0  32557.04 99 
142528.5  32557.56 99 
142529.0  32557.89 99 
142529.5  32556.96 99 
142530.0  32557.71 99 
142530.5  32557.38 99 
142531.0  32557.50 99 
142531.5  32557.26 99 
142532.0  32556.90 99 
142532.5  32557.20 99 
142533.0  32557.36 99 
142533.5  32557.12 99 
142534.0  32557.56 99 
142534.5  32557.47 99 
142535.0  32557.62 99 
142535.5  32557.48 99 
142536.0  32557.54 99 
142536.5  32557.50 99 
142537.0  32557.72 99 
142537.5  32557.66 99 
142538.0  32557.00 99 
142538.5  32557.56 99 
142539.0  32557.08 99 
142539.5  32557.32 99 
142540.0  32557.73 99 
142540.5  32557.59 99 
142541.0  32557.44 99 
142541.5  32557.05 99 
142542.0  32557.35 99 
142542.5  32557.32 99 
142543.0  32557.64 99 
142543.5  32557.29 99 
142544.0  32557.32 99 
142544.5  32557.67 99 
142545.0  32557.24 99 
142545.5  32557.20 99 
142546.0  32557.48 99 
142546.5  32557.64 99 
142547.0  32557.41 99 
142547.5  32557.26 99 
142548.0  32557.30 99 
142548.5  32557.49 99 
142549.0  32557.28 99 
142549.5  32557.22 99 
142550.0  32557.58 99 
142550.5  32557.86 99 
142551.0  32557.59 99 
142551.5  32557.04 99 
142552.0  32557.57 99 
142552.5  32556.91 99 
142553.0  32557.76 99 
142553.5  32557.32 99 
142554.0  32557.11 99 
142554.5  32556.88 99 
142555.0  32556.98 99 
142555.5  32557.91 99 
142556.0  32557.69 99 
142556.5  32557.15 99 
142557.0  32557.49 99 
142557.5  32557.41 99 
142558.0  32557.10 99 
142558.5  32557.78 99 
142559.0  32557.58 99 
142559.5  32557.69 99 
142600.0  32557.32 99 
142600.5  32557.55 99 
142601.0  32556.96 99 
142601.5  32557.43 99 
142602.0  32557.28 99 
142602.5  32557.49 99 
142603.0  32557.28 99 
142603.5  32557.50 99 
142604.0  32557.25 99 
142604.5  32557.12 99 
142605.0  32557.24 99 
142605.5  32557.62 99 
142606.0  32557.62 99 
142606.5  32557.29 99 
142607.0  32557.04 99 
142607.5  32557.56 99 
142608.0  32557.18 99 
142608.5  32557.79 99 
142609.0  32557.61 99 
142609.5  32557.12 99 
142610.0  32557.18 99 
142610.5  32557.31 99 
142611.0  32557.23 99 
142611.5  32556.58 99 
142612.0  32557.40 99 
142612.5  32557.35 99 
142613.0  32557.21 99 
142613.5  32557.34 99 
142614.0  32557.51 99 
142614.5  32556.99 99 
142615.0  32557.22 99 
142615.5  32557.03 99 
142616.0  32557.95 99 
142616.5  32557.36 99 
142617.0  32557.02 99 
142617.5  32557.45 99 
142618.0  32557.43 99 
142618.5  32557.58 99 
142619.0  32557.23 99 
142619.5  32557.90 99 
142620.0  32557.65 99 
142620.5  32557.32 99 
142621.0  32557.65 99 
142621.5  32557.40 99 
142622.0  32557.37 99 
142622.5  32556.93 99 
142623.0  32557.55 99 
142623.5  32557.54 99 
142624.0  32557.30 99 
142624.5  32557.07 99 
142625.0  32557.52 99 
142625.5  32557.75 99 
142626.0  32556.88 98 
142626.5  32557.32 99 
142627.0  32557.16 99 
142627.5  32557.37 99 
142628.0  32557.31 99 
142628.5  32557.47 99 
142629.0  32557.68 99 
142629.5  32557.47 99 
142630.0  32557.10 99 
142630.5  32557.50 99 
142631.0  32557.10 99 
142631.5  32557.26 99 
142632.0  32557.15 99 
142632.5  32557.27 99 
142633.0  32557.76 99 
142633.5  32556.95 99 
142634.0  32557.14 99 
142634.5  32557.23 99 
142635.0  32557.43 99 
142635.5  32557.15 99 
142636.0  32557.04 99 
142636.5  32557.15 99 
142637.0  32557.55 99 
142637.5  32557.28 99 
142638.0  32557.03 99 
142638.5  32557.57 99 
142639.0  32557.35 99 
142639.5  32557.46 99 
142640.0  32557.12 99 
142640.5  32557.43 99 
142641.0  32556.82 99 
142641.5  32557.78 99 
142642.0  32557.54 99 
142642.5  32557.37 99 
142643.0  32557.11 99 
142643.5  32557.34 99 
142644.0  32557.87 99 
142644.5  32557.32 99 
142645.0  32557.12 99 
142645.5  32557.08 99 
142646.0  32557.17 99 
142646.5  32557.38 99 
142647.0  32557.20 99 
142647.5  32556.82 99 
142648.0  32557.46 99 
142648.5  32557.05 99 
142649.0  32558.03 99 
142649.5  32557.56 99 
142650.0  32557.55 99 
142650.5  32557.36 99 
142651.0  32556.86 99 
142651.5  32557.54 99 
142652.0  32557.18 99 
142652.5  32557.12 99 
142653.0  32557.57 99 
142653.5  32557.12 99 
142654.0  32556.92 99 
142654.5  32556.74 99 
142655.0  32557.05 99 
142655.5  32557.24 99 
142656.0  32557.09 99 
142656.5  32557.49 99 
142657.0  32556.47 99 
142657.5  32556.83 99 
142658.0  32557.54 99 
142658.5  32557.70 99 
142659.0  32557.00 99 
142659.5  32557.56 99 
142700.0  32557.27 99 
142700.5  32557.31 99 
142701.0  32557.34 99 
142701.5  32557.30 99 
142702.0  32557.35 99 
142702.5  32556.87 99 
142703.0  32557.23 99 
142703.5  32557.16 99 
142704.0  32557.13 99 
142704.5  32556.92 99 
142705.0  32557.03 99 
142705.5  32557.56 99 
142706.0  32557.00 99 
142706.5  32557.38 99 
142707.0  32556.56 99 
142707.5  32556.95 99 
142708.0  32556.92 99 
142708.5  32557.16 99 
142709.0  32557.23 99 
142709.5  32557.46 99 
142710.0  32557.38 99 
142710.5  32556.86 99 
142711.0  32557.05 99 
142711.5  32557.28 99 
142712.0  32557.05 99 
142712.5  32557.53 99 
142713.0  32556.91 99 
142713.5  32557.31 99 
142714.0  32556.46 99 
142714.5  32557.04 99 
142715.0  32557.53 99 
142715.5  32557.21 99 
142716.0  32557.38 99 
142716.5  32557.65 99 
142717.0  32557.03 99 
142717.5  32557.20 99 
142718.0  32557.25 99 
142718.5  32556.95 99 
142719.0  32557.61 99 
142719.5  32557.18 99 
142720.0  32557.18 99 
142720.5  32557.44 99 
142721.0  32556.82 99 
142721.5  32557.05 99 
142722.0  32557.03 99 
142722.5  32557.65 99 
142723.0  32557.40 99 
142723.5  32557.33 99 
142724.0  32557.25 99 
142724.5  32557.26 99 
142725.0  32557.19 99 
142725.5  32556.87 99 
142726.0  32557.36 99 
142726.5  32557.47 99 
142727.0  32557.30 99 
142727.5  32556.99 99 
142728.0  32556.98 99 
142728.5  32557.30 99 
142729.0  32557.30 99 
142729.5  32557.12 99 
142730.0  32557.06 99 
142730.5  32557.30 99 
142731.0  32557.27 99 
142731.5  32557.08 99 
142732.0  32557.37 99 
142732.5  32557.63 99 
142733.0  32557.35 99 
142733.5  32557.47 99 
142734.0  32557.28 99 
142734.5  32557.45 99 
142735.0  32557.19 99 
142735.5  32556.76 99 
142736.0  32557.10 99 
142736.5  32557.57 99 
142737.0  32557.47 99 
142737.5  32557.16 99 
142738.0  32557.12 99 
142738.5  32557.28 99 
142739.0  32557.86 99 
142739.5  32556.81 99 
142740.0  32557.13 99 
142740.5  32557.23 99 
142741.0  32557.21 99 
142741.5  32557.60 99 
142742.0  32557.21 99 
142742.5  32557.45 99 
142743.0  32557.24 99 
142743.5  32557.02 99 
142744.0  32557.13 99 
142744.5  32556.86 99 
142745.0  32557.13 99 
142745.5  32557.55 99 
142746.0  32557.39 99 
142746.5  32557.02 99 
142747.0  32557.02 99 
142747.5  32556.94 99 
142748.0  32557.07 99 
142748.5  32557.21 99 
142749.0  32557.14 99 
142749.5  32557.58 99 
142750.0  32557.28 99 
142750.5  32557.42 99 
142751.0  32557.04 99 
142751.5  32557.89 99 
142752.0  32557.13 99 
142752.5  32557.43 99 
142753.0  32556.99 99 
142753.5  32557.75 99 
142754.0  32557.65 99 
142754.5  32557.40 99 
142755.0  32557.35 99 
142755.5  32557.66 99 
142756.0  32557.05 99 
142756.5  32557.06 99 
142757.0  32557.62 99 
142757.5  32557.53 99 
142758.0  32558.07 99 
142758.5  32557.26 99 
142759.0  32557.51 99 
142759.5  32557.36 99 
142800.0  32557.00 99 
142800.5  32557.46 99 
142801.0  32557.18 99 
142801.5  32557.59 99 
142802.0  32557.28 99 
142802.5  32557.22 99 
142803.0  32557.44 99 
142803.5  32557.19 99 
142804.0  32557.23 99 
142804.5  32557.81 99 
142805.0  32557.29 99 
142805.5  32557.18 99 
142806.0  32557.51 99 
142806.5  32557.16 99 
142807.0  32557.43 99 
142807.5  32557.73 99 
142808.0  32557.06 99 
142808.5  32557.07 99 
142809.0  32557.39 99 
142809.5  32557.19 99 
142810.0  32557.01 99 
142810.5  32557.75 99 
142811.0  32557.49 99 
142811.5  32557.55 99 
142812.0  32557.47 99 
142812.5  32557.28 99 
142813.0  32557.26 99 
142813.5  32557.31 99 
142814.0  32557.57 99 
142814.5  32557.48 99 
142815.0  32557.32 99 
142815.5  32557.33 99 
142816.0  32558.05 99 
142816.5  32557.72 99 
142817.0  32557.77 99 
142817.5  32557.70 99 
142818.0  32557.71 99 
142818.5  32557.16 99 
142819.0  32557.07 99 
142819.5  32557.52 99 
142820.0  32557.84 99 
142820.5  32557.46 99 
142821.0  32557.98 99 
142821.5  32557.68 99 
142822.0  32557.15 99 
142822.5  32557.98 99 
142823.0  32557.49 99 
142823.5  32556.88 99 
142824.0  32557.12 99 
142824.5  32557.69 99 
142825.0  32557.57 99 
142825.5  32557.29 99 
142826.0  32557.56 99 
142826.5  32557.86 99 
142827.0  32557.25 99 
142827.5  32557.40 99 
142828.0  32557.26 99 
142828.5  32557.44 99 
142829.0  32557.44 99 
142829.5  32557.22 99 
142830.0  32557.66 99 
142830.5  32557.49 99 
142831.0  32557.88 99 
142831.5  32557.19 99 
142832.0  32557.95 99 
142832.5  32556.95 99 
142833.0  32557.62 99 
142833.5  32557.06 99 
142834.0  32557.31 99 
142834.5  32557.24 99 
142835.0  32557.55 99 
142835.5  32557.55 99 
142836.0  32557.29 99 
142836.5  32556.92 99 
142837.0  32557.73 99 
142837.5  32557.46 99 
142838.0  32557.94 99 
142838.5  32557.53 99 
142839.0  32558.03 99 
142839.5  32557.45 99 
142840.0  32557.41 99 
142840.5  32557.78 99 
142841.0  32557.64 99 
142841.5  32557.86 99 
142842.0  32557.45 99 
142842.5  32557.96 99 
142843.0  32557.08 99 
142843.5  32557.73 99 
142844.0  32557.58 99 
142844.5  32557.23 99 
142845.0  32557.41 99 
142845.5  32556.77 99 
142846.0  32557.81 99 
142846.5  32557.74 99 
142847.0  32557.38 99 
142847.5  32557.62 99 
142848.0  32557.10 99 
142848.5  32557.24 99 
142849.0  32557.58 99 
142849.5  32557.75 99 
142850.0  32558.02 99 
142850.5  32557.13 99 
142851.0  32557.50 99 
142851.5  32557.32 99 
142852.0  32557.83 99 
142852.5  32557.57 99 
142853.0  32557.49 99 
142853.5  32557.71 99 
142854.0  32557.37 99 
142854.5  32557.67 99 
142855.0  32557.06 99 
142855.5  32557.51 99 
142856.0  32557.43 99 
142856.5  32557.41 99 
142857.0  32558.17 99 
142857.5  32557.59 99 
142858.0  32557.69 99 
142858.5  32557.54 99 
142859.0  32557.72 99 
142859.5  32557.67 99 
142900.0  32557.52 99 
142900.5  32557.37 99 
142901.0  32557.26 99 
142901.5  32557.91 99 
142902.0  32557.64 99 
142902.5  32557.66 99 
142903.0  32558.05 99 
142903.5  32557.70 99 
142904.0  32558.07 99 
142904.5  32557.31 99 
142905.0  32557.64 99 
142905.5  32557.36 99 
142906.0  32557.33 99 
142906.5  32557.64 99 
142907.0  32557.27 99 
142907.5  32557.86 99 
142908.0  32557.47 99 
142908.5  32557.58 99 
142909.0  32557.83 99 
142909.5  32557.69 99 
142910.0  32557.73 99 
142910.5  32557.37 99 
142911.0  32557.89 99 
142911.5  32558.14 99 
142912.0  32557.28 99 
142912.5  32557.81 99 
142913.0  32557.26 99 
142913.5  32557.24 99 
142914.0  32557.91 99 
142914.5  32557.93 99 
142915.0  32557.18 99 
142915.5  32557.69 99 
142916.0  32557.72 99 
142916.5  32557.60 99 
142917.0  32557.46 99 
142917.5  32557.73 99 
142918.0  32557.27 99 
142918.5  32557.80 99 
142919.0  32557.25 99 
142919.5  32557.51 99 
142920.0  32558.50 99 
142920.5  32557.74 99 
142921.0  32557.31 99 
142921.5  32557.72 99 
142922.0  32557.43 99 
142922.5  32557.28 99 
142923.0  32557.77 99 
142923.5  32557.80 99 
142924.0  32557.64 99 
142924.5  32557.84 99 
142925.0  32557.84 99 
142925.5  32557.88 99 
142926.0  32557.46 99 
142926.5  32557.81 99 
142927.0  32557.54 99 
142927.5  32557.44 99 
142928.0  32557.98 99 
142928.5  32557.87 99 
142929.0  32558.22 99 
142929.5  32557.68 99 
142930.0  32557.81 99 
142930.5  32557.90 99 
142931.0  32557.44 99 
142931.5  32557.96 99 
142932.0  32557.60 99 
142932.5  32558.06 99 
142933.0  32558.13 99 
142933.5  32557.74 99 
142934.0  32557.89 99 
142934.5  32558.36 99 
142935.0  32557.95 99 
142935.5  32557.91 99 
142936.0  32558.07 99 
142936.5  32558.60 99 
142937.0  32557.46 99 
142937.5  32557.65 99 
142938.0  32557.65 99 
142938.5  32557.34 99 
142939.0  32558.23 99 
142939.5  32557.74 99 
142940.0  32557.87 99 
142940.5  32558.28 99 
142941.0  32557.65 99 
142941.5  32558.04 99 
142942.0  32558.13 99 
142942.5  32557.95 99 
142943.0  32558.12 99 
142943.5  32557.49 99 
142944.0  32557.97 99 
142944.5  32558.31 99 
142945.0  32557.90 99 
142945.5  32557.66 99 
142946.0  32557.37 99 
142946.5  32557.66 99 
142947.0  32557.85 99 
142947.5  32557.97 99 
142948.0  32557.77 99 
142948.5  32557.97 99 
142949.0  32557.48 99 
142949.5  32558.01 99 
142950.0  32557.43 99 
142950.5  32558.35 99 
142951.0  32557.95 99 
142951.5  32557.81 99 
142952.0  32558.17 99 
142952.5  32557.98 99 
142953.0  32557.07 99 
142953.5  32557.84 99 
142954.0  32557.91 99 
142954.5  32558.02 99 
142955.0  32558.01 99 
142955.5  32558.08 99 
142956.0  32557.84 99 
142956.5  32557.77 99 
142957.0  32557.91 99 
142957.5  32557.93 99 
142958.0  32557.37 99 
142958.5  32557.64 99 
142959.0  32558.21 99 
142959.5  32557.55 99 
143000.0  32557.69 99 
143000.5  32558.09 99 
143001.0  32558.27 99 
143001.5  32557.81 99 
143002.0  32557.87 99 
143002.5  32557.37 99 
143003.0  32557.82 99 
143003.5  32557.87 99 
143004.0  32557.66 99 
143004.5  32558.04 99 
143005.0  32558.20 99 
143005.5  32557.90 99 
143006.0  32558.09 99 
143006.5  32558.23 99 
143007.0  32558.11 99 
143007.5  32557.54 99 
143008.0  32558.02 99 
143008.5  32558.27 99 
143009.0  32558.03 99 
143009.5  32558.24 99 
143010.0  32557.93 99 
143010.5  32557.47 99 
143011.0  32557.99 99 
143011.5  32558.36 99 
143012.0  32557.74 99 
143012.5  32557.89 99 
143013.0  32558.02 99 
143013.5  32557.95 99 
143014.0  32558.05 99 
143014.5  32558.35 99 
143015.0  32558.14 99 
143015.5  32558.27 99 
143016.0  32557.98 99 
143016.5  32558.29 99 
143017.0  32557.95 99 
143017.5  32557.84 99 
143018.0  32558.06 99 
143018.5  32557.54 99 
143019.0  32557.98 99 
143019.5  32557.45 99 
143020.0  32558.16 99 
143020.5  32557.96 99 
143021.0  32558.03 99 
143021.5  32557.78 99 
143022.0  32558.31 99 
143022.5  32558.20 99 
143023.0  32558.53 99 
143023.5  32557.88 99 
143024.0  32558.18 99 
143024.5  32558.07 99 
143025.0  32557.81 99 
143025.5  32557.86 99 
143026.0  32558.27 99 
143026.5  32558.28 99 
143027.0  32558.13 99 
143027.5  32558.08 99 
143028.0  32558.36 99 
143028.5  32557.85 99 
143029.0  32557.78 99 
143029.5  32557.83 99 
143030.0  32557.77 99 
143030.5  32558.43 99 
143031.0  32558.03 99 
143031.5  32558.29 99 
143032.0  32558.03 99 
143032.5  32558.34 99 
143033.0  32558.26 99 
143033.5  32557.89 99 
143034.0  32558.51 99 
143034.5  32558.34 99 
143035.0  32558.41 99 
143035.5  32558.18 99 
143036.0  32558.53 99 
143036.5  32558.45 99 
143037.0  32558.10 99 
143037.5  32557.95 99 
143038.0  32558.38 99 
143038.5  32558.21 99 
143039.0  32558.26 99 
143039.5  32557.87 99 
143040.0  32558.02 99 
143040.5  32558.36 99 
143041.0  32558.27 99 
143041.5  32557.99 99 
143042.0  32557.77 99 
143042.5  32558.12 99 
143043.0  32558.06 99 
143043.5  32558.01 99 
143044.0  32558.25 99 
143044.5  32558.09 99 
143045.0  32557.79 99 
143045.5  32558.79 99 
143046.0  32558.16 99 
143046.5  32558.70 99 
143047.0  32558.01 99 
143047.5  32558.21 99 
143048.0  32558.09 99 
143048.5  32558.48 99 
143049.0  32558.33 99 
143049.5  32558.55 99 
143050.0  32557.70 99 
143050.5  32558.03 99 
143051.0  32558.39 99 
143051.5  32557.97 98 
143052.0  32558.43 99 
143052.5  32558.44 99 
143053.0  32558.73 99 
143053.5  32558.61 99 
143054.0  32558.18 99 
143054.5  32558.57 99 
143055.0  32557.86 99 
143055.5  32558.14 99 
143056.0  32558.31 98 
143056.5  32558.71 99 
143057.0  32558.26 99 
143057.5  32558.06 99 
143058.0  32557.53 99 
143058.5  32558.00 99 
143059.0  32558.34 99 
143059.5  32558.13 99 
143100.0  32558.06 99 
143100.5  32557.90 99 
143101.0  32558.49 99 
143101.5  32558.38 99 
143102.0  32558.18 99 
143102.5  32557.99 99 
143103.0  32558.10 99 
143103.5  32558.35 99 
143104.0  32557.96 99 
143104.5  32558.32 99 
143105.0  32558.51 99 
143105.5  32557.98 99 
143106.0  32558.37 99 
143106.5  32557.91 99 
143107.0  32557.86 99 
143107.5  32558.47 99 
143108.0  32558.45 99 
143108.5  32558.48 99 
143109.0  32558.27 99 
143109.5  32558.09 99 
143110.0  32558.03 99 
143110.5  32558.26 99 
143111.0  32558.36 99 
143111.5  32557.96 99 
143112.0  32558.18 99 
143112.5  32558.19 99 
143113.0  32558.74 99 
143113.5  32558.56 99 
143114.0  32558.45 99 
143114.5  32558.33 99 
143115.0  32558.24 99 
143115.5  32558.33 99 
143116.0  32558.10 99 
143116.5  32558.73 99 
143117.0  32558.00 99 
143117.5  32558.14 99 
143118.0  32558.24 99 
143118.5  32558.19 99 
143119.0  32558.26 99 
143119.5  32558.25 99 
143120.0  32558.37 99 
143120.5  32558.31 99 
143121.0  32558.08 99 
143121.5  32558.10 99 
143122.0  32558.55 99 
143122.5  32558.46 99 
143123.0  32558.66 99 
143123.5  32558.07 99 
143124.0  32558.30 99 
143124.5  32558.77 99 
143125.0  32558.19 99 
143125.5  32557.78 99 
143126.0  32558.48 99 
143126.5  32558.64 99 
143127.0  32557.76 99 
143127.5  32558.77 99 
143128.0  32558.20 99 
143128.5  32558.17 99 
143129.0  32558.11 99 
143129.5  32558.68 99 
143130.0  32558.03 99 
143130.5  32558.47 99 
143131.0  32558.04 99 
143131.5  32558.13 99 
143132.0  32558.11 99 
143132.5  32558.47 99 
143133.0  32558.03 99 
143133.5  32558.16 99 
143134.0  32557.89 99 
143134.5  32558.19 99 
143135.0  32557.64 99 
143135.5  32557.64 99 
143136.0  32558.22 99 
143136.5  32558.17 99 
143137.0  32558.19 99 
143137.5  32557.62 99 
143138.0  32558.32 99 
143138.5  32557.82 99 
143139.0  32558.07 99 
143139.5  32557.98 99 
143140.0  32558.30 99 
143140.5  32558.33 99 
143141.0  32557.99 99 
143141.5  32558.49 99 
143142.0  32558.31 99 
143142.5  32558.15 99 
143143.0  32557.93 99 
143143.5  32557.87 99 
143144.0  32558.09 99 
143144.5  32558.24 99 
143145.0  32558.29 99 
143145.5  32557.89 99 
143146.0  32557.88 99 
143146.5  32558.29 99 
143147.0  32558.14 99 
143147.5  32558.22 99 
143148.0  32557.91 99 
143148.5  32557.84 99 
143149.0  32557.99 99 
143149.5  32557.94 99 
143150.0  32557.89 99 
143150.5  32558.30 99 
143151.0  32557.91 99 
143151.5  32558.38 99 
143152.0  32558.08 99 
143152.5  32557.98 99 
143153.0  32557.99 99 
143153.5  32558.13 99 
143154.0  32558.23 99 
143154.5  32557.61 99 
143155.0  32557.63 99 
143155.5  32558.12 99 
143156.0  32557.71 99 
143156.5  32557.59 99 
143157.0  32558.58 99 
143157.5  32557.65 99 
143158.0  32558.27 99 
143158.5  32557.57 99 
143159.0  32558.03 99 
143159.5  32558.02 99 
143200.0  32557.88 99 
143200.5  32558.11 99 
143201.0  32558.32 99 
143201.5  32557.76 99 
143202.0  32558.06 99 
143202.5  32558.24 99 
143203.0  32558.38 99 
143203.5  32557.64 99 
143204.0  32557.94 99 
143204.5  32557.90 99 
143205.0  32557.92 99 
143205.5  32557.58 99 
143206.0  32557.64 99 
143206.5  32558.20 99 
143207.0  32557.58 99 
143207.5  32557.26 99 
143208.0  32557.68 99 
143208.5  32557.88 99 
143209.0  32557.97 99 
143209.5  32557.61 99 
143210.0  32558.00 99 
143210.5  32558.09 99 
143211.0  32557.63 99 
143211.5  32557.40 99 
143212.0  32557.74 99 
143212.5  32557.51 99 
143213.0  32557.52 99 
143213.5  32557.47 99 
143214.0  32557.25 99 
143214.5  32558.10 99 
143215.0  32557.51 99 
143215.5  32557.87 99 
143216.0  32557.48 99 
143216.5  32557.79 99 
143217.0  32557.87 99 
143217.5  32557.77 99 
143218.0  32557.64 99 
143218.5  32557.75 99 
143219.0  32558.06 99 
143219.5  32557.54 99 
143220.0  32557.88 99 
143220.5  32557.35 99 
143221.0  32557.59 99 
143221.5  32557.94 99 
143222.0  32557.48 99 
143222.5  32557.72 99 
143223.0  32557.66 99 
143223.5  32557.86 99 
143224.0  32557.41 99 
143224.5  32557.50 99 
143225.0  32557.41 99 
143225.5  32557.33 99 
143226.0  32557.65 99 
143226.5  32557.73 99 
143227.0  32557.91 99 
143227.5  32557.49 99 
143228.0  32557.43 99 
143228.5  32557.86 99 
143229.0  32557.53 99 
143229.5  32557.84 99 
143230.0  32557.26 99 
143230.5  32557.35 99 
143231.0  32557.74 99 
143231.5  32557.18 99 
143232.0  32557.63 99 
143232.5  32557.68 99 
143233.0  32558.03 99 
143233.5  32557.79 99 
143234.0  32557.51 99 
143234.5  32557.35 99 
143235.0  32557.21 99 
143235.5  32556.79 99 
143236.0  32557.48 99 
143236.5  32557.66 99 
143237.0  32557.72 99 
143237.5  32557.74 99 
143238.0  32557.51 99 
143238.5  32557.24 99 
143239.0  32557.44 99 
143239.5  32557.72 99 
143240.0  32557.28 99 
143240.5  32557.48 99 
143241.0  32557.51 99 
143241.5  32557.71 99 
143242.0  32557.66 99 
143242.5  32557.47 99 
143243.0  32557.38 99 
143243.5  32557.40 99 
143244.0  32557.96 99 
143244.5  32557.13 99 
143245.0  32557.29 99 
143245.5  32557.41 99 
143246.0  32557.42 99 
143246.5  32558.06 99 
143247.0  32557.50 99 
143247.5  32557.25 99 
143248.0  32557.58 99 
143248.5  32557.59 99 
143249.0  32557.68 99 
143249.5  32557.24 99 
143250.0  32557.36 99 
143250.5  32557.64 99 
143251.0  32557.25 99 
143251.5  32557.11 99 
143252.0  32557.68 99 
143252.5  32556.97 99 
143253.0  32556.87 99 
143253.5  32557.22 99 
143254.0  32557.51 99 
143254.5  32557.05 99 
143255.0  32557.31 99 
143255.5  32557.13 99 
143256.0  32557.92 99 
143256.5  32557.56 99 
143257.0  32557.02 99 
143257.5  32557.24 99 
143258.0  32557.00 99 
143258.5  32557.37 99 
143259.0  32557.09 99 
143259.5  32557.52 99 
143300.0  32557.41 99 
143300.5  32557.44 99 
143301.0  32557.42 99 
143301.5  32557.36 99 
143302.0  32557.55 99 
143302.5  32557.85 99 
143303.0  32557.15 99 
143303.5  32557.55 99 
143304.0  32557.23 99 
143304.5  32557.48 99 
143305.0  32557.03 99 
143305.5  32557.40 99 
143306.0  32557.36 99 
143306.5  32556.83 99 
143307.0  32556.79 99 
143307.5  32556.87 99 
143308.0  32557.31 99 
143308.5  32556.89 99 
143309.0  32557.53 99 
143309.5  32557.27 99 
143310.0  32556.87 99 
143310.5  32557.72 99 
143311.0  32557.06 99 
143311.5  32557.36 99 
143312.0  32557.01 99 
143312.5  32556.75 99 
143313.0  32556.92 99 
143313.5  32556.63 99 
143314.0  32556.90 99 
143314.5  32556.82 99 
143315.0  32556.99 99 
143315.5  32557.69 99 
143316.0  32557.12 99 
143316.5  32557.29 99 
143317.0  32556.98 99 
143317.5  32556.98 99 
143318.0  32556.98 99 
143318.5  32556.39 99 
143319.0  32556.96 99 
143319.5  32556.80 99 
143320.0  32556.95 99 
143320.5  32556.98 99 
143321.0  32557.18 99 
143321.5  32557.12 99 
143322.0  32557.31 99 
143322.5  32557.42 99 
143323.0  32557.29 99 
143323.5  32557.24 99 
143324.0  32556.94 99 
143324.5  32557.47 99 
143325.0  32556.47 99 
143325.5  32557.58 99 
143326.0  32556.66 99 
143326.5  32557.20 99 
143327.0  32556.69 99 
143327.5  32556.60 99 
143328.0  32556.55 99 
143328.5  32556.75 99 
143329.0  32556.45 99 
143329.5  32557.04 99 
143330.0  32556.84 99 
143330.5  32557.39 99 
143331.0  32556.73 99 
143331.5  32556.68 99 
143332.0  32556.55 99 
143332.5  32556.96 99 
143333.0  32556.78 99 
143333.5  32557.64 99 
143334.0  32556.81 99 
143334.5  32556.95 99 
143335.0  32557.27 99 
143335.5  32557.20 99 
143336.0  32557.23 99 
143336.5  32557.08 99 
143337.0  32557.04 99 
143337.5  32557.08 99 
143338.0  32556.35 99 
143338.5  32557.29 99 
143339.0  32556.72 99 
143339.5  32556.93 99 
143340.0  32556.77 99 
143340.5  32557.04 99 
143341.0  32556.97 99 
143341.5  32556.71 99 
143342.0  32557.14 99 
143342.5  32556.72 99 
143343.0  32556.56 99 
143343.5  32557.33 99 
143344.0  32556.37 99 
143344.5  32556.75 99 
143345.0  32556.71 99 
143345.5  32556.82 99 
143346.0  32557.09 99 
143346.5  32557.00 99 
143347.0  32556.64 99 
143347.5  32556.86 99 
143348.0  32557.13 99 
143348.5  32556.98 99 
143349.0  32557.06 99 
143349.5  32557.02 99 
143350.0  32556.91 99 
143350.5  32556.80 99 
143351.0  32556.43 99 
143351.5  32557.17 99 
143352.0  32556.52 99 
143352.5  32556.91 99 
143353.0  32557.08 99 
143353.5  32556.82 99 
143354.0  32556.82 99 
143354.5  32556.96 99 
143355.0  32557.31 99 
143355.5  32556.97 99 
143356.0  32556.55 99 
143356.5  32556.79 99 
143357.0  32556.94 99 
143357.5  32557.00 99 
143358.0  32556.66 99 
143358.5  32556.94 99 
143359.0  32557.04 99 
143359.5  32556.58 99 
143400.0  32556.61 99 
143400.5  32556.54 99 
143401.0  32556.78 99 
143401.5  32556.90 99 
143402.0  32556.83 99 
143402.5  32556.86 99 
143403.0  32556.66 99 
143403.5  32556.33 99 
143404.0  32556.68 99 
143404.5  32556.53 99 
143405.0  32556.87 99 
143405.5  32557.29 99 
143406.0  32556.46 99 
143406.5  32556.51 99 
143407.0  32556.73 99 
143407.5  32556.58 99 
143408.0  32557.54 99 
143408.5  32556.63 99 
143409.0  32556.71 99 
143409.5  32556.50 99 
143410.0  32556.49 99 
143410.5  32556.37 99 
143411.0  32556.28 99 
143411.5  32556.52 99 
143412.0  32556.93 99 
143412.5  32557.22 99 
143413.0  32556.50 99 
143413.5  32556.89 99 
143414.0  32556.40 99 
143414.5  32556.67 99 
143415.0  32556.42 99 
143415.5  32556.31 99 
143416.0  32556.39 99 
143416.5  32556.73 99 
143417.0  32556.63 99 
143417.5  32556.85 99 
143418.0  32556.72 99 
143418.5  32556.55 99 
143419.0  32556.47 99 
143419.5  32556.34 99 
143420.0  32556.45 99 
143420.5  32556.72 99 
143421.0  32556.62 99 
143421.5  32556.77 99 
143422.0  32556.39 99 
143422.5  32556.41 99 
143423.0  32556.15 99 
143423.5  32556.17 99 
143424.0  32556.46 99 
143424.5  32556.65 99 
143425.0  32556.45 99 
143425.5  32556.24 99 
143426.0  32556.36 99 
143426.5  32556.12 99 
143427.0  32556.83 99 
143427.5  32556.25 99 
143428.0  32556.53 99 
143428.5  32556.48 99 
143429.0  32556.35 99 
143429.5  32556.42 99 
143430.0  32556.34 99 
143430.5  32556.78 99 
143431.0  32555.95 99 
143431.5  32556.37 99 
143432.0  32556.90 99 
143432.5  32556.61 99 
143433.0  32556.61 99 
143433.5  32556.56 99 
143434.0  32556.45 99 
143434.5  32556.59 99 
143435.0  32556.02 99 
143435.5  32557.02 99 
143436.0  32556.79 99 
143436.5  32555.95 99 
143437.0  32556.45 99 
143437.5  32556.57 99 
143438.0  32556.43 99 
143438.5  32555.92 99 
143439.0  32556.17 99 
143439.5  32556.36 99 
143440.0  32556.45 99 
143440.5  32557.00 99 
143441.0  32556.49 99 
143441.5  32556.25 99 
143442.0  32556.38 99 
143442.5  32556.18 99 
143443.0  32556.62 99 
143443.5  32556.51 99 
143444.0  32556.38 99 
143444.5  32556.02 99 
143445.0  32556.62 99 
143445.5  32556.33 99 
143446.0  32556.05 99 
143446.5  32555.92 99 
143447.0  32556.52 99 
143447.5  32556.36 99 
143448.0  32555.65 99 
143448.5  32556.27 99 
143449.0  32556.10 99 
143449.5  32556.10 99 
143450.0  32556.57 99 
143450.5  32556.22 99 
143451.0  32556.17 99 
143451.5  32556.19 99 
143452.0  32556.61 99 
143452.5  32556.03 99 
143453.0  32556.00 99 
143453.5  32556.00 99 
143454.0  32555.92 99 
143454.5  32556.15 99 
143455.0  32556.00 99 
143455.5  32556.31 99 
143456.0  32556.35 99 
143456.5  32556.19 99 
143457.0  32556.13 99 
143457.5  32556.34 99 
143458.0  32555.97 99 
143458.5  32555.92 99 
143459.0  32556.29 99 
143459.5  32555.98 99 
143500.0  32555.89 99 
143500.5  32556.28 99 
143501.0  32556.13 99 
143501.5  32556.15 99 
143502.0  32556.04 99 
143502.5  32556.24 99 
143503.0  32556.35 99 
143503.5  32556.12 99 
143504.0  32556.30 99 
143504.5  32556.04 99 
143505.0  32556.08 99 
143505.5  32555.52 99 
143506.0  32555.92 99 
143506.5  32556.39 99 
143507.0  32556.83 99 
143507.5  32556.04 99 
143508.0  32555.88 99 
143508.5  32556.13 99 
143509.0  32556.07 99 
143509.5  32556.61 99 
143510.0  32556.51 99 
143510.5  32555.90 99 
143511.0  32556.23 99 
143511.5  32556.10 99 
143512.0  32556.04 99 
143512.5  32555.77 99 
143513.0  32556.35 99 
143513.5  32556.07 99 
143514.0  32556.32 99 
143514.5  32556.64 99 
143515.0  32556.34 99 
143515.5  32555.59 99 
143516.0  32555.56 99 
143516.5  32555.75 99 
143517.0  32556.17 99 
143517.5  32556.08 99 
143518.0  32555.79 99 
143518.5  32555.85 99 
143519.0  32556.92 99 
143519.5  32555.44 99 
143520.0  32556.04 99 
143520.5  32556.37 99 
143521.0  32555.47 99 
143521.5  32556.24 99 
143522.0  32556.27 99 
143522.5  32556.36 99 
143523.0  32555.70 99 
143523.5  32556.13 99 
143524.0  32555.74 99 
143524.5  32556.26 99 
143525.0  32556.26 99 
143525.5  32555.81 99 
143526.0  32555.85 99 
143526.5  32556.41 99 
143527.0  32556.22 99 
143527.5  32556.14 99 
143528.0  32555.76 99 
143528.5  32555.95 99 
143529.0  32556.10 99 
143529.5  32555.70 99 
143530.0  32556.16 99 
143530.5  32556.12 99 
143531.0  32555.69 99 
143531.5  32555.86 99 
143532.0  32555.98 99 
143532.5  32555.75 99 
143533.0  32556.01 99 
143533.5  32555.97 99 
143534.0  32556.07 99 
143534.5  32555.72 99 
143535.0  32556.32 99 
143535.5  32555.62 99 
143536.0  32555.54 99 
143536.5  32555.68 99 
143537.0  32555.34 99 
143537.5  32556.53 99 
143538.0  32555.79 99 
143538.5  32555.74 99 
143539.0  32555.77 99 
143539.5  32556.01 99 
143540.0  32555.69 99 
143540.5  32555.83 99 
143541.0  32555.66 99 
143541.5  32556.14 99 
143542.0  32555.81 99 
143542.5  32555.55 99 
143543.0  32556.08 99 
143543.5  32556.15 99 
143544.0  32555.58 99 
143544.5  32556.13 99 
143545.0  32555.85 99 
143545.5  32555.54 99 
143546.0  32555.70 99 
143546.5  32555.62 99 
143547.0  32554.95 99 
143547.5  32555.68 99 
143548.0  32555.74 99 
143548.5  32555.98 99 
143549.0  32555.56 99 
143549.5  32556.15 99 
143550.0  32555.31 99 
143550.5  32555.76 99 
143551.0  32555.75 99 
143551.5  32555.72 99 
143552.0  32556.30 99 
143552.5  32556.01 99 
143553.0  32555.78 99 
143553.5  32556.05 99 
143554.0  32555.60 99 
143554.5  32555.88 99 
143555.0  32556.01 99 
143555.5  32555.82 99 
143556.0  32555.75 99 
143556.5  32555.53 99 
143557.0  32555.20 99 
143557.5  32555.56 99 
143558.0  32555.70 99 
143558.5  32555.00 99 
143559.0  32555.80 99 
143559.5  32555.72 99 
143600.0  32556.13 99 
143600.5  32555.80 99 
143601.0  32555.99 99 
143601.5  32555.57 99 
143602.0  32555.81 99 
143602.5  32555.71 99 
143603.0  32555.84 99 
143603.5  32555.72 99 
143604.0  32555.47 99 
143604.5  32555.65 99 
143605.0  32556.00 99 
143605.5  32556.01 99 
143606.0  32555.25 99 
143606.5  32555.65 99 
143607.0  32556.09 99 
143607.5  32555.54 99 
143608.0  32555.75 99 
143608.5  32555.53 99 
143609.0  32555.69 99 
143609.5  32556.13 99 
143610.0  32555.55 99 
143610.5  32555.34 99 
143611.0  32555.42 99 
143611.5  32555.26 99 
143612.0  32555.61 99 
143612.5  32555.53 99 
143613.0  32555.86 99 
143613.5  32555.31 99 
143614.0  32556.06 99 
143614.5  32556.15 99 
143615.0  32555.82 99 
143615.5  32555.50 99 
143616.0  32555.75 99 
143616.5  32555.49 99 
143617.0  32555.46 99 
143617.5  32555.07 99 
143618.0  32555.44 99 
143618.5  32555.74 99 
143619.0  32555.27 99 
143619.5  32555.76 99 
143620.0  32556.00 99 
143620.5  32556.21 99 
143621.0  32555.50 99 
143621.5  32556.31 99 
143622.0  32555.10 99 
143622.5  32555.49 99 
143623.0  32555.79 99 
143623.5  32555.56 99 
143624.0  32555.96 99 
143624.5  32555.62 99 
143625.0  32555.77 99 
143625.5  32555.27 99 
143626.0  32555.58 99 
143626.5  32556.00 99 
143627.0  32555.82 99 
143627.5  32555.84 99 
143628.0  32555.43 99 
143628.5  32555.04 99 
143629.0  32555.23 99 
143629.5  32555.64 99 
143630.0  32555.56 99 
143630.5  32555.33 99 
143631.0  32555.13 99 
143631.5  32555.52 99 
143632.0  32555.69 99 
143632.5  32555.86 99 
143633.0  32554.93 99 
143633.5  32555.79 99 
143634.0  32555.29 99 
143634.5  32555.73 99 
143635.0  32555.14 99 
143635.5  32555.78 99 
143636.0  32555.31 99 
143636.5  32555.08 99 
143637.0  32555.34 99 
143637.5  32555.41 99 
143638.0  32555.67 99 
143638.5  32555.64 99 
143639.0  32555.93 99 
143639.5  32555.59 99 
143640.0  32556.05 99 
143640.5  32555.20 99 
143641.0  32555.59 99 
143641.5  32555.21 99 
143642.0  32555.38 99 
143642.5  32555.69 99 
143643.0  32555.38 99 
143643.5  32555.85 99 
143644.0  32555.44 99 
143644.5  32555.91 99 
143645.0  32555.41 99 
143645.5  32555.26 99 
143646.0  32555.50 99 
143646.5  32555.24 99 
143647.0  32555.53 99 
143647.5  32555.50 99 
143648.0  32555.23 99 
143648.5  32555.10 99 
143649.0  32555.86 99 
143649.5  32555.35 99 
143650.0  32555.81 99 
143650.5  32555.47 99 
143651.0  32555.12 99 
143651.5  32555.60 99 
143652.0  32554.78 99 
143652.5  32555.18 99 
143653.0  32555.60 99 
143653.5  32555.60 99 
143654.0  32555.41 99 
143654.5  32555.06 99 
143655.0  32555.21 99 
143655.5  32555.98 99 
143656.0  32555.30 99 
143656.5  32555.08 99 
143657.0  32555.74 99 
143657.5  32554.97 99 
143658.0  32555.65 99 
143658.5  32555.31 99 
143659.0  32555.14 99 
143659.5  32554.82 99 
143700.0  32555.39 99 
143700.5  32555.41 99 
143701.0  32555.07 99 
143701.5  32555.56 99 
143702.0  32555.59 99 
143702.5  32555.52 99 
143703.0  32555.44 99 
143703.5  32555.06 99 
143704.0  32555.05 99 
143704.5  32555.08 99 
143705.0  32555.58 99 
143705.5  32555.61 99 
143706.0  32554.79 99 
143706.5  32555.52 99 
143707.0  32555.20 99 
143707.5  32555.20 99 
143708.0  32555.64 99 
143708.5  32554.71 99 
143709.0  32555.18 99 
143709.5  32554.87 99 
143710.0  32555.93 99 
143710.5  32555.47 99 
143711.0  32554.92 99 
143711.5  32555.39 99 
143712.0  32555.00 99 
143712.5  32555.46 99 
143713.0  32555.59 99 
143713.5  32554.92 99 
143714.0  32555.70 99 
143714.5  32555.46 99 
143715.0  32554.80 99 
143715.5  32555.15 99 
143716.0  32555.87 99 
143716.5  32554.57 99 
143717.0  32555.31 99 
143717.5  32555.35 99 
143718.0  32555.45 99 
143718.5  32555.51 99 
143719.0  32555.17 99 
143719.5  32555.60 99 
143720.0  32555.61 99 
143720.5  32555.17 99 
143721.0  32555.54 99 
143721.5  32554.78 99 
143722.0  32555.03 99 
143722.5  32555.17 99 
143723.0  32555.05 99 
143723.5  32554.94 99 
143724.0  32555.27 99 
143724.5  32555.45 99 
143725.0  32555.58 99 
143725.5  32555.41 99 
143726.0  32555.61 99 
143726.5  32555.43 99 
143727.0  32555.46 99 
143727.5  32554.92 99 
143728.0  32555.35 99 
143728.5  32555.84 99 
143729.0  32555.47 99 
143729.5  32555.36 99 
143730.0  32555.55 99 
143730.5  32555.15 99 
143731.0  32554.98 99 
143731.5  32554.75 99 
143732.0  32555.58 99 
143732.5  32554.98 99 
143733.0  32554.97 99 
143733.5  32555.38 99 
143734.0  32554.66 99 
143734.5  32555.19 99 
143735.0  32554.70 99 
143735.5  32555.35 99 
143736.0  32554.94 99 
143736.5  32555.30 99 
143737.0  32555.12 99 
143737.5  32554.72 99 
143738.0  32554.98 99 
143738.5  32555.12 99 
143739.0  32555.71 99 
143739.5  32555.42 99 
143740.0  32555.35 99 
143740.5  32555.35 99 
143741.0  32555.21 99 
143741.5  32554.93 99 
143742.0  32555.64 99 
143742.5  32555.45 99 
143743.0  32554.79 99 
143743.5  32555.28 99 
143744.0  32554.96 99 
143744.5  32555.03 99 
143745.0  32554.61 99 
143745.5  32555.21 99 
143746.0  32555.05 99 
143746.5  32555.60 99 
143747.0  32555.05 99 
143747.5  32555.18 99 
143748.0  32555.45 99 
143748.5  32555.22 99 
143749.0  32555.29 99 
143749.5  32554.89 99 
143750.0  32555.25 99 
143750.5  32555.03 99 
143751.0  32555.46 99 
143751.5  32555.17 99 
143752.0  32555.27 99 
143752.5  32555.51 99 
143753.0  32555.24 99 
143753.5  32555.49 99 
143754.0  32555.31 99 
143754.5  32555.10 99 
143755.0  32555.50 99 
143755.5  32555.12 99 
143756.0  32555.25 99 
143756.5  32554.73 99 
143757.0  32554.74 99 
143757.5  32555.17 99 
143758.0  32554.69 99 
143758.5  32555.48 99 
143759.0  32555.21 99 
143759.5  32555.00 99 
143800.0  32555.06 99 
143800.5  32555.04 99 
143801.0  32555.14 99 
143801.5  32555.04 99 
143802.0  32554.98 99 
143802.5  32555.13 99 
143803.0  32554.94 99 
143803.5  32555.13 99 
143804.0  32554.77 99 
143804.5  32554.73 99 
143805.0  32554.72 99 
143805.5  32555.39 99 
143806.0  32555.30 99 
143806.5  32555.06 99 
143807.0  32554.96 99 
143807.5  32555.30 99 
143808.0  32554.72 99 
143808.5  32554.94 99 
143809.0  32554.52 99 
143809.5  32555.25 99 
143810.0  32555.20 99 
143810.5  32555.70 99 
143811.0  32555.19 99 
143811.5  32554.92 99 
143812.0  32554.82 99 
143812.5  32555.09 99 
143813.0  32554.50 99 
143813.5  32555.37 99 
143814.0  32554.85 99 
143814.5  32555.36 99 
143815.0  32554.91 99 
143815.5  32554.90 99 
143816.0  32555.00 99 
143816.5  32554.23 99 
143817.0  32554.89 99 
143817.5  32554.90 99 
143818.0  32555.15 99 
143818.5  32554.71 99 
143819.0  32555.18 99 
143819.5  32554.53 99 
143820.0  32555.12 99 
143820.5  32554.66 99 
143821.0  32555.01 99 
143821.5  32554.85 99 
143822.0  32554.84 99 
143822.5  32554.92 99 
143823.0  32555.02 99 
143823.5  32555.27 99 
143824.0  32554.78 99 
143824.5  32555.08 99 
143825.0  32554.99 99 
143825.5  32554.71 99 
143826.0  32554.62 99 
143826.5  32555.29 99 
143827.0  32554.72 99 
143827.5  32555.25 99 
143828.0  32554.83 99 
143828.5  32554.68 99 
143829.0  32554.91 99 
143829.5  32555.04 99 
143830.0  32554.81 99 
143830.5  32554.87 99 
143831.0  32555.02 99 
143831.5  32554.95 99 
143832.0  32554.95 99 
143832.5  32554.84 99 
143833.0  32554.91 99 
143833.5  32554.25 99 
143834.0  32554.97 99 
143834.5  32554.74 99 
143835.0  32554.90 99 
143835.5  32555.33 99 
143836.0  32554.97 99 
143836.5  32554.73 99 
143837.0  32555.05 99 
143837.5  32555.38 99 
143838.0  32554.58 99 
143838.5  32554.88 99 
143839.0  32554.09 99 
143839.5  32554.62 99 
143840.0  32554.80 99 
143840.5  32554.98 99 
143841.0  32554.88 99 
143841.5  32554.22 99 
143842.0  32554.34 99 
143842.5  32555.15 99 
143843.0  32554.97 99 
143843.5  32554.85 99 
143844.0  32554.64 99 
143844.5  32554.95 99 
143845.0  32554.82 99 
143845.5  32554.68 99 
143846.0  32554.72 99 
143846.5  32554.17 99 
143847.0  32555.39 99 
143847.5  32554.88 99 
143848.0  32554.53 99 
143848.5  32554.27 99 
143849.0  32554.72 99 
143849.5  32554.31 99 
143850.0  32554.63 99 
143850.5  32554.86 99 
143851.0  32554.94 99 
143851.5  32554.94 99 
143852.0  32554.70 99 
143852.5  32554.60 99 
143853.0  32554.58 99 
143853.5  32554.86 99 
143854.0  32554.51 99 
143854.5  32554.88 99 
143855.0  32554.86 99 
143855.5  32554.91 99 
143856.0  32554.34 99 
143856.5  32554.67 99 
143857.0  32554.91 99 
143857.5  32554.63 99 
143858.0  32554.27 99 
143858.5  32554.55 99 
143859.0  32554.35 99 
143859.5  32554.85 99 
143900.0  32554.56 99 
143900.5  32554.70 99 
143901.0  32554.44 99 
143901.5  32554.34 99 
143902.0  32554.52 99 
143902.5  32554.92 99 
143903.0  32554.74 99 
143903.5  32554.84 99 
143904.0  32554.22 99 
143904.5  32555.11 99 
143905.0  32554.59 99 
143905.5  32554.80 99 
143906.0  32554.82 99 
143906.5  32554.86 99 
143907.0  32554.94 99 
143907.5  32555.21 99 
143908.0  32554.50 99 
143908.5  32555.05 99 
143909.0  32554.80 99 
143909.5  32554.67 99 
143910.0  32554.58 99 
143910.5  32554.60 99 
143911.0  32554.72 99 
143911.5  32554.80 99 
143912.0  32554.52 99 
143912.5  32554.91 99 
143913.0  32554.52 99 
143913.5  32554.20 99 
143914.0  32554.66 99 
143914.5  32554.87 99 
143915.0  32554.48 99 
143915.5  32554.55 99 
143916.0  32554.67 99 
143916.5  32554.52 99 
143917.0  32554.57 99 
143917.5  32554.81 99 
143918.0  32554.92 99 
143918.5  32554.81 99 
143919.0  32554.05 99 
143919.5  32554.17 99 
143920.0  32554.95 99 
143920.5  32554.72 99 
143921.0  32554.18 99 
143921.5  32554.33 99 
143922.0  32554.44 99 
143922.5  32554.35 99 
143923.0  32554.42 99 
143923.5  32554.17 99 
143924.0  32554.45 99 
143924.5  32554.07 99 
143925.0  32554.32 99 
143925.5  32554.30 99 
143926.0  32554.72 99 
143926.5  32555.22 99 
143927.0  32553.99 99 
143927.5  32553.94 99 
143928.0  32553.95 99 
143928.5  32554.21 99 
143929.0  32554.26 99 
143929.5  32554.46 99 
143930.0  32553.96 99 
143930.5  32553.70 99 
143931.0  32554.19 99 
143931.5  32554.43 99 
143932.0  32554.22 99 
143932.5  32554.41 99 
143933.0  32554.09 99 
143933.5  32554.02 99 
143934.0  32554.49 99 
143934.5  32554.27 99 
143935.0  32554.70 99 
143935.5  32553.80 99 
143936.0  32554.34 99 
143936.5  32554.30 99 
143937.0  32554.42 99 
143937.5  32554.89 99 
143938.0  32553.91 99 
143938.5  32554.29 99 
143939.0  32554.21 99 
143939.5  32554.08 99 
143940.0  32554.46 99 
143940.5  32554.46 99 
143941.0  32554.25 99 
143941.5  32553.98 99 
143942.0  32553.92 99 
143942.5  32554.46 99 
143943.0  32554.19 99 
143943.5  32554.75 99 
143944.0  32554.32 99 
143944.5  32554.36 99 
143945.0  32554.20 99 
143945.5  32554.56 99 
143946.0  32554.02 99 
143946.5  32554.49 99 
143947.0  32554.20 99 
143947.5  32554.52 99 
143948.0  32554.49 99 
143948.5  32554.19 99 
143949.0  32554.43 99 
143949.5  32554.00 99 
143950.0  32553.87 99 
143950.5  32554.18 99 
143951.0  32554.23 99 
143951.5  32554.59 99 
143952.0  32553.97 99 
143952.5  32554.39 99 
143953.0  32554.15 99 
143953.5  32554.04 99 
143954.0  32553.71 99 
143954.5  32554.50 99 
143955.0  32554.36 99 
143955.5  32554.07 99 
143956.0  32553.52 99 
143956.5  32553.96 99 
143957.0  32554.79 99 
143957.5  32553.84 99 
143958.0  32554.68 99 
143958.5  32554.28 99 
143959.0  32554.41 99 
143959.5  32554.33 99 
144000.0  32553.99 99 
144000.5  32553.91 99 
144001.0  32554.68 99 
144001.5  32554.01 99 
144002.0  32553.88 99 
144002.5  32553.44 99 
144003.0  32554.18 99 
144003.5  32553.86 99 
144004.0  32554.58 99 
144004.5  32554.12 99 
144005.0  32553.77 99 
144005.5  32554.08 99 
144006.0  32553.85 99 
144006.5  32554.12 99 
144007.0  32554.10 99 
144007.5  32554.41 99 
144008.0  32554.28 99 
144008.5  32554.27 99 
144009.0  32553.82 99 
144009.5  32553.91 99 
144010.0  32554.43 99 
144010.5  32554.43 99 
144011.0  32554.17 99 
144011.5  32553.76 99 
144012.0  32553.94 99 
144012.5  32554.05 99 
144013.0  32554.04 99 
144013.5  32554.16 99 
144014.0  32554.32 99 
144014.5  32554.07 99 
144015.0  32553.95 99 
144015.5  32553.90 99 
144016.0  32553.75 99 
144016.5  32554.02 99 
144017.0  32553.63 99 
144017.5  32554.06 99 
144018.0  32553.55 99 
144018.5  32553.92 99 
144019.0  32554.17 99 
144019.5  32554.57 99 
144020.0  32553.94 99 
144020.5  32553.89 99 
144021.0  32554.15 99 
144021.5  32553.59 99 
144022.0  32553.69 99 
144022.5  32554.00 99 
144023.0  32553.90 99 
144023.5  32553.96 99 
144024.0  32553.98 99 
144024.5  32553.97 99 
144025.0  32553.58 99 
144025.5  32553.89 99 
144026.0  32554.08 99 
144026.5  32553.56 99 
144027.0  32554.08 99 
144027.5  32553.58 99 
144028.0  32554.18 99 
144028.5  32554.16 99 
144029.0  32553.71 99 
144029.5  32553.71 99 
144030.0  32553.50 99 
144030.5  32554.33 99 
144031.0  32553.57 99 
144031.5  32553.99 99 
144032.0  32553.94 99 
144032.5  32553.83 99 
144033.0  32553.46 99 
144033.5  32553.68 99 
144034.0  32553.62 99 
144034.5  32554.32 99 
144035.0  32553.77 99 
144035.5  32553.42 99 
144036.0  32553.46 99 
144036.5  32554.03 99 
144037.0  32553.70 99 
144037.5  32553.75 99 
144038.0  32553.50 99 
144038.5  32553.82 99 
144039.0  32553.76 99 
144039.5  32553.65 99 
144040.0  32554.03 99 
144040.5  32553.80 99 
144041.0  32553.76 99 
144041.5  32554.17 99 
144042.0  32553.80 99 
144042.5  32553.84 99 
144043.0  32554.14 99 
144043.5  32553.50 99 
144044.0  32554.24 99 
144044.5  32553.32 99 
144045.0  32554.12 99 
144045.5  32553.82 99 
144046.0  32553.76 99 
144046.5  32554.09 99 
144047.0  32553.59 99 
144047.5  32553.80 99 
144048.0  32553.96 99 
144048.5  32554.42 99 
144049.0  32554.06 99 
144049.5  32554.18 99 
144050.0  32554.17 99 
144050.5  32553.53 99 
144051.0  32553.76 99 
144051.5  32552.97 99 
144052.0  32553.83 99 
144052.5  32554.21 99 
144053.0  32553.60 99 
144053.5  32553.81 99 
144054.0  32554.06 99 
144054.5  32553.23 99 
144055.0  32553.49 99 
144055.5  32553.86 99 
144056.0  32554.17 99 
144056.5  32554.03 99 
144057.0  32554.25 99 
144057.5  32553.99 99 
144058.0  32553.91 99 
144058.5  32553.40 99 
144059.0  32553.48 99 
144059.5  32553.78 99 
144100.0  32553.87 99 
144100.5  32554.09 99 
144101.0  32553.77 99 
144101.5  32553.61 99 
144102.0  32554.21 99 
144102.5  32553.99 99 
144103.0  32554.22 99 
144103.5  32553.59 99 
144104.0  32553.99 99 
144104.5  32553.82 99 
144105.0  32553.22 99 
144105.5  32553.93 99 
144106.0  32553.82 99 
144106.5  32553.60 99 
144107.0  32553.78 99 
144107.5  32553.79 99 
144108.0  32553.21 99 
144108.5  32553.19 99 
144109.0  32553.61 99 
144109.5  32553.58 99 
144110.0  32553.47 99 
144110.5  32553.74 99 
144111.0  32553.94 99 
144111.5  32553.31 99 
144112.0  32554.24 99 
144112.5  32553.78 99 
144113.0  32553.78 99 
144113.5  32553.45 99 
144114.0  32553.67 99 
144114.5  32553.98 99 
144115.0  32553.73 99 
144115.5  32553.70 99 
144116.0  32553.62 99 
144116.5  32553.59 99 
144117.0  32553.71 99 
144117.5  32553.89 99 
144118.0  32554.05 99 
144118.5  32553.40 99 
144119.0  32553.83 99 
144119.5  32553.94 99 
144120.0  32553.68 99 
144120.5  32553.52 99 
144121.0  32553.50 99 
144121.5  32554.08 99 
144122.0  32553.54 99 
144122.5  32554.23 99 
144123.0  32553.43 99 
144123.5  32553.26 99 
144124.0  32553.69 99 
144124.5  32554.26 99 
144125.0  32553.97 99 
144125.5  32553.47 99 
144126.0  32553.70 99 
144126.5  32553.56 99 
144127.0  32553.69 99 
144127.5  32553.20 99 
144128.0  32553.66 99 
144128.5  32554.06 99 
144129.0  32554.05 99 
144129.5  32553.83 99 
144130.0  32554.09 99 
144130.5  32553.72 99 
144131.0  32553.48 99 
144131.5  32553.22 99 
144132.0  32553.67 99 
144132.5  32553.51 99 
144133.0  32553.57 99 
144133.5  32553.86 99 
144134.0  32553.79 99 
144134.5  32553.95 99 
144135.0  32553.91 99 
144135.5  32553.85 99 
144136.0  32553.93 99 
144136.5  32553.76 99 
144137.0  32553.28 99 
144137.5  32554.03 99 
144138.0  32553.59 99 
144138.5  32553.57 99 
144139.0  32553.68 99 
144139.5  32553.55 99 
144140.0  32553.27 99 
144140.5  32553.63 99 
144141.0  32554.13 99 
144141.5  32553.50 99 
144142.0  32553.35 99 
144142.5  32553.90 99 
144143.0  32553.65 99 
144143.5  32553.57 99 
144144.0  32553.93 99 
144144.5  32553.50 99 
144145.0  32553.41 99 
144145.5  32553.73 99 
144146.0  32553.61 99 
144146.5  32553.32 99 
144147.0  32553.34 99 
144147.5  32553.75 99 
144148.0  32553.52 99 
144148.5  32553.66 99 
144149.0  32553.72 99 
144149.5  32553.83 99 
144150.0  32554.11 99 
144150.5  32553.91 99 
144151.0  32553.63 99 
144151.5  32554.07 99 
144152.0  32553.54 99 
144152.5  32553.69 99 
144153.0  32553.27 99 
144153.5  32552.90 99 
144154.0  32553.45 99 
144154.5  32553.40 99 
144155.0  32553.84 99 
144155.5  32553.42 99 
144156.0  32553.63 99 
144156.5  32553.44 99 
144157.0  32553.45 99 
144157.5  32553.78 99 
144158.0  32553.57 99 
144158.5  32553.80 99 
144159.0  32553.67 99 
144159.5  32553.64 99 
144200.0  32553.74 99 
144200.5  32553.38 99 
144201.0  32553.23 99 
144201.5  32553.07 99 
144202.0  32553.19 99 
144202.5  32553.31 99 
144203.0  32553.46 99 
144203.5  32553.36 99 
144204.0  32553.62 99 
144204.5  32553.02 99 
144205.0  32553.46 99 
144205.5  32553.69 99 
144206.0  32553.12 99 
144206.5  32553.65 99 
144207.0  32553.52 99 
144207.5  32553.81 99 
144208.0  32553.70 99 
144208.5  32553.80 99 
144209.0  32553.92 99 
144209.5  32553.71 99 
144210.0  32553.11 99 
144210.5  32553.75 99 
144211.0  32553.37 99 
144211.5  32553.53 99 
144212.0  32553.94 99 
144212.5  32553.78 99 
144213.0  32553.38 99 
144213.5  32553.42 99 
144214.0  32553.16 99 
144214.5  32553.49 99 
144215.0  32553.45 99 
144215.5  32553.64 99 
144216.0  32553.22 99 
144216.5  32553.90 99 
144217.0  32553.55 99 
144217.5  32553.79 99 
144218.0  32553.00 99 
144218.5  32553.64 99 
144219.0  32553.58 99 
144219.5  32553.31 99 
144220.0  32553.57 99 
144220.5  32553.55 99 
144221.0  32553.20 99 
144221.5  32552.41 99 
144222.0  32552.93 99 
144222.5  32553.38 99 
144223.0  32553.34 99 
144223.5  32554.04 99 
144224.0  32553.09 99 
144224.5  32553.68 99 
144225.0  32553.25 99 
144225.5  32553.48 99 
144226.0  32553.60 99 
144226.5  32553.75 99 
144227.0  32553.54 99 
144227.5  32553.13 99 
144228.0  32553.29 99 
144228.5  32553.47 99 
144229.0  32553.18 99 
144229.5  32553.44 99 
144230.0  32553.33 99 
144230.5  32553.61 99 
144231.0  32553.99 99 
144231.5  32553.00 99 
144232.0  32553.68 99 
144232.5  32553.95 99 
144233.0  32553.33 99 
144233.5  32553.61 99 
144234.0  32553.34 99 
144234.5  32553.66 99 
144235.0  32553.36 99 
144235.5  32553.69 99 
144236.0  32552.66 99 
144236.5  32553.40 99 
144237.0  32553.48 99 
144237.5  32553.06 99 
144238.0  32553.41 99 
144238.5  32553.39 99 
144239.0  32553.35 99 
144239.5  32553.45 99 
144240.0  32552.84 99 
144240.5  32553.54 99 
144241.0  32554.03 99 
144241.5  32553.66 99 
144242.0  32553.43 99 
144242.5  32553.22 99 
144243.0  32553.48 99 
144243.5  32553.06 99 
144244.0  32553.38 99 
144244.5  32553.18 99 
144245.0  32553.39 99 
144245.5  32553.77 99 
144246.0  32553.92 99 
144246.5  32553.26 99 
144247.0  32553.19 99 
144247.5  32553.65 99 
144248.0  32553.62 99 
144248.5  32553.61 99 
144249.0  32553.91 99 
144249.5  32553.99 99 
144250.0  32553.64 99 
144250.5  32553.39 99 
144251.0  32553.36 99 
144251.5  32553.50 99 
144252.0  32553.50 99 
144252.5  32553.53 99 
144253.0  32553.24 99 
144253.5  32553.32 99 
144254.0  32553.85 99 
144254.5  32553.24 99 
144255.0  32553.35 99 
144255.5  32553.76 99 
144256.0  32553.59 99 
144256.5  32553.82 99 
144257.0  32553.45 99 
144257.5  32553.32 99 
144258.0  32553.69 99 
144258.5  32553.80 99 
144259.0  32553.18 99 
144259.5  32553.39 99 
144300.0  32553.46 99 
144300.5  32553.36 99 
144301.0  32553.89 99 
144301.5  32553.19 99 
144302.0  32553.32 99 
144302.5  32553.24 99 
144303.0  32553.32 99 
144303.5  32553.69 99 
144304.0  32553.38 99 
144304.5  32552.63 99 
144305.0  32553.29 99 
144305.5  32553.43 99 
144306.0  32553.10 99 
144306.5  32553.67 99 
144307.0  32553.44 99 
144307.5  32554.11 99 
144308.0  32553.36 99 
144308.5  32553.33 99 
144309.0  32553.69 99 
144309.5  32553.10 99 
144310.0  32553.23 99 
144310.5  32553.10 99 
144311.0  32553.47 99 
144311.5  32553.13 99 
144312.0  32553.75 99 
144312.5  32553.87 99 
144313.0  32552.99 99 
144313.5  32553.95 99 
144314.0  32553.67 99 
144314.5  32553.64 99 
144315.0  32553.06 99 
144315.5  32553.37 99 
144316.0  32553.24 99 
144316.5  32552.80 99 
144317.0  32553.81 99 
144317.5  32553.59 99 
144318.0  32553.02 99 
144318.5  32553.48 99 
144319.0  32553.38 99 
144319.5  32553.47 99 
144320.0  32553.48 99 
144320.5  32553.24 99 
144321.0  32553.18 99 
144321.5  32553.00 99 
144322.0  32553.50 99 
144322.5  32553.32 99 
144323.0  32553.06 99 
144323.5  32553.67 99 
144324.0  32553.63 99 
144324.5  32553.24 99 
144325.0  32553.81 99 
144325.5  32553.19 99 
144326.0  32553.55 99 
144326.5  32553.41 99 
144327.0  32553.41 99 
144327.5  32553.37 99 
144328.0  32553.21 99 
144328.5  32553.16 99 
144329.0  32553.15 99 
144329.5  32553.41 99 
144330.0  32553.63 99 
144330.5  32553.65 99 
144331.0  32553.91 99 
144331.5  32553.38 99 
144332.0  32553.16 99 
144332.5  32553.44 99 
144333.0  32552.93 99 
144333.5  32553.47 99 
144334.0  32553.35 99 
144334.5  32553.60 99 
144335.0  32552.92 99 
144335.5  32553.34 99 
144336.0  32553.27 99 
144336.5  32553.51 99 
144337.0  32552.92 99 
144337.5  32552.81 99 
144338.0  32552.72 99 
144338.5  32553.08 99 
144339.0  32553.77 99 
144339.5  32553.06 99 
144340.0  32553.28 99 
144340.5  32553.35 99 
144341.0  32553.30 99 
144341.5  32553.26 99 
144342.0  32553.73 99 
144342.5  32553.30 99 
144343.0  32553.39 99 
144343.5  32553.69 99 
144344.0  32553.29 99 
144344.5  32553.41 99 
144345.0  32552.73 99 
144345.5  32553.53 99 
144346.0  32553.32 99 
144346.5  32552.87 99 
144347.0  32553.40 99 
144347.5  32553.01 99 
144348.0  32553.01 99 
144348.5  32553.78 99 
144349.0  32553.34 99 
144349.5  32552.45 99 
144350.0  32553.26 99 
144350.5  32553.41 99 
144351.0  32553.47 99 
144351.5  32553.37 99 
144352.0  32552.82 99 
144352.5  32553.24 99 
144353.0  32553.23 99 
144353.5  32553.86 99 
144354.0  32552.85 99 
144354.5  32553.16 99 
144355.0  32553.33 99 
144355.5  32553.45 99 
144356.0  32553.36 99 
144356.5  32553.54 99 
144357.0  32553.45 99 
144357.5  32553.50 99 
144358.0  32553.51 99 
144358.5  32553.17 99 
144359.0  32553.13 99 
144359.5  32553.69 99 
144400.0  32553.26 99 
144400.5  32553.18 99 
144401.0  32553.03 99 
144401.5  32553.55 99 
144402.0  32553.39 99 
144402.5  32553.28 99 
144403.0  32552.80 99 
144403.5  32552.91 99 
144404.0  32552.85 99 
144404.5  32553.24 99 
144405.0  32553.34 99 
144405.5  32553.42 99 
144406.0  32553.08 99 
144406.5  32553.45 99 
144407.0  32552.93 99 
144407.5  32552.83 99 
144408.0  32553.56 99 
144408.5  32552.98 99 
144409.0  32553.41 99 
144409.5  32552.62 99 
144410.0  32553.31 99 
144410.5  32553.66 99 
144411.0  32553.15 99 
144411.5  32552.49 99 
144412.0  32552.91 99 
144412.5  32553.56 99 
144413.0  32553.05 99 
144413.5  32552.78 99 
144414.0  32553.37 99 
144414.5  32552.96 99 
144415.0  32552.68 99 
144415.5  32553.21 99 
144416.0  32553.15 99 
144416.5  32553.34 99 
144417.0  32553.16 99 
144417.5  32553.06 99 
144418.0  32553.48 99 
144418.5  32553.10 99 
144419.0  32553.37 99 
144419.5  32553.56 99 
144420.0  32553.14 99 
144420.5  32552.91 99 
144421.0  32553.28 99 
144421.5  32553.14 99 
144422.0  32552.97 99 
144422.5  32553.33 99 
144423.0  32552.93 99 
144423.5  32552.94 99 
144424.0  32553.13 99 
144424.5  32553.28 99 
144425.0  32553.47 99 
144425.5  32552.83 99 
144426.0  32552.68 99 
144426.5  32553.03 99 
144427.0  32552.68 99 
144427.5  32552.95 99 
144428.0  32552.88 99 
144428.5  32552.98 99 
144429.0  32552.76 99 
144429.5  32552.69 99 
144430.0  32553.43 99 
144430.5  32553.58 99 
144431.0  32552.83 99 
144431.5  32553.42 99 
144432.0  32552.98 99 
144432.5  32553.02 99 
144433.0  32552.96 99 
144433.5  32552.80 99 
144434.0  32553.10 99 
144434.5  32553.30 99 
144435.0  32552.97 99 
144435.5  32552.65 99 
144436.0  32552.93 99 
144436.5  32553.00 99 
144437.0  32552.62 99 
144437.5  32553.10 99 
144438.0  32552.76 99 
144438.5  32553.17 99 
144439.0  32552.75 99 
144439.5  32552.63 99 
144440.0  32552.75 99 
144440.5  32552.48 99 
144441.0  32553.29 99 
144441.5  32553.18 99 
144442.0  32552.99 99 
144442.5  32553.51 99 
144443.0  32552.71 99 
144443.5  32552.94 99 
144444.0  32553.39 99 
144444.5  32553.18 99 
144445.0  32553.29 99 
144445.5  32553.09 99 
144446.0  32553.18 99 
144446.5  32552.90 99 
144447.0  32552.88 99 
144447.5  32553.19 99 
144448.0  32552.65 99 
144448.5  32552.81 99 
144449.0  32552.89 99 
144449.5  32552.41 99 
144450.0  32553.37 99 
144450.5  32553.11 99 
144451.0  32552.67 99 
144451.5  32552.76 99 
144452.0  32552.93 99 
144452.5  32552.66 99 
144453.0  32552.64 99 
144453.5  32553.10 99 
144454.0  32552.50 99 
144454.5  32552.90 99 
144455.0  32552.57 99 
144455.5  32552.87 99 
144456.0  32553.05 99 
144456.5  32553.10 99 
144457.0  32552.46 99 
144457.5  32553.12 99 
144458.0  32552.64 99 
144458.5  32552.85 99 
144459.0  32552.70 99 
144459.5  32553.07 99 
144500.0  32552.43 99 
144500.5  32552.63 99 
144501.0  32552.67 99 
144501.5  32552.96 99 
144502.0  32552.43 99 
144502.5  32552.96 99 
144503.0  32553.55 99 
144503.5  32552.92 99 
144504.0  32552.88 99 
144504.5  32552.44 99 
144505.0  32552.63 99 
144505.5  32552.97 99 
144506.0  32552.50 99 
144506.5  32552.99 99 
144507.0  32552.68 99 
144507.5  32552.83 99 
144508.0  32553.03 99 
144508.5  32552.49 99 
144509.0  32552.27 99 
144509.5  32552.96 99 
144510.0  32552.54 99 
144510.5  32552.80 99 
144511.0  32553.22 99 
144511.5  32552.83 99 
144512.0  32552.74 99 
144512.5  32553.00 99 
144513.0  32552.72 99 
144513.5  32552.83 99 
144514.0  32552.40 99 
144514.5  32553.18 99 
144515.0  32552.94 99 
144515.5  32552.48 99 
144516.0  32552.78 99 
144516.5  32552.50 99 
144517.0  32552.63 99 
144517.5  32552.31 99 
144518.0  32552.40 99 
144518.5  32552.51 99 
144519.0  32552.61 99 
144519.5  32552.94 99 
144520.0  32552.77 99 
144520.5  32552.22 99 
144521.0  32552.54 99 
144521.5  32552.82 99 
144522.0  32552.59 99 
144522.5  32552.91 99 
144523.0  32552.81 99 
144523.5  32552.65 99 
144524.0  32553.04 99 
144524.5  32552.45 99 
144525.0  32553.06 99 
144525.5  32552.60 99 
144526.0  32552.49 99 
144526.5  32552.48 99 
144527.0  32552.57 99 
144527.5  32552.43 99 
144528.0  32552.36 99 
144528.5  32552.09 99 
144529.0  32552.56 99 
144529.5  32552.52 99 
144530.0  32552.61 99 
144530.5  32552.88 99 
144531.0  32551.83 99 
144531.5  32552.88 99 
144532.0  32552.09 99 
144532.5  32552.41 99 
144533.0  32552.87 99 
144533.5  32552.53 99 
144534.0  32552.34 99 
144534.5  32552.78 99 
144535.0  32552.16 99 
144535.5  32552.55 99 
144536.0  32553.10 99 
144536.5  32552.71 99 
144537.0  32552.30 99 
144537.5  32552.89 99 
144538.0  32552.79 99 
144538.5  32553.05 99 
144539.0  32552.38 99 
144539.5  32552.29 99 
144540.0  32552.60 99 
144540.5  32552.37 99 
144541.0  32552.51 99 
144541.5  32552.56 99 
144542.0  32552.76 99 
144542.5  32552.06 99 
144543.0  32552.60 99 
144543.5  32552.68 99 
144544.0  32552.61 99 
144544.5  32552.47 99 
144545.0  32552.45 99 
144545.5  32552.64 99 
144546.0  32551.95 99 
144546.5  32552.30 99 
144547.0  32552.54 99 
144547.5  32552.82 99 
144548.0  32552.60 99 
144548.5  32552.79 99 
144549.0  32552.55 99 
144549.5  32552.05 99 
144550.0  32552.58 99 
144550.5  32552.72 99 
144551.0  32551.96 99 
144551.5  32552.65 99 
144552.0  32552.78 99 
144552.5  32552.27 99 
144553.0  32552.90 99 
144553.5  32552.94 99 
144554.0  32552.59 99 
144554.5  32552.30 99 
144555.0  32552.83 99 
144555.5  32552.89 99 
144556.0  32552.30 99 
144556.5  32551.86 99 
144557.0  32552.73 99 
144557.5  32551.98 99 
144558.0  32552.42 99 
144558.5  32551.98 99 
144559.0  32552.90 99 
144559.5  32552.98 99 
144600.0  32551.91 99 
144600.5  32552.18 99 
144601.0  32552.18 99 
144601.5  32552.26 99 
144602.0  32552.52 99 
144602.5  32552.63 99 
144603.0  32552.21 99 
144603.5  32552.56 99 
144604.0  32552.67 99 
144604.5  32552.36 99 
144605.0  32552.61 99 
144605.5  32552.94 99 
144606.0  32552.39 99 
144606.5  32552.71 99 
144607.0  32552.16 99 
144607.5  32552.62 99 
144608.0  32552.46 99 
144608.5  32552.68 99 
144609.0  32552.00 99 
144609.5  32552.48 99 
144610.0  32552.24 99 
144610.5  32551.76 99 
144611.0  32552.78 99 
144611.5  32552.18 99 
144612.0  32551.91 99 
144612.5  32552.65 99 
144613.0  32552.34 99 
144613.5  32552.59 99 
144614.0  32551.97 99 
144614.5  32552.33 99 
144615.0  32552.41 99 
144615.5  32551.97 99 
144616.0  32552.37 99 
144616.5  32552.01 99 
144617.0  32552.42 99 
144617.5  32552.17 99 
144618.0  32551.84 99 
144618.5  32552.73 99 
144619.0  32551.89 99 
144619.5  32552.59 99 
144620.0  32552.11 99 
144620.5  32552.41 99 
144621.0  32552.10 99 
144621.5  32552.16 99 
144622.0  32552.04 99 
144622.5  32552.20 99 
144623.0  32551.63 99 
144623.5  32552.21 99 
144624.0  32552.27 99 
144624.5  32552.38 99 
144625.0  32552.50 99 
144625.5  32552.11 99 
144626.0  32552.15 99 
144626.5  32552.74 99 
144627.0  32552.62 99 
144627.5  32551.95 99 
144628.0  32552.54 99 
144628.5  32552.29 99 
144629.0  32552.33 99 
144629.5  32552.11 99 
144630.0  32552.01 99 
144630.5  32552.66 99 
144631.0  32552.34 99 
144631.5  32552.15 99 
144632.0  32552.14 99 
144632.5  32552.52 99 
144633.0  32552.24 99 
144633.5  32552.41 99 
144634.0  32551.78 99 
144634.5  32552.07 99 
144635.0  32551.86 99 
144635.5  32551.73 99 
144636.0  32552.21 99 
144636.5  32552.30 99 
144637.0  32552.14 99 
144637.5  32552.27 99 
144638.0  32551.80 99 
144638.5  32552.24 99 
144639.0  32551.85 99 
144639.5  32551.86 99 
144640.0  32551.61 99 
144640.5  32552.02 99 
144641.0  32552.17 99 
144641.5  32551.94 99 
144642.0  32552.24 99 
144642.5  32552.01 99 
144643.0  32551.85 99 
144643.5  32551.38 99 
144644.0  32552.55 99 
144644.5  32551.41 99 
144645.0  32551.97 99 
144645.5  32551.58 99 
144646.0  32552.01 99 
144646.5  32552.03 99 
144647.0  32551.99 99 
144647.5  32552.22 99 
144648.0  32552.08 99 
144648.5  32552.29 99 
144649.0  32551.46 99 
144649.5  32551.94 99 
144650.0  32552.26 99 
144650.5  32552.21 99 
144651.0  32551.64 99 
144651.5  32552.59 99 
144652.0  32552.10 99 
144652.5  32552.21 99 
144653.0  32551.80 99 
144653.5  32552.01 99 
144654.0  32551.82 99 
144654.5  32551.57 99 
144655.0  32551.61 99 
144655.5  32552.00 99 
144656.0  32552.04 99 
144656.5  32551.77 99 
144657.0  32551.83 99 
144657.5  32552.31 99 
144658.0  32551.82 99 
144658.5  32551.86 99 
144659.0  32552.01 99 
144659.5  32551.97 99 
144700.0  32551.76 99 
144700.5  32551.98 99 
144701.0  32551.95 99 
144701.5  32552.20 99 
144702.0  32551.83 99 
144702.5  32551.48 99 
144703.0  32551.88 99 
144703.5  32551.50 99 
144704.0  32551.75 99 
144704.5  32551.65 99 
144705.0  32551.70 99 
144705.5  32551.08 99 
144706.0  32552.02 99 
144706.5  32552.43 99 
144707.0  32552.26 99 
144707.5  32551.83 99 
144708.0  32552.01 99 
144708.5  32551.55 99 
144709.0  32551.71 99 
144709.5  32551.65 99 
144710.0  32551.98 99 
144710.5  32552.01 99 
144711.0  32551.90 99 
144711.5  32551.48 99 
144712.0  32551.96 99 
144712.5  32552.26 99 
144713.0  32551.92 99 
144713.5  32551.66 99 
144714.0  32551.67 99 
144714.5  32552.09 99 
144715.0  32551.91 99 
144715.5  32552.20 99 
144716.0  32551.92 99 
144716.5  32551.81 99 
144717.0  32552.05 99 
144717.5  32551.59 99 
144718.0  32551.68 99 
144718.5  32551.35 99 
144719.0  32551.45 99 
144719.5  32551.66 99 
144720.0  32551.81 99 
144720.5  32551.61 99 
144721.0  32552.01 99 
144721.5  32552.02 99 
144722.0  32551.66 99 
144722.5  32551.84 99 
144723.0  32552.28 99 
144723.5  32551.74 99 
144724.0  32551.70 99 
144724.5  32551.68 99 
144725.0  32551.68 99 
144725.5  32551.20 99 
144726.0  32552.13 99 
144726.5  32551.92 99 
144727.0  32551.95 99 
144727.5  32551.64 99 
144728.0  32551.68 99 
144728.5  32551.78 99 
144729.0  32552.14 99 
144729.5  32551.71 99 
144730.0  32551.30 99 
144730.5  32551.33 99 
144731.0  32551.53 99 
144731.5  32552.05 99 
144732.0  32551.99 99 
144732.5  32551.65 99 
144733.0  32551.23 99 
144733.5  32551.37 99 
144734.0  32552.14 99 
144734.5  32551.69 99 
144735.0  32552.19 99 
144735.5  32551.83 99 
144736.0  32551.57 99 
144736.5  32551.57 99 
144737.0  32551.54 99 
144737.5  32551.65 99 
144738.0  32551.69 99 
144738.5  32551.82 99 
144739.0  32551.85 99 
144739.5  32551.78 99 
144740.0  32551.09 99 
144740.5  32552.26 99 
144741.0  32551.76 99 
144741.5  32551.80 99 
144742.0  32551.92 99 
144742.5  32551.71 99 
144743.0  32551.14 99 
144743.5  32551.65 99 
144744.0  32551.63 99 
144744.5  32551.82 99 
144745.0  32551.88 99 
144745.5  32551.71 99 
144746.0  32551.32 99 
144746.5  32551.98 99 
144747.0  32551.69 99 
144747.5  32551.58 99 
144748.0  32551.93 99 
144748.5  32551.76 99 
144749.0  32551.83 99 
144749.5  32551.12 99 
144750.0  32551.31 99 
144750.5  32551.39 99 
144751.0  32551.73 99 
144751.5  32552.18 99 
144752.0  32551.00 99 
144752.5  32551.78 99 
144753.0  32552.03 99 
144753.5  32551.28 99 
144754.0  32550.89 99 
144754.5  32551.99 99 
144755.0  32551.40 99 
144755.5  32551.67 99 
144756.0  32551.60 99 
144756.5  32551.77 99 
144757.0  32551.91 99 
144757.5  32551.36 99 
144758.0  32551.49 99 
144758.5  32551.57 99 
144759.0  32551.59 99 
144759.5  32551.67 99 
144800.0  32551.90 99 
144800.5  32551.63 99 
144801.0  32551.70 99 
144801.5  32551.78 99 
144802.0  32551.89 99 
144802.5  32551.31 99 
144803.0  32551.42 99 
144803.5  32551.21 99 
144804.0  32551.45 99 
144804.5  32551.40 99 
144805.0  32551.61 99 
144805.5  32551.57 99 
144806.0  32551.24 99 
144806.5  32551.69 99 
144807.0  32551.52 99 
144807.5  32551.38 99 
144808.0  32551.48 99 
144808.5  32551.34 99 
144809.0  32551.39 99 
144809.5  32551.37 99 
144810.0  32551.61 99 
144810.5  32551.54 99 
144811.0  32551.69 99 
144811.5  32551.29 99 
144812.0  32551.29 99 
144812.5  32551.60 99 
144813.0  32551.47 99 
144813.5  32551.34 99 
144814.0  32551.22 99 
144814.5  32551.36 99 
144815.0  32551.73 99 
144815.5  32551.48 99 
144816.0  32551.78 99 
144816.5  32551.73 99 
144817.0  32551.67 99 
144817.5  32552.13 99 
144818.0  32551.70 99 
144818.5  32551.81 99 
144819.0  32551.45 99 
144819.5  32551.56 99 
144820.0  32551.29 99 
144820.5  32551.47 99 
144821.0  32551.03 99 
144821.5  32551.34 99 
144822.0  32551.58 99 
144822.5  32551.62 99 
144823.0  32552.02 99 
144823.5  32551.93 99 
144824.0  32551.37 99 
144824.5  32551.70 99 
144825.0  32551.72 99 
144825.5  32551.86 99 
144826.0  32551.39 99 
144826.5  32551.75 99 
144827.0  32551.44 99 
144827.5  32551.30 99 
144828.0  32550.97 99 
144828.5  32551.63 99 
144829.0  32551.22 99 
144829.5  32551.46 99 
144830.0  32551.60 99 
144830.5  32551.71 99 
144831.0  32551.51 99 
144831.5  32551.43 99 
144832.0  32551.15 99 
144832.5  32551.24 99 
144833.0  32551.67 99 
144833.5  32551.45 99 
144834.0  32551.49 99 
144834.5  32551.19 99 
144835.0  32551.57 99 
144835.5  32551.54 99 
144836.0  32550.99 99 
144836.5  32551.86 99 
144837.0  32550.85 99 
144837.5  32551.41 99 
144838.0  32551.57 99 
144838.5  32551.48 99 
144839.0  32551.70 99 
144839.5  32552.23 99 
144840.0  32551.40 99 
144840.5  32551.41 99 
144841.0  32551.62 99 
144841.5  32551.93 99 
144842.0  32551.55 99 
144842.5  32551.18 99 
144843.0  32551.33 99 
144843.5  32551.26 99 
144844.0  32551.13 99 
144844.5  32551.61 99 
144845.0  32551.21 99 
144845.5  32551.36 99 
144846.0  32551.20 99 
144846.5  32551.68 99 
144847.0  32551.49 99 
144847.5  32550.83 99 
144848.0  32551.42 99 
144848.5  32551.65 99 
144849.0  32550.97 99 
144849.5  32551.15 99 
144850.0  32550.98 99 
144850.5  32551.45 99 
144851.0  32551.75 99 
144851.5  32551.40 99 
144852.0  32551.11 99 
144852.5  32551.32 99 
144853.0  32551.28 99 
144853.5  32551.44 99 
144854.0  32551.63 99 
144854.5  32551.21 99 
144855.0  32551.37 99 
144855.5  32551.64 99 
144856.0  32551.46 99 
144856.5  32551.48 99 
144857.0  32550.81 99 
144857.5  32552.12 99 
144858.0  32551.65 99 
144858.5  32551.66 99 
144859.0  32551.16 99 
144859.5  32551.07 99 
144900.0  32551.39 99 
144900.5  32551.76 99 
144901.0  32551.51 99 
144901.5  32551.19 99 
144902.0  32551.36 99 
144902.5  32550.97 99 
144903.0  32551.65 99 
144903.5  32551.39 99 
144904.0  32551.37 99 
144904.5  32550.95 99 
144905.0  32551.41 99 
144905.5  32551.71 99 
144906.0  32551.48 99 
144906.5  32551.12 99 
144907.0  32551.23 99 
144907.5  32551.60 99 
144908.0  32551.27 99 
144908.5  32551.79 99 
144909.0  32550.72 99 
144909.5  32551.67 99 
144910.0  32551.22 99 
144910.5  32551.68 99 
144911.0  32551.16 99 
144911.5  32551.05 99 
144912.0  32551.05 99 
144912.5  32551.26 99 
144913.0  32551.42 99 
144913.5  32550.88 99 
144914.0  32551.13 99 
144914.5  32551.61 99 
144915.0  32550.99 99 
144915.5  32551.74 99 
144916.0  32551.74 99 
144916.5  32551.12 99 
144917.0  32551.35 99 
144917.5  32551.16 99 
144918.0  32551.33 99 
144918.5  32551.12 99 
144919.0  32551.04 99 
144919.5  32551.21 99 
144920.0  32551.16 99 
144920.5  32551.31 99 
144921.0  32551.30 99 
144921.5  32551.22 99 
144922.0  32550.95 99 
144922.5  32551.41 99 
144923.0  32551.33 99 
144923.5  32551.70 99 
144924.0  32550.71 99 
144924.5  32551.44 99 
144925.0  32551.08 99 
144925.5  32550.96 99 
144926.0  32551.09 99 
144926.5  32550.93 99 
144927.0  32550.99 99 
144927.5  32551.35 99 
144928.0  32550.94 99 
144928.5  32551.12 99 
144929.0  32551.94 99 
144929.5  32551.35 99 
144930.0  32551.17 99 
144930.5  32551.46 99 
144931.0  32551.10 99 
144931.5  32551.41 99 
144932.0  32551.53 99 
144932.5  32551.27 99 
144933.0  32551.24 99 
144933.5  32551.29 99 
144934.0  32551.42 99 
144934.5  32551.41 99 
144935.0  32551.16 99 
144935.5  32551.17 99 
144936.0  32551.49 99 
144936.5  32551.20 99 
144937.0  32551.78 99 
144937.5  32551.10 99 
144938.0  32551.36 99 
144938.5  32551.28 99 
144939.0  32551.06 99 
144939.5  32551.73 99 
144940.0  32551.26 99 
144940.5  32551.50 99 
144941.0  32551.46 99 
144941.5  32551.20 99 
144942.0  32551.21 99 
144942.5  32551.59 99 
144943.0  32551.00 99 
144943.5  32551.67 99 
144944.0  32551.20 99 
144944.5  32551.34 99 
144945.0  32550.91 99 
144945.5  32551.64 99 
144946.0  32551.58 99 
144946.5  32551.30 99 
144947.0  32550.68 99 
144947.5  32551.46 99 
144948.0  32551.61 99 
144948.5  32551.04 99 
144949.0  32551.34 99 
144949.5  32551.64 99 
144950.0  32551.66 99 
144950.5  32551.15 99 
144951.0  32551.11 99 
144951.5  32550.86 99 
144952.0  32551.29 99 
144952.5  32551.19 99 
144953.0  32550.82 99 
144953.5  32551.25 99 
144954.0  32551.29 99 
144954.5  32551.11 99 
144955.0  32551.62 99 
144955.5  32551.21 99 
144956.0  32550.82 99 
144956.5  32551.10 99 
144957.0  32551.34 99 
144957.5  32551.36 99 
144958.0  32551.69 99 
144958.5  32551.45 99 
144959.0  32551.54 99 
144959.5  32551.78 99 
145000.0  32551.38 99 
145000.5  32550.86 99 
145001.0  32550.53 99 
145001.5  32551.76 99 
145002.0  32551.45 99 
145002.5  32551.30 99 
145003.0  32550.95 99 
145003.5  32550.41 99 
145004.0  32551.23 99 
145004.5  32551.28 99 
145005.0  32551.51 99 
145005.5  32551.42 99 
145006.0  32551.24 99 
145006.5  32551.07 99 
145007.0  32551.31 99 
145007.5  32551.02 99 
145008.0  32551.13 99 
145008.5  32551.25 99 
145009.0  32551.44 99 
145009.5  32551.09 99 
145010.0  32551.03 99 
145010.5  32551.40 99 
145011.0  32551.11 99 
145011.5  32551.25 99 
145012.0  32551.17 99 
145012.5  32551.25 99 
145013.0  32551.10 99 
145013.5  32551.35 99 
145014.0  32550.76 99 
145014.5  32550.52 99 
145015.0  32550.93 99 
145015.5  32550.82 99 
145016.0  32551.42 99 
145016.5  32550.92 99 
145017.0  32551.14 99 
145017.5  32550.84 99 
145018.0  32551.01 99 
145018.5  32551.27 99 
145019.0  32551.10 99 
145019.5  32551.08 99 
145020.0  32551.32 99 
145020.5  32551.01 99 
145021.0  32551.28 99 
145021.5  32551.33 99 
145022.0  32550.90 99 
145022.5  32550.99 99 
145023.0  32551.15 99 
145023.5  32550.87 99 
145024.0  32551.13 99 
145024.5  32551.53 99 
145025.0  32551.02 99 
145025.5  32550.77 99 
145026.0  32551.44 99 
145026.5  32550.88 99 
145027.0  32551.74 99 
145027.5  32550.84 99 
145028.0  32551.02 99 
145028.5  32551.22 99 
145029.0  32550.97 99 
145029.5  32551.82 99 
145030.0  32551.26 99 
145030.5  32551.37 99 
145031.0  32551.19 99 
145031.5  32550.85 99 
145032.0  32551.06 99 
145032.5  32550.85 99 
145033.0  32551.33 99 
145033.5  32551.27 99 
145034.0  32551.26 99 
145034.5  32551.27 99 
145035.0  32551.19 99 
145035.5  32551.46 99 
145036.0  32551.31 99 
145036.5  32551.30 99 
145037.0  32551.03 99 
145037.5  32551.63 99 
145038.0  32550.58 99 
145038.5  32551.77 99 
145039.0  32551.26 99 
145039.5  32551.49 99 
145040.0  32551.22 99 
145040.5  32551.68 99 
145041.0  32551.77 99 
145041.5  32551.59 99 
145042.0  32551.44 99 
145042.5  32551.59 99 
145043.0  32551.29 99 
145043.5  32551.11 99 
145044.0  32551.34 99 
145044.5  32551.68 99 
145045.0  32551.05 99 
145045.5  32551.67 99 
145046.0  32551.41 99 
145046.5  32551.53 99 
145047.0  32550.69 99 
145047.5  32551.47 99 
145048.0  32551.38 99 
145048.5  32550.98 99 
145049.0  32551.31 99 
145049.5  32551.15 99 
145050.0  32550.73 99 
145050.5  32551.28 99 
145051.0  32551.20 99 
145051.5  32551.27 99 
145052.0  32551.03 99 
145052.5  32551.02 99 
145053.0  32551.00 99 
145053.5  32551.26 99 
145054.0  32550.98 99 
145054.5  32551.30 99 
145055.0  32551.04 99 
145055.5  32551.03 99 
145056.0  32551.65 99 
145056.5  32551.15 99 
145057.0  32551.14 99 
145057.5  32551.35 99 
145058.0  32551.11 99 
145058.5  32551.19 99 
145059.0  32550.74 99 
145059.5  32551.25 99 
145100.0  32551.63 99 
145100.5  32550.92 99 
145101.0  32551.61 99 
145101.5  32551.24 99 
145102.0  32551.07 99 
145102.5  32550.85 99 
145103.0  32550.95 99 
145103.5  32550.91 99 
145104.0  32551.60 99 
145104.5  32551.63 99 
145105.0  32550.90 99 
145105.5  32551.06 99 
145106.0  32551.38 99 
145106.5  32551.16 99 
145107.0  32550.33 99 
145107.5  32551.04 99 
145108.0  32551.36 99 
145108.5  32551.65 99 
145109.0  32551.11 99 
145109.5  32551.38 99 
145110.0  32550.35 99 
145110.5  32550.90 99 
145111.0  32551.28 99 
145111.5  32551.41 99 
145112.0  32551.15 99 
145112.5  32551.74 99 
145113.0  32550.93 99 
145113.5  32551.46 99 
145114.0  32551.33 99 
145114.5  32550.97 99 
145115.0  32551.20 99 
145115.5  32551.48 99 
145116.0  32551.35 99 
145116.5  32551.28 99 
145117.0  32551.03 99 
145117.5  32551.31 99 
145118.0  32550.82 99 
145118.5  32551.27 99 
145119.0  32551.47 99 
145119.5  32550.86 99 
145120.0  32551.01 99 
145120.5  32551.06 99 
145121.0  32551.39 99 
145121.5  32551.29 99 
145122.0  32551.17 99 
145122.5  32551.19 99 
145123.0  32551.40 99 
145123.5  32550.71 99 
145124.0  32550.79 99 
145124.5  32551.19 99 
145125.0  32551.17 99 
145125.5  32551.59 99 
145126.0  32551.23 99 
145126.5  32551.35 99 
145127.0  32551.18 99 
145127.5  32551.29 99 
145128.0  32550.96 99 
145128.5  32550.98 99 
145129.0  32551.27 99 
145129.5  32551.10 99 
145130.0  32551.04 99 
145130.5  32550.90 99 
145131.0  32551.43 99 
145131.5  32551.07 99 
145132.0  32551.20 99 
145132.5  32551.05 99 
145133.0  32550.78 99 
145133.5  32551.56 99 
145134.0  32551.36 99 
145134.5  32550.98 99 
145135.0  32551.40 99 
145135.5  32551.57 99 
145136.0  32551.53 99 
145136.5  32550.29 99 
145137.0  32551.11 99 
145137.5  32550.90 99 
145138.0  32550.51 99 
145138.5  32550.96 99 
145139.0  32550.85 99 
145139.5  32551.36 99 
145140.0  32551.38 99 
145140.5  32551.27 99 
145141.0  32551.60 99 
145141.5  32551.55 99 
145142.0  32551.04 99 
145142.5  32551.42 99 
145143.0  32551.13 99 
145143.5  32551.32 99 
145144.0  32551.29 99 
145144.5  32551.21 99 
145145.0  32550.40 99 
145145.5  32551.11 99 
145146.0  32550.74 99 
145146.5  32551.44 99 
145147.0  32551.01 99 
145147.5  32551.57 99 
145148.0  32551.17 99 
145148.5  32551.08 99 
145149.0  32550.93 99 
145149.5  32551.39 99 
145150.0  32551.52 99 
145150.5  32550.81 99 
145151.0  32551.54 99 
145151.5  32550.81 99 
145152.0  32551.46 99 
145152.5  32551.06 99 
145153.0  32551.13 99 
145153.5  32550.93 99 
145154.0  32551.41 99 
145154.5  32551.05 99 
145155.0  32551.15 99 
145155.5  32551.45 99 
145156.0  32551.25 99 
145156.5  32551.20 99 
145157.0  32550.98 99 
145157.5  32551.00 99 
145158.0  32550.92 99 
145158.5  32551.38 99 
145159.0  32550.86 99 
145159.5  32551.37 99 
145200.0  32550.85 99 
145200.5  32551.39 99 
145201.0  32551.22 99 
145201.5  32551.19 99 
145202.0  32551.04 99 
145202.5  32551.03 99 
145203.0  32551.07 99 
145203.5  32551.55 99 
145204.0  32551.33 99 
145204.5  32551.32 99 
145205.0  32551.39 99 
145205.5  32551.34 99 
145206.0  32551.28 99 
145206.5  32551.14 99 
145207.0  32551.12 99 
145207.5  32551.28 99 
145208.0  32551.30 99 
145208.5  32551.75 99 
145209.0  32551.15 99 
145209.5  32551.02 99 
145210.0  32551.39 99 
145210.5  32551.08 99 
145211.0  32551.09 99 
145211.5  32551.01 99 
145212.0  32551.09 99 
145212.5  32551.02 99 
145213.0  32551.33 99 
145213.5  32551.39 99 
145214.0  32551.10 99 
145214.5  32551.18 99 
145215.0  32551.05 99 
145215.5  32550.84 99 
145216.0  32550.59 99 
145216.5  32550.67 99 
145217.0  32550.55 99 
145217.5  32551.07 99 
145218.0  32551.35 99 
145218.5  32551.03 99 
145219.0  32551.03 99 
145219.5  32550.64 99 
145220.0  32550.69 99 
145220.5  32551.01 99 
145221.0  32550.49 99 
145221.5  32551.10 99 
145222.0  32551.06 99 
145222.5  32551.30 99 
145223.0  32551.27 99 
145223.5  32551.04 99 
145224.0  32551.21 99 
145224.5  32551.05 99 
145225.0  32551.01 99 
145225.5  32550.58 99 
145226.0  32550.77 99 
145226.5  32550.90 99 
145227.0  32550.95 99 
145227.5  32551.78 99 
145228.0  32551.36 99 
145228.5  32551.00 99 
145229.0  32551.05 99 
145229.5  32550.86 99 
145230.0  32551.51 99 
145230.5  32550.43 99 
145231.0  32550.80 99 
145231.5  32550.83 99 
145232.0  32550.90 99 
145232.5  32551.50 99 
145233.0  32551.21 99 
145233.5  32551.23 99 
145234.0  32551.54 99 
145234.5  32550.92 99 
145235.0  32551.17 99 
145235.5  32550.97 99 
145236.0  32551.22 99 
145236.5  32550.85 99 
145237.0  32551.00 99 
145237.5  32550.94 99 
145238.0  32551.35 99 
145238.5  32551.07 99 
145239.0  32550.96 99 
145239.5  32551.47 99 
145240.0  32550.80 99 
145240.5  32550.78 99 
145241.0  32551.44 99 
145241.5  32550.85 99 
145242.0  32551.12 99 
145242.5  32551.18 99 
145243.0  32551.38 99 
145243.5  32551.02 99 
145244.0  32550.49 99 
145244.5  32551.26 99 
145245.0  32550.81 99 
145245.5  32551.84 99 
145246.0  32551.54 99 
145246.5  32550.97 99 
145247.0  32551.32 99 
145247.5  32550.95 99 
145248.0  32550.46 99 
145248.5  32551.15 99 
145249.0  32550.96 99 
145249.5  32551.19 99 
145250.0  32550.95 99 
145250.5  32550.74 99 
145251.0  32551.00 99 
145251.5  32551.11 99 
145252.0  32551.31 99 
145252.5  32550.96 99 
145253.0  32551.34 99 
145253.5  32551.07 99 
145254.0  32551.18 99 
145254.5  32551.15 99 
145255.0  32551.13 99 
145255.5  32550.80 99 
145256.0  32551.02 99 
145256.5  32550.88 99 
145257.0  32551.35 99 
145257.5  32551.20 99 
145258.0  32550.89 99 
145258.5  32550.84 99 
145259.0  32550.95 99 
145259.5  32551.20 99 
145300.0  32551.08 99 
145300.5  32551.14 99 
145301.0  32551.11 99 
145301.5  32551.03 99 
145302.0  32551.34 99 
145302.5  32551.50 99 
145303.0  32551.18 99 
145303.5  32551.32 99 
145304.0  32551.05 99 
145304.5  32550.85 99 
145305.0  32551.17 99 
145305.5  32550.68 99 
145306.0  32550.86 99 
145306.5  32551.20 99 
145307.0  32551.25 99 
145307.5  32551.23 99 
145308.0  32551.31 99 
145308.5  32551.48 99 
145309.0  32551.00 99 
145309.5  32551.40 99 
145310.0  32551.15 99 
145310.5  32551.45 99 
145311.0  32551.19 99 
145311.5  32551.33 99 
145312.0  32551.43 99 
145312.5  32551.02 99 
145313.0  32550.96 99 
145313.5  32551.27 99 
145314.0  32551.21 99 
145314.5  32550.87 99 
145315.0  32551.01 99 
145315.5  32551.25 99 
145316.0  32550.67 99 
145316.5  32550.98 99 
145317.0  32551.05 99 
145317.5  32551.41 99 
145318.0  32550.70 99 
145318.5  32551.00 99 
145319.0  32551.38 99 
145319.5  32551.11 99 
145320.0  32550.98 99 
145320.5  32550.63 99 
145321.0  32550.69 99 
145321.5  32550.93 99 
145322.0  32551.28 99 
145322.5  32551.24 99 
145323.0  32551.29 99 
145323.5  32551.73 99 
145324.0  32550.92 99 
145324.5  32550.82 99 
145325.0  32551.02 99 
145325.5  32551.29 99 
145326.0  32551.15 99 
145326.5  32550.71 99 
145327.0  32550.73 99 
145327.5  32550.95 99 
145328.0  32551.16 99 
145328.5  32551.23 99 
145329.0  32551.04 99 
145329.5  32551.05 99 
145330.0  32551.21 99 
145330.5  32551.48 99 
145331.0  32551.32 99 
145331.5  32550.87 99 
145332.0  32550.42 99 
145332.5  32551.22 99 
145333.0  32551.05 99 
145333.5  32551.16 99 
145334.0  32551.53 99 
145334.5  32550.98 99 
145335.0  32550.86 99 
145335.5  32550.86 99 
145336.0  32551.30 99 
145336.5  32551.18 99 
145337.0  32551.34 99 
145337.5  32551.38 99 
145338.0  32550.99 99 
145338.5  32551.84 99 
145339.0  32550.84 99 
145339.5  32551.13 99 
145340.0  32550.73 99 
145340.5  32551.35 99 
145341.0  32551.03 99 
145341.5  32551.22 99 
145342.0  32551.19 99 
145342.5  32551.42 99 
145343.0  32550.93 99 
145343.5  32551.11 99 
145344.0  32551.58 99 
145344.5  32551.10 99 
145345.0  32550.95 99 
145345.5  32550.80 99 
145346.0  32551.28 99 
145346.5  32551.38 99 
145347.0  32551.22 99 
145347.5  32551.02 99 
145348.0  32551.02 99 
145348.5  32550.86 99 
145349.0  32550.95 99 
145349.5  32551.21 99 
145350.0  32551.15 99 
145350.5  32551.15 99 
145351.0  32551.42 99 
145351.5  32551.25 99 
145352.0  32551.15 99 
145352.5  32550.99 99 
145353.0  32551.14 99 
145353.5  32551.15 99 
145354.0  32551.13 99 
145354.5  32551.60 99 
145355.0  32551.17 99 
145355.5  32551.12 99 
145356.0  32551.16 99 
145356.5  32551.33 99 
145357.0  32551.15 99 
145357.5  32550.85 99 
145358.0  32551.21 99 
145358.5  32551.16 99 
145359.0  32550.86 99 
145359.5  32551.18 99 
145400.0  32551.03 99 
145400.5  32550.95 99 
145401.0  32550.91 99 
145401.5  32550.85 99 
145402.0  32550.94 99 
145402.5  32550.95 99 
145403.0  32550.98 99 
145403.5  32550.34 98 
145404.0  32550.96 99 
145404.5  32550.68 99 
145405.0  32550.87 99 
145405.5  32550.86 99 
145406.0  32551.00 99 
145406.5  32551.16 99 
145407.0  32550.85 99 
145407.5  32551.00 99 
145408.0  32551.33 99 
145408.5  32550.80 99 
145409.0  32551.28 99 
145409.5  32551.21 99 
145410.0  32550.78 99 
145410.5  32550.93 99 
145411.0  32550.90 99 
145411.5  32551.11 99 
145412.0  32550.65 99 
145412.5  32551.35 99 
145413.0  32551.42 99 
145413.5  32550.97 99 
145414.0  32551.05 99 
145414.5  32551.11 99 
145415.0  32551.10 99 
145415.5  32551.76 99 
145416.0  32550.58 99 
145416.5  32550.81 99 
145417.0  32550.83 99 
145417.5  32551.45 99 
145418.0  32551.31 99 
145418.5  32551.22 99 
145419.0  32551.42 99 
145419.5  32550.88 99 
145420.0  32551.22 99 
145420.5  32551.07 99 
145421.0  32551.15 99 
145421.5  32550.95 99 
145422.0  32551.30 99 
145422.5  32551.40 99 
145423.0  32551.14 99 
145423.5  32551.32 99 
145424.0  32551.34 99 
145424.5  32550.87 99 
145425.0  32551.39 99 
145425.5  32551.30 99 
145426.0  32551.05 99 
145426.5  32550.91 99 
145427.0  32551.32 99 
145427.5  32550.91 99 
145428.0  32550.96 99 
145428.5  32550.78 99 
145429.0  32550.67 99 
145429.5  32551.34 99 
145430.0  32552.05 99 
145430.5  32550.85 99 
145431.0  32551.20 99 
145431.5  32551.48 99 
145432.0  32550.99 99 
145432.5  32551.04 99 
145433.0  32551.09 99 
145433.5  32551.30 99 
145434.0  32551.05 99 
145434.5  32550.97 99 
145435.0  32551.07 99 
145435.5  32551.42 99 
145436.0  32550.95 99 
145436.5  32551.46 99 
145437.0  32551.15 99 
145437.5  32550.87 99 
145438.0  32551.22 99 
145438.5  32551.29 99 
145439.0  32551.21 99 
145439.5  32551.24 99 
145440.0  32551.16 99 
145440.5  32550.88 99 
145441.0  32550.54 99 
145441.5  32550.87 99 
145442.0  32550.45 99 
145442.5  32551.10 99 
145443.0  32550.90 99 
145443.5  32550.94 99 
145444.0  32551.22 99 
145444.5  32551.22 99 
145445.0  32551.28 99 
145445.5  32551.13 99 
145446.0  32550.92 99 
145446.5  32551.04 99 
145447.0  32551.38 99 
145447.5  32551.08 99 
145448.0  32551.03 99 
145448.5  32550.97 99 
145449.0  32551.02 99 
145449.5  32551.23 99 
145450.0  32550.62 99 
145450.5  32551.32 99 
145451.0  32551.35 99 
145451.5  32551.03 99 
145452.0  32551.88 99 
145452.5  32550.87 99 
145453.0  32551.35 99 
145453.5  32551.05 99 
145454.0  32551.33 99 
145454.5  32551.07 99 
145455.0  32551.54 99 
145455.5  32551.37 99 
145456.0  32551.05 99 
145456.5  32551.27 99 
145457.0  32551.29 99 
145457.5  32551.00 99 
145458.0  32550.69 99 
145458.5  32551.34 99 
145459.0  32551.36 99 
145459.5  32550.71 99 
145500.0  32551.33 99 
145500.5  32551.58 99 
145501.0  32550.99 99 
145501.5  32551.13 99 
145502.0  32550.68 99 
145502.5  32550.70 99 
145503.0  32551.32 99 
145503.5  32551.11 99 
145504.0  32551.20 99 
145504.5  32551.06 99 
145505.0  32551.26 99 
145505.5  32550.77 99 
145506.0  32551.35 99 
145506.5  32551.50 99 
145507.0  32551.11 99 
145507.5  32550.93 99 
145508.0  32551.29 99 
145508.5  32550.91 99 
145509.0  32551.14 99 
145509.5  32551.54 99 
145510.0  32551.04 99 
145510.5  32551.59 99 
145511.0  32551.21 99 
145511.5  32551.14 99 
145512.0  32551.17 99 
145512.5  32551.25 99 
145513.0  32551.27 99 
145513.5  32551.26 99 
145514.0  32551.01 99 
145514.5  32551.13 99 
145515.0  32551.76 99 
145515.5  32551.08 99 
145516.0  32551.30 99 
145516.5  32550.99 99 
145517.0  32550.72 99 
145517.5  32551.51 99 
145518.0  32551.42 99 
145518.5  32551.06 99 
145519.0  32551.21 99 
145519.5  32551.60 99 
145520.0  32551.05 99 
145520.5  32551.56 99 
145521.0  32551.61 99 
145521.5  32550.87 99 
145522.0  32550.92 99 
145522.5  32550.61 99 
145523.0  32551.55 99 
145523.5  32551.38 99 
145524.0  32551.38 99 
145524.5  32551.36 99 
145525.0  32551.28 99 
145525.5  32550.98 99 
145526.0  32551.17 99 
145526.5  32551.37 99 
145527.0  32551.25 99 
145527.5  32551.05 99 
145528.0  32551.58 99 
145528.5  32551.38 99 
145529.0  32551.29 99 
145529.5  32551.23 99 
145530.0  32551.52 99 
145530.5  32551.58 99 
145531.0  32551.42 99 
145531.5  32551.20 99 
145532.0  32551.11 99 
145532.5  32551.68 99 
145533.0  32551.54 99 
145533.5  32551.12 99 
145534.0  32550.83 99 
145534.5  32551.10 99 
145535.0  32551.27 99 
145535.5  32551.18 99 
145536.0  32550.71 99 
145536.5  32551.20 99 
145537.0  32551.10 99 
145537.5  32551.22 99 
145538.0  32551.21 99 
145538.5  32551.24 99 
145539.0  32551.15 99 
145539.5  32551.20 99 
145540.0  32551.55 99 
145540.5  32551.68 98 
145541.0  32551.34 99 
145541.5  32550.93 99 
145542.0  32550.99 99 
145542.5  32551.64 99 
145543.0  32551.35 99 
145543.5  32551.05 99 
145544.0  32551.17 99 
145544.5  32551.26 99 
145545.0  32551.03 99 
145545.5  32551.42 99 
145546.0  32550.77 99 
145546.5  32551.27 99 
145547.0  32551.15 99 
145547.5  32551.23 99 
145548.0  32551.42 99 
145548.5  32551.19 99 
145549.0  32551.64 99 
145549.5  32551.20 99 
145550.0  32551.04 99 
145550.5  32551.24 99 
145551.0  32551.11 99 
145551.5  32550.60 99 
145552.0  32551.67 99 
145552.5  32551.33 99 
145553.0  32551.16 99 
145553.5  32550.80 99 
145554.0  32551.44 99 
145554.5  32551.46 99 
145555.0  32550.85 99 
145555.5  32551.12 99 
145556.0  32551.52 99 
145556.5  32551.22 99 
145557.0  32551.02 99 
145557.5  32551.67 99 
145558.0  32551.22 99 
145558.5  32551.09 99 
145559.0  32551.28 99 
145559.5  32551.06 99 
145600.0  32551.38 99 
145600.5  32550.71 99 
145601.0  32551.59 99 
145601.5  32551.50 99 
145602.0  32551.49 99 
145602.5  32551.11 99 
145603.0  32551.37 99 
145603.5  32551.58 99 
145604.0  32551.46 99 
145604.5  32551.26 99 
145605.0  32551.49 99 
145605.5  32551.36 99 
145606.0  32551.53 99 
145606.5  32551.40 99 
145607.0  32552.11 99 
145607.5  32551.67 99 
145608.0  32551.81 99 
145608.5  32551.34 99 
145609.0  32551.75 99 
145609.5  32551.28 99 
145610.0  32551.50 99 
145610.5  32551.71 99 
145611.0  32551.26 99 
145611.5  32551.59 99 
145612.0  32551.18 99 
145612.5  32551.31 99 
145613.0  32551.31 99 
145613.5  32551.30 99 
145614.0  32551.55 99 
145614.5  32551.73 99 
145615.0  32551.04 99 
145615.5  32551.36 99 
145616.0  32551.25 99 
145616.5  32551.09 99 
145617.0  32551.87 99 
145617.5  32551.70 99 
145618.0  32551.62 99 
145618.5  32551.53 99 
145619.0  32551.51 99 
145619.5  32551.47 99 
145620.0  32551.40 99 
145620.5  32551.42 99 
145621.0  32551.74 99 
145621.5  32551.23 99 
145622.0  32551.32 99 
145622.5  32551.57 99 
145623.0  32551.38 99 
145623.5  32551.25 99 
145624.0  32551.06 99 
145624.5  32551.24 99 
145625.0  32551.95 99 
145625.5  32551.86 99 
145626.0  32551.39 99 
145626.5  32551.79 99 
145627.0  32551.19 99 
145627.5  32551.79 99 
145628.0  32551.70 99 
145628.5  32551.56 99 
145629.0  32551.27 99 
145629.5  32551.86 99 
145630.0  32550.99 99 
145630.5  32551.73 99 
145631.0  32552.44 99 
145631.5  32551.46 99 
145632.0  32551.33 99 
145632.5  32551.25 99 
145633.0  32551.93 99 
145633.5  32551.54 99 
145634.0  32551.36 99 
145634.5  32551.68 99 
145635.0  32551.41 99 
145635.5  32552.10 99 
145636.0  32551.34 99 
145636.5  32551.43 99 
145637.0  32551.77 99 
145637.5  32551.65 99 
145638.0  32551.22 99 
145638.5  32551.66 99 
145639.0  32551.94 99 
145639.5  32551.69 99 
145640.0  32551.48 99 
145640.5  32551.52 99 
145641.0  32551.35 99 
145641.5  32551.42 99 
145642.0  32551.51 99 
145642.5  32551.40 99 
145643.0  32551.29 99 
145643.5  32551.77 99 
145644.0  32551.52 99 
145644.5  32551.96 99 
145645.0  32551.35 99 
145645.5  32551.76 99 
145646.0  32551.34 99 
145646.5  32551.23 99 
145647.0  32551.74 99 
145647.5  32551.92 99 
145648.0  32551.43 99 
145648.5  32551.11 99 
145649.0  32551.79 99 
145649.5  32552.02 99 
145650.0  32551.91 99 
145650.5  32551.51 99 
145651.0  32551.98 99 
145651.5  32551.86 99 
145652.0  32551.82 99 
145652.5  32551.26 99 
145653.0  32551.89 99 
145653.5  32551.97 99 
145654.0  32551.49 99 
145654.5  32551.56 99 
145655.0  32551.24 99 
145655.5  32551.53 99 
145656.0  32551.78 99 
145656.5  32551.79 99 
145657.0  32551.93 99 
145657.5  32551.55 99 
145658.0  32551.67 99 
145658.5  32551.72 99 
145659.0  32551.54 99 
145659.5  32551.79 99 
145700.0  32552.16 99 
145700.5  32551.88 99 
145701.0  32552.15 99 
145701.5  32551.67 99 
145702.0  32551.58 99 
145702.5  32551.10 99 
145703.0  32551.31 99 
145703.5  32551.41 99 
145704.0  32551.35 99 
145704.5  32551.54 99 
145705.0  32552.10 99 
145705.5  32551.44 99 
145706.0  32551.56 99 
145706.5  32551.41 99 
145707.0  32551.24 99 
145707.5  32551.52 99 
145708.0  32551.69 99 
145708.5  32551.97 99 
145709.0  32551.68 99 
145709.5  32551.44 99 
145710.0  32551.76 99 
145710.5  32551.50 99 
145711.0  32551.62 99 
145711.5  32551.25 99 
145712.0  32552.15 99 
145712.5  32551.52 99 
145713.0  32551.23 99 
145713.5  32551.54 99 
145714.0  32551.48 99 
145714.5  32551.45 99 
145715.0  32551.38 99 
145715.5  32551.47 99 
145716.0  32551.04 99 
145716.5  32551.41 99 
145717.0  32551.17 99 
145717.5  32551.32 99 
145718.0  32551.62 99 
145718.5  32551.90 99 
145719.0  32551.60 99 
145719.5  32551.19 99 
145720.0  32551.23 99 
145720.5  32551.55 99 
145721.0  32552.51 99 
145721.5  32551.47 99 
145722.0  32551.73 99 
145722.5  32551.13 99 
145723.0  32551.21 99 
145723.5  32551.84 99 
145724.0  32551.47 99 
145724.5  32551.26 99 
145725.0  32551.58 99 
145725.5  32551.18 99 
145726.0  32550.79 99 
145726.5  32551.33 99 
145727.0  32551.29 99 
145727.5  32551.55 99 
145728.0  32551.21 99 
145728.5  32551.00 99 
145729.0  32551.68 99 
145729.5  32551.65 99 
145730.0  32552.06 99 
145730.5  32550.91 99 
145731.0  32551.62 99 
145731.5  32551.21 99 
145732.0  32552.18 99 
145732.5  32550.96 99 
145733.0  32551.09 99 
145733.5  32551.89 99 
145734.0  32551.08 99 
145734.5  32551.22 99 
145735.0  32551.11 99 
145735.5  32551.23 99 
145736.0  32551.20 99 
145736.5  32551.38 99 
145737.0  32551.29 99 
145737.5  32551.50 99 
145738.0  32550.99 99 
145738.5  32551.44 99 
145739.0  32550.90 99 
145739.5  32551.53 99 
145740.0  32551.70 99 
145740.5  32551.64 99 
145741.0  32551.35 99 
145741.5  32551.29 99 
145742.0  32551.88 99 
145742.5  32551.40 99 
145743.0  32551.55 99 
145743.5  32550.96 99 
145744.0  32551.18 99 
145744.5  32551.12 99 
145745.0  32551.21 99 
145745.5  32551.39 99 
145746.0  32551.04 99 
145746.5  32551.27 99 
145747.0  32551.60 99 
145747.5  32551.37 99 
145748.0  32551.59 99 
145748.5  32551.37 99 
145749.0  32551.31 99 
145749.5  32551.51 99 
145750.0  32551.46 99 
145750.5  32552.10 99 
145751.0  32551.34 99 
145751.5  32551.35 99 
145752.0  32551.20 99 
145752.5  32550.69 99 
145753.0  32551.13 99 
145753.5  32551.07 99 
145754.0  32551.61 99 
145754.5  32551.39 99 
145755.0  32551.31 99 
145755.5  32551.45 99 
145756.0  32551.46 99 
145756.5  32550.73 99 
145757.0  32551.33 99 
145757.5  32551.21 99 
145758.0  32550.92 99 
145758.5  32550.94 99 
145759.0  32551.08 99 
145759.5  32551.31 99 
145800.0  32550.66 99 
145800.5  32551.53 99 
145801.0  32551.14 99 
145801.5  32551.54 99 
145802.0  32551.43 99 
145802.5  32551.13 99 
145803.0  32551.32 99 
145803.5  32551.39 99 
145804.0  32550.76 99 
145804.5  32551.70 99 
145805.0  32551.13 99 
145805.5  32551.26 99 
145806.0  32551.00 99 
145806.5  32551.52 99 
145807.0  32551.13 99 
145807.5  32550.90 99 
145808.0  32551.08 99 
145808.5  32551.22 99 
145809.0  32551.02 99 
145809.5  32551.21 99 
145810.0  32551.27 99 
145810.5  32551.20 99 
145811.0  32551.30 99 
145811.5  32550.83 99 
145812.0  32550.99 99 
145812.5  32550.92 99 
145813.0  32550.99 99 
145813.5  32550.99 99 
145814.0  32550.79 99 
145814.5  32551.01 99 
145815.0  32550.44 99 
145815.5  32550.92 99 
145816.0  32551.26 99 
145816.5  32551.31 99 
145817.0  32551.23 99 
145817.5  32551.23 99 
145818.0  32550.96 99 
145818.5  32550.88 99 
145819.0  32551.03 99 
145819.5  32550.97 99 
145820.0  32551.10 99 
145820.5  32550.91 99 
145821.0  32551.26 99 
145821.5  32550.89 99 
145822.0  32551.05 99 
145822.5  32551.10 99 
145823.0  32551.38 99 
145823.5  32551.51 99 
145824.0  32550.83 99 
145824.5  32551.03 99 
145825.0  32550.95 99 
145825.5  32551.25 99 
145826.0  32550.87 99 
145826.5  32551.14 99 
145827.0  32550.99 99 
145827.5  32551.21 99 
145828.0  32551.39 99 
145828.5  32551.28 99 
145829.0  32551.34 99 
145829.5  32551.15 99 
145830.0  32551.03 99 
145830.5  32550.78 99 
145831.0  32550.84 99 
145831.5  32551.61 99 
145832.0  32551.29 99 
145832.5  32551.53 99 
145833.0  32551.15 99 
145833.5  32550.75 99 
145834.0  32551.48 99 
145834.5  32550.93 99 
145835.0  32550.95 99 
145835.5  32550.99 99 
145836.0  32550.90 99 
145836.5  32551.56 99 
145837.0  32551.15 99 
145837.5  32550.88 99 
145838.0  32551.37 99 
145838.5  32550.87 99 
145839.0  32551.04 99 
145839.5  32550.95 99 
145840.0  32551.36 99 
145840.5  32550.49 99 
145841.0  32550.69 99 
145841.5  32550.79 99 
145842.0  32551.07 99 
145842.5  32550.66 99 
145843.0  32550.95 99 
145843.5  32551.17 99 
145844.0  32550.93 99 
145844.5  32550.43 99 
145845.0  32551.33 99 
145845.5  32550.87 99 
145846.0  32551.35 99 
145846.5  32551.34 99 
145847.0  32550.91 99 
145847.5  32551.10 99 
145848.0  32550.83 99 
145848.5  32550.13 99 
145849.0  32551.38 99 
145849.5  32551.00 99 
145850.0  32551.34 99 
145850.5  32550.80 99 
145851.0  32550.79 99 
145851.5  32550.94 99 
145852.0  32550.87 99 
145852.5  32550.75 99 
145853.0  32550.66 99 
145853.5  32550.84 99 
145854.0  32550.69 99 
145854.5  32550.54 99 
145855.0  32550.69 99 
145855.5  32551.27 99 
145856.0  32550.49 99 
145856.5  32550.72 99 
145857.0  32551.09 99 
145857.5  32550.56 99 
145858.0  32550.70 99 
145858.5  32550.36 99 
145859.0  32550.84 99 
145859.5  32550.93 99 
145900.0  32550.71 99 
145900.5  32551.18 99 
145901.0  32550.26 99 
145901.5  32550.54 99 
145902.0  32550.48 99 
145902.5  32551.07 99 
145903.0  32550.43 99 
145903.5  32550.89 99 
145904.0  32550.70 99 
145904.5  32550.63 99 
145905.0  32550.92 99 
145905.5  32550.69 99 
145906.0  32551.03 99 
145906.5  32550.38 99 
145907.0  32550.82 99 
145907.5  32551.20 99 
145908.0  32550.85 99 
145908.5  32550.47 99 
145909.0  32550.66 99 
145909.5  32550.77 99 
145910.0  32550.00 99 
145910.5  32551.00 99 
145911.0  32551.12 99 
145911.5  32550.57 99 
145912.0  32550.61 99 
145912.5  32550.34 99 
145913.0  32551.13 99 
145913.5  32551.25 99 
145914.0  32550.86 99 
145914.5  32550.63 99 
145915.0  32550.72 99 
145915.5  32550.57 99 
145916.0  32550.57 99 
145916.5  32550.75 99 
145917.0  32550.48 99 
145917.5  32550.61 99 
145918.0  32550.44 99 
145918.5  32550.42 99 
145919.0  32550.47 99 
145919.5  32550.57 99 
145920.0  32550.65 99 
145920.5  32550.31 99 
145921.0  32550.89 99 
145921.5  32550.26 99 
145922.0  32550.20 99 
145922.5  32550.15 99 
145923.0  32550.43 99 
145923.5  32550.75 99 
145924.0  32550.72 99 
145924.5  32550.83 99 
145925.0  32550.70 99 
145925.5  32550.45 99 
145926.0  32550.46 99 
145926.5  32550.35 99 
145927.0  32550.42 99 
145927.5  32550.21 99 
145928.0  32550.83 99 
145928.5  32550.74 99 
145929.0  32550.65 99 
145929.5  32550.32 99 
145930.0  32550.65 99 
145930.5  32550.54 99 
145931.0  32549.98 99 
145931.5  32550.61 99 
145932.0  32551.05 99 
145932.5  32550.76 99 
145933.0  32550.69 99 
145933.5  32550.50 99 
145934.0  32550.59 99 
145934.5  32550.91 99 
145935.0  32550.02 99 
145935.5  32550.87 99 
145936.0  32550.79 99 
145936.5  32550.21 99 
145937.0  32549.89 99 
145937.5  32550.53 99 
145938.0  32550.46 99 
145938.5  32550.56 99 
145939.0  32550.14 99 
145939.5  32550.63 99 
145940.0  32550.42 99 
145940.5  32550.17 99 
145941.0  32550.12 99 
145941.5  32550.72 99 
145942.0  32550.64 99 
145942.5  32550.10 99 
145943.0  32550.35 99 
145943.5  32550.48 99 
145944.0  32550.40 99 
145944.5  32550.60 99 
145945.0  32550.34 99 
145945.5  32551.11 99 
145946.0  32550.69 99 
145946.5  32550.59 99 
145947.0  32550.50 99 
145947.5  32550.26 99 
145948.0  32550.44 99 
145948.5  32550.71 99 
145949.0  32550.34 99 
145949.5  32550.12 99 
145950.0  32550.22 99 
145950.5  32551.06 99 
145951.0  32550.87 99 
145951.5  32550.54 99 
145952.0  32550.68 99 
145952.5  32550.45 99 
145953.0  32550.67 99 
145953.5  32550.77 99 
145954.0  32551.01 99 
145954.5  32550.43 99 
145955.0  32550.43 99 
145955.5  32549.91 99 
145956.0  32551.01 99 
145956.5  32550.45 99 
145957.0  32550.33 99 
145957.5  32550.34 99 
145958.0  32550.39 99 
145958.5  32550.35 99 
145959.0  32550.34 99 
145959.5  32550.78 99 
150000.0  32550.40 99 
150000.5  32550.24 99 
150001.0  32550.68 99 
150001.5  32550.61 99 
150002.0  32549.88 99 
150002.5  32550.35 99 
150003.0  32550.90 99 
150003.5  32550.52 99 
150004.0  32550.60 99 
150004.5  32550.32 99 
150005.0  32550.46 99 
150005.5  32550.21 99 
150006.0  32550.52 99 
150006.5  32550.42 99 
150007.0  32550.53 99 
150007.5  32550.51 99 
150008.0  32550.35 99 
150008.5  32550.63 99 
150009.0  32550.71 99 
150009.5  32550.75 99 
150010.0  32550.65 99 
150010.5  32550.03 99 
150011.0  32550.73 99 
150011.5  32550.21 99 
150012.0  32550.23 99 
150012.5  32550.51 99 
150013.0  32550.53 99 
150013.5  32550.61 99 
150014.0  32550.22 99 
150014.5  32550.18 99 
150015.0  32550.20 99 
150015.5  32550.79 99 
150016.0  32550.29 99 
150016.5  32550.46 99 
150017.0  32549.83 99 
150017.5  32549.91 99 
150018.0  32549.99 99 
150018.5  32549.80 99 
150019.0  32550.41 99 
150019.5  32550.17 99 
150020.0  32550.34 99 
150020.5  32550.46 99 
150021.0  32550.21 99 
150021.5  32550.15 99 
150022.0  32550.51 99 
150022.5  32550.55 99 
150023.0  32549.93 99 
150023.5  32550.22 99 
150024.0  32550.15 99 
150024.5  32550.65 99 
150025.0  32550.30 99 
150025.5  32550.50 99 
150026.0  32549.80 99 
150026.5  32550.53 99 
150027.0  32550.68 99 
150027.5  32550.24 99 
150028.0  32550.13 99 
150028.5  32550.60 99 
150029.0  32549.88 99 
150029.5  32550.10 99 
150030.0  32550.75 99 
150030.5  32550.47 99 
150031.0  32549.95 99 
150031.5  32549.90 99 
150032.0  32550.51 99 
150032.5  32549.92 99 
150033.0  32550.14 99 
150033.5  32549.96 99 
150034.0  32549.67 99 
150034.5  32550.05 99 
150035.0  32550.70 99 
150035.5  32549.87 99 
150036.0  32549.96 99 
150036.5  32549.97 99 
150037.0  32550.41 99 
150037.5  32550.31 99 
150038.0  32550.13 99 
150038.5  32550.01 99 
150039.0  32550.59 99 
150039.5  32550.02 99 
150040.0  32550.55 99 
150040.5  32550.48 99 
150041.0  32550.28 99 
150041.5  32550.22 99 
150042.0  32549.95 99 
150042.5  32550.43 99 
150043.0  32549.79 99 
150043.5  32550.48 99 
150044.0  32551.00 99 
150044.5  32550.33 99 
150045.0  32549.94 99 
150045.5  32549.80 99 
150046.0  32550.06 99 
150046.5  32550.50 99 
150047.0  32550.66 99 
150047.5  32550.80 99 
150048.0  32550.11 99 
150048.5  32550.10 99 
150049.0  32549.82 99 
150049.5  32550.02 99 
150050.0  32550.20 99 
150050.5  32550.57 99 
150051.0  32550.50 99 
150051.5  32550.31 99 
150052.0  32549.99 99 
150052.5  32550.25 99 
150053.0  32550.24 99 
150053.5  32550.00 99 
150054.0  32550.20 99 
150054.5  32550.51 99 
150055.0  32550.18 99 
150055.5  32550.10 99 
150056.0  32550.29 99 
150056.5  32550.44 99 
150057.0  32550.53 99 
150057.5  32550.27 99 
150058.0  32550.27 99 
150058.5  32549.80 99 
150059.0  32550.13 99 
150059.5  32549.96 99 
150100.0  32550.25 99 
150100.5  32550.18 99 
150101.0  32550.06 99 
150101.5  32550.10 99 
150102.0  32550.18 99 
150102.5  32550.47 99 
150103.0  32549.89 99 
150103.5  32550.13 99 
150104.0  32550.05 99 
150104.5  32549.96 99 
150105.0  32550.45 99 
150105.5  32550.07 99 
150106.0  32550.11 99 
150106.5  32550.25 99 
150107.0  32550.26 99 
150107.5  32550.06 99 
150108.0  32550.02 99 
150108.5  32549.92 99 
150109.0  32550.14 99 
150109.5  32549.86 99 
150110.0  32550.11 99 
150110.5  32550.29 99 
150111.0  32550.16 99 
150111.5  32550.58 99 
150112.0  32550.46 99 
150112.5  32550.28 99 
150113.0  32550.28 99 
150113.5  32550.36 99 
150114.0  32549.91 99 
150114.5  32549.84 99 
150115.0  32550.05 99 
150115.5  32550.44 99 
150116.0  32550.13 99 
150116.5  32549.71 99 
150117.0  32549.45 99 
150117.5  32550.12 99 
150118.0  32549.74 99 
150118.5  32549.92 99 
150119.0  32550.17 99 
150119.5  32550.26 99 
150120.0  32549.90 99 
150120.5  32550.10 99 
150121.0  32549.30 99 
150121.5  32550.43 99 
150122.0  32550.06 99 
150122.5  32550.09 99 
150123.0  32550.18 99 
150123.5  32549.71 99 
150124.0  32549.76 99 
150124.5  32549.83 99 
150125.0  32549.80 99 
150125.5  32549.95 99 
150126.0  32550.24 99 
150126.5  32549.50 99 
150127.0  32549.53 99 
150127.5  32550.12 99 
150128.0  32549.66 99 
150128.5  32549.16 99 
150129.0  32549.83 99 
150129.5  32549.88 99 
150130.0  32549.51 99 
150130.5  32549.69 99 
150131.0  32549.42 99 
150131.5  32549.59 99 
150132.0  32549.74 99 
150132.5  32549.40 99 
150133.0  32549.89 99 
150133.5  32549.53 99 
150134.0  32549.89 99 
150134.5  32549.77 99 
150135.0  32550.07 99 
150135.5  32549.85 99 
150136.0  32549.22 99 
150136.5  32549.98 99 
150137.0  32549.92 99 
150137.5  32549.85 99 
150138.0  32550.13 99 
150138.5  32550.09 99 
150139.0  32549.62 99 
150139.5  32550.00 99 
150140.0  32549.80 99 
150140.5  32549.78 99 
150141.0  32549.88 99 
150141.5  32549.63 99 
150142.0  32549.16 99 
150142.5  32549.82 99 
150143.0  32549.94 99 
150143.5  32550.36 99 
150144.0  32549.70 99 
150144.5  32549.60 99 
150145.0  32549.27 99 
150145.5  32550.48 99 
150146.0  32549.66 99 
150146.5  32549.83 99 
150147.0  32549.63 99 
150147.5  32549.77 99 
150148.0  32549.85 99 
150148.5  32549.85 99 
150149.0  32549.99 99 
150149.5  32549.90 99 
150150.0  32549.69 99 
150150.5  32549.92 99 
150151.0  32549.61 99 
150151.5  32549.60 99 
150152.0  32549.62 99 
150152.5  32549.32 99 
150153.0  32549.59 99 
150153.5  32550.24 99 
150154.0  32549.81 99 
150154.5  32549.96 99 
150155.0  32549.45 99 
150155.5  32549.61 99 
150156.0  32549.34 99 
150156.5  32549.65 99 
150157.0  32550.01 99 
150157.5  32549.60 99 
150158.0  32549.11 99 
150158.5  32549.57 99 
150159.0  32549.61 99 
150159.5  32549.85 99 
150200.0  32549.54 99 
150200.5  32549.48 99 
150201.0  32549.86 99 
150201.5  32549.75 99 
150202.0  32549.89 99 
150202.5  32549.70 99 
150203.0  32549.73 99 
150203.5  32549.14 99 
150204.0  32549.56 99 
150204.5  32550.37 99 
150205.0  32549.97 99 
150205.5  32549.80 99 
150206.0  32549.90 99 
150206.5  32550.00 99 
150207.0  32549.32 99 
150207.5  32549.61 99 
150208.0  32549.38 99 
150208.5  32549.86 99 
150209.0  32549.55 99 
150209.5  32549.35 99 
150210.0  32550.34 99 
150210.5  32549.42 99 
150211.0  32549.49 99 
150211.5  32549.32 99 
150212.0  32549.44 99 
150212.5  32549.88 99 
150213.0  32550.05 99 
150213.5  32549.94 99 
150214.0  32549.63 99 
150214.5  32550.07 99 
150215.0  32549.62 99 
150215.5  32549.53 99 
150216.0  32549.39 99 
150216.5  32549.59 99 
150217.0  32549.55 99 
150217.5  32549.45 99 
150218.0  32549.50 99 
150218.5  32549.45 99 
150219.0  32549.63 99 
150219.5  32549.85 99 
150220.0  32549.34 99 
150220.5  32549.95 99 
150221.0  32549.62 99 
150221.5  32549.91 99 
150222.0  32549.33 99 
150222.5  32549.92 99 
150223.0  32549.62 99 
150223.5  32549.60 99 
150224.0  32549.46 99 
150224.5  32549.71 99 
150225.0  32549.09 99 
150225.5  32549.77 99 
150226.0  32549.01 99 
150226.5  32548.95 99 
150227.0  32549.02 99 
150227.5  32549.94 99 
150228.0  32549.66 99 
150228.5  32549.30 99 
150229.0  32550.15 99 
150229.5  32550.05 99 
150230.0  32549.96 99 
150230.5  32549.57 99 
150231.0  32549.33 99 
150231.5  32549.39 99 
150232.0  32549.35 99 
150232.5  32549.60 99 
150233.0  32549.61 99 
150233.5  32549.70 99 
150234.0  32549.51 99 
150234.5  32549.22 99 
150235.0  32549.68 99 
150235.5  32549.71 99 
150236.0  32549.71 99 
150236.5  32549.51 99 
150237.0  32549.93 99 
150237.5  32549.22 99 
150238.0  32549.21 99 
150238.5  32548.98 99 
150239.0  32549.23 99 
150239.5  32549.91 99 
150240.0  32549.12 99 
150240.5  32549.48 99 
150241.0  32549.27 99 
150241.5  32549.42 99 
150242.0  32549.37 99 
150242.5  32549.72 99 
150243.0  32549.14 99 
150243.5  32549.40 99 
150244.0  32549.16 99 
150244.5  32549.68 99 
150245.0  32549.13 99 
150245.5  32549.42 99 
150246.0  32549.56 99 
150246.5  32549.56 99 
150247.0  32549.61 99 
150247.5  32549.59 99 
150248.0  32549.24 99 
150248.5  32549.06 99 
150249.0  32548.94 99 
150249.5  32549.14 99 
150250.0  32548.78 99 
150250.5  32549.54 99 
150251.0  32549.52 99 
150251.5  32549.22 99 
150252.0  32549.44 99 
150252.5  32549.19 99 
150253.0  32549.11 99 
150253.5  32549.48 99 
150254.0  32549.44 99 
150254.5  32549.44 99 
150255.0  32549.22 99 
150255.5  32549.60 99 
150256.0  32549.36 99 
150256.5  32549.18 99 
150257.0  32549.28 99 
150257.5  32549.08 99 
150258.0  32549.56 99 
150258.5  32549.35 99 
150259.0  32549.26 99 
150259.5  32549.70 99 
150300.0  32549.45 99 
150300.5  32549.75 99 
150301.0  32548.72 99 
150301.5  32549.25 99 
150302.0  32549.25 99 
150302.5  32549.13 99 
150303.0  32549.61 99 
150303.5  32549.22 99 
150304.0  32548.93 99 
150304.5  32549.08 99 
150305.0  32549.43 99 
150305.5  32549.11 99 
150306.0  32549.38 99 
150306.5  32549.22 99 
150307.0  32549.40 99 
150307.5  32548.94 99 
150308.0  32549.06 99 
150308.5  32549.07 99 
150309.0  32549.09 99 
150309.5  32549.24 99 
150310.0  32548.87 99 
150310.5  32549.11 99 
150311.0  32549.74 99 
150311.5  32548.98 99 
150312.0  32549.14 99 
150312.5  32549.05 99 
150313.0  32549.15 99 
150313.5  32549.14 99 
150314.0  32549.62 99 
150314.5  32549.57 99 
150315.0  32549.28 99 
150315.5  32549.09 99 
150316.0  32549.23 99 
150316.5  32549.30 99 
150317.0  32549.47 99 
150317.5  32548.65 99 
150318.0  32549.08 99 
150318.5  32548.81 99 
150319.0  32549.21 99 
150319.5  32549.49 99 
150320.0  32549.27 99 
150320.5  32549.04 99 
150321.0  32548.95 99 
150321.5  32549.09 99 
150322.0  32549.00 99 
150322.5  32549.19 99 
150323.0  32549.37 99 
150323.5  32549.28 99 
150324.0  32549.64 99 
150324.5  32549.24 99 
150325.0  32549.16 99 
150325.5  32549.32 99 
150326.0  32549.13 99 
150326.5  32548.65 99 
150327.0  32548.65 99 
150327.5  32548.84 99 
150328.0  32548.56 99 
150328.5  32548.63 99 
150329.0  32549.25 99 
150329.5  32549.43 99 
150330.0  32548.94 99 
150330.5  32548.97 99 
150331.0  32548.89 99 
150331.5  32549.37 99 
150332.0  32549.47 99 
150332.5  32549.05 99 
150333.0  32549.17 99 
150333.5  32549.14 99 
150334.0  32548.67 99 
150334.5  32548.64 99 
150335.0  32549.19 99 
150335.5  32549.05 99 
150336.0  32548.73 99 
150336.5  32549.11 99 
150337.0  32549.21 99 
150337.5  32549.00 99 
150338.0  32549.07 99 
150338.5  32548.76 99 
150339.0  32549.25 99 
150339.5  32548.87 99 
150340.0  32548.51 99 
150340.5  32548.76 99 
150341.0  32548.89 99 
150341.5  32548.72 99 
150342.0  32548.92 99 
150342.5  32548.49 99 
150343.0  32548.76 99 
150343.5  32549.07 99 
150344.0  32548.94 99 
150344.5  32548.65 99 
150345.0  32548.51 99 
150345.5  32548.91 99 
150346.0  32548.63 99 
150346.5  32548.88 99 
150347.0  32549.00 99 
150347.5  32548.70 99 
150348.0  32548.76 99 
150348.5  32549.20 99 
150349.0  32548.76 99 
150349.5  32548.99 99 
150350.0  32548.79 99 
150350.5  32548.88 99 
150351.0  32548.60 99 
150351.5  32549.49 99 
150352.0  32549.19 99 
150352.5  32549.18 99 
150353.0  32548.39 99 
150353.5  32548.77 99 
150354.0  32548.73 99 
150354.5  32548.65 99 
150355.0  32548.30 99 
150355.5  32548.49 99 
150356.0  32548.78 99 
150356.5  32548.95 99 
150357.0  32548.39 99 
150357.5  32549.04 99 
150358.0  32548.58 99 
150358.5  32548.77 99 
150359.0  32548.49 99 
150359.5  32548.55 99 
150400.0  32548.66 99 
150400.5  32548.48 99 
150401.0  32548.92 99 
150401.5  32549.33 99 
150402.0  32549.06 99 
150402.5  32548.48 99 
150403.0  32548.33 99 
150403.5  32549.05 99 
150404.0  32548.74 99 
150404.5  32549.25 99 
150405.0  32548.35 99 
150405.5  32548.43 99 
150406.0  32549.45 99 
150406.5  32548.84 99 
150407.0  32549.02 99 
150407.5  32548.57 99 
150408.0  32548.73 99 
150408.5  32549.30 99 
150409.0  32548.67 99 
150409.5  32548.77 99 
150410.0  32548.63 99 
150410.5  32548.63 99 
150411.0  32548.78 99 
150411.5  32548.87 99 
150412.0  32548.66 99 
150412.5  32549.28 99 
150413.0  32548.47 99 
150413.5  32548.43 99 
150414.0  32548.46 99 
150414.5  32548.88 99 
150415.0  32548.93 99 
150415.5  32548.82 99 
150416.0  32549.06 99 
150416.5  32548.27 99 
150417.0  32548.74 99 
150417.5  32548.58 99 
150418.0  32548.75 99 
150418.5  32548.66 99 
150419.0  32549.10 99 
150419.5  32548.62 99 
150420.0  32548.66 99 
150420.5  32548.62 99 
150421.0  32548.71 99 
150421.5  32548.65 99 
150422.0  32548.22 99 
150422.5  32548.39 99 
150423.0  32548.56 99 
150423.5  32548.96 99 
150424.0  32548.37 99 
150424.5  32548.49 99 
150425.0  32548.35 99 
150425.5  32548.68 99 
150426.0  32548.71 99 
150426.5  32548.56 99 
150427.0  32548.88 99 
150427.5  32548.49 99 
150428.0  32548.43 99 
150428.5  32548.74 99 
150429.0  32548.41 99 
150429.5  32548.64 99 
150430.0  32548.52 99 
150430.5  32548.35 99 
150431.0  32548.39 99 
150431.5  32548.99 99 
150432.0  32549.08 99 
150432.5  32548.34 99 
150433.0  32548.65 99 
150433.5  32548.49 99 
150434.0  32548.55 99 
150434.5  32548.37 99 
150435.0  32548.26 99 
150435.5  32548.70 99 
150436.0  32548.94 99 
150436.5  32548.59 99 
150437.0  32548.54 99 
150437.5  32548.18 99 
150438.0  32548.74 99 
150438.5  32548.67 99 
150439.0  32548.39 99 
150439.5  32548.59 99 
150440.0  32548.46 99 
150440.5  32548.76 99 
150441.0  32548.09 99 
150441.5  32548.76 99 
150442.0  32548.47 99 
150442.5  32548.45 99 
150443.0  32548.39 99 
150443.5  32549.03 99 
150444.0  32548.51 99 
150444.5  32548.64 99 
150445.0  32548.33 99 
150445.5  32548.78 99 
150446.0  32548.74 99 
150446.5  32548.56 99 
150447.0  32548.86 99 
150447.5  32548.33 99 
150448.0  32548.40 99 
150448.5  32548.63 99 
150449.0  32548.19 99 
150449.5  32547.95 99 
150450.0  32548.48 99 
150450.5  32548.69 99 
150451.0  32548.09 99 
150451.5  32548.72 99 
150452.0  32548.92 99 
150452.5  32548.73 99 
150453.0  32548.34 99 
150453.5  32548.35 99 
150454.0  32548.10 99 
150454.5  32548.37 99 
150455.0  32548.30 99 
150455.5  32548.66 99 
150456.0  32548.59 99 
150456.5  32548.24 99 
150457.0  32548.49 99 
150457.5  32548.80 99 
150458.0  32548.36 99 
150458.5  32548.52 99 
150459.0  32548.64 99 
150459.5  32548.37 99 
150500.0  32548.17 99 
150500.5  32548.49 99 
150501.0  32548.09 99 
150501.5  32547.85 99 
150502.0  32548.00 99 
150502.5  32548.15 99 
150503.0  32548.43 99 
150503.5  32548.64 99 
150504.0  32548.39 99 
150504.5  32548.30 99 
150505.0  32548.16 99 
150505.5  32548.38 99 
150506.0  32548.57 99 
150506.5  32548.28 99 
150507.0  32548.18 99 
150507.5  32548.41 99 
150508.0  32548.52 99 
150508.5  32548.67 99 
150509.0  32548.15 99 
150509.5  32548.73 99 
150510.0  32548.26 99 
150510.5  32548.25 99 
150511.0  32548.04 99 
150511.5  32548.34 99 
150512.0  32548.67 99 
150512.5  32548.48 99 
150513.0  32548.35 99 
150513.5  32548.33 99 
150514.0  32548.55 99 
150514.5  32548.34 99 
150515.0  32548.25 99 
150515.5  32548.51 99 
150516.0  32548.39 99 
150516.5  32548.03 99 
150517.0  32548.40 99 
150517.5  32548.29 99 
150518.0  32548.32 99 
150518.5  32548.49 99 
150519.0  32548.43 99 
150519.5  32549.00 99 
150520.0  32548.81 99 
150520.5  32548.28 99 
150521.0  32548.35 99 
150521.5  32548.28 99 
150522.0  32547.98 99 
150522.5  32547.86 99 
150523.0  32548.25 99 
150523.5  32548.51 99 
150524.0  32548.17 99 
150524.5  32548.31 99 
150525.0  32548.50 99 
150525.5  32548.32 99 
150526.0  32548.19 99 
150526.5  32548.24 99 
150527.0  32548.63 99 
150527.5  32548.31 99 
150528.0  32548.61 99 
150528.5  32548.48 99 
150529.0  32548.04 99 
150529.5  32548.65 99 
150530.0  32548.09 99 
150530.5  32548.04 99 
150531.0  32547.84 99 
150531.5  32548.71 99 
150532.0  32548.01 99 
150532.5  32548.29 99 
150533.0  32548.23 99 
150533.5  32548.24 99 
150534.0  32548.00 99 
150534.5  32548.30 99 
150535.0  32548.37 99 
150535.5  32548.60 99 
150536.0  32547.89 99 
150536.5  32548.18 99 
150537.0  32548.06 99 
150537.5  32548.37 99 
150538.0  32548.98 99 
150538.5  32548.34 99 
150539.0  32548.51 99 
150539.5  32548.62 99 
150540.0  32547.86 99 
150540.5  32548.06 99 
150541.0  32548.04 99 
150541.5  32547.90 99 
150542.0  32547.82 99 
150542.5  32548.15 99 
150543.0  32548.18 99 
150543.5  32547.88 99 
150544.0  32548.42 99 
150544.5  32548.12 99 
150545.0  32547.96 99 
150545.5  32548.08 99 
150546.0  32548.01 99 
150546.5  32547.83 99 
150547.0  32547.93 99 
150547.5  32547.80 99 
150548.0  32548.37 99 
150548.5  32548.57 99 
150549.0  32548.38 99 
150549.5  32548.30 99 
150550.0  32547.99 99 
150550.5  32548.01 99 
150551.0  32548.42 99 
150551.5  32548.41 99 
150552.0  32547.90 99 
150552.5  32548.58 99 
150553.0  32547.87 99 
150553.5  32548.36 99 
150554.0  32547.67 99 
150554.5  32548.03 99 
150555.0  32548.13 99 
150555.5  32548.15 99 
150556.0  32548.10 99 
150556.5  32548.39 99 
150557.0  32547.78 99 
150557.5  32548.04 99 
150558.0  32547.83 99 
150558.5  32548.48 99 
150559.0  32548.06 99 
150559.5  32548.15 99 
150600.0  32547.65 99 
150600.5  32547.85 99 
150601.0  32547.85 99 
150601.5  32547.54 99 
150602.0  32547.92 99 
150602.5  32547.99 99 
150603.0  32547.93 99 
150603.5  32548.40 99 
150604.0  32548.05 99 
150604.5  32547.69 99 
150605.0  32547.49 99 
150605.5  32547.93 99 
150606.0  32547.68 99 
150606.5  32548.08 99 
150607.0  32547.88 99 
150607.5  32548.33 99 
150608.0  32548.01 99 
150608.5  32547.88 99 
150609.0  32547.81 99 
150609.5  32548.30 99 
150610.0  32547.81 99 
150610.5  32547.50 99 
150611.0  32548.02 99 
150611.5  32548.01 99 
150612.0  32547.82 99 
150612.5  32548.03 99 
150613.0  32548.03 99 
150613.5  32547.35 99 
150614.0  32547.81 99 
150614.5  32547.99 99 
150615.0  32547.75 99 
150615.5  32547.71 99 
150616.0  32547.64 99 
150616.5  32547.67 99 
150617.0  32547.93 99 
150617.5  32547.20 99 
150618.0  32546.90 99 
150618.5  32547.77 99 
150619.0  32547.52 99 
150619.5  32547.76 99 
150620.0  32547.54 99 
150620.5  32547.47 99 
150621.0  32548.32 99 
150621.5  32548.00 99 
150622.0  32547.51 99 
150622.5  32547.17 99 
150623.0  32547.71 99 
150623.5  32547.40 99 
150624.0  32547.80 99 
150624.5  32547.92 99 
150625.0  32548.14 99 
150625.5  32547.63 99 
150626.0  32547.66 99 
150626.5  32548.00 99 
150627.0  32547.80 99 
150627.5  32547.67 99 
150628.0  32547.26 99 
150628.5  32547.67 99 
150629.0  32548.03 99 
150629.5  32547.63 99 
150630.0  32548.12 99 
150630.5  32547.83 99 
150631.0  32547.84 99 
150631.5  32548.25 99 
150632.0  32547.45 99 
150632.5  32547.73 99 
150633.0  32547.25 99 
150633.5  32548.05 99 
150634.0  32547.67 99 
150634.5  32547.85 99 
150635.0  32547.36 99 
150635.5  32547.75 99 
150636.0  32547.39 99 
150636.5  32547.89 99 
150637.0  32547.85 99 
150637.5  32547.25 99 
150638.0  32547.62 99 
150638.5  32547.50 99 
150639.0  32547.42 99 
150639.5  32547.71 99 
150640.0  32547.55 99 
150640.5  32547.92 99 
150641.0  32547.98 99 
150641.5  32547.84 99 
150642.0  32547.47 99 
150642.5  32547.81 99 
150643.0  32547.63 99 
150643.5  32547.91 99 
150644.0  32547.12 99 
150644.5  32547.69 99 
150645.0  32547.80 99 
150645.5  32547.42 99 
150646.0  32547.85 99 
150646.5  32547.50 99 
150647.0  32547.05 99 
150647.5  32547.84 99 
150648.0  32547.97 99 
150648.5  32547.79 99 
150649.0  32547.65 99 
150649.5  32547.58 99 
150650.0  32547.63 99 
150650.5  32547.03 99 
150651.0  32547.63 99 
150651.5  32547.58 99 
150652.0  32547.34 99 
150652.5  32547.64 99 
150653.0  32547.34 99 
150653.5  32548.44 99 
150654.0  32547.23 99 
150654.5  32547.71 99 
150655.0  32547.41 99 
150655.5  32547.27 99 
150656.0  32547.34 99 
150656.5  32547.45 99 
150657.0  32547.33 99 
150657.5  32547.40 99 
150658.0  32547.76 99 
150658.5  32546.93 99 
150659.0  32547.52 99 
150659.5  32547.32 99 
150700.0  32547.47 99 
150700.5  32547.35 99 
150701.0  32547.23 99 
150701.5  32547.35 99 
150702.0  32547.51 99 
150702.5  32547.54 99 
150703.0  32548.02 99 
150703.5  32547.60 99 
150704.0  32547.16 99 
150704.5  32547.47 99 
150705.0  32547.48 99 
150705.5  32547.52 99 
150706.0  32547.23 99 
150706.5  32547.39 99 
150707.0  32547.29 99 
150707.5  32547.29 99 
150708.0  32547.24 99 
150708.5  32547.38 99 
150709.0  32547.23 99 
150709.5  32547.36 99 
150710.0  32547.34 99 
150710.5  32547.20 99 
150711.0  32547.00 99 
150711.5  32547.01 99 
150712.0  32547.55 99 
150712.5  32547.31 99 
150713.0  32547.44 99 
150713.5  32546.93 99 
150714.0  32547.16 99 
150714.5  32547.10 99 
150715.0  32547.60 99 
150715.5  32547.74 99 
150716.0  32547.42 99 
150716.5  32547.36 99 
150717.0  32547.49 99 
150717.5  32546.92 99 
150718.0  32547.48 99 
150718.5  32546.84 99 
150719.0  32547.18 99 
150719.5  32547.24 99 
150720.0  32547.45 99 
150720.5  32547.87 99 
150721.0  32547.35 99 
150721.5  32547.21 99 
150722.0  32547.25 99 
150722.5  32547.16 99 
150723.0  32547.15 99 
150723.5  32546.91 99 
150724.0  32547.42 99 
150724.5  32547.34 99 
150725.0  32547.65 99 
150725.5  32547.45 99 
150726.0  32547.31 99 
150726.5  32547.53 99 
150727.0  32547.24 99 
150727.5  32546.60 99 
150728.0  32547.57 99 
150728.5  32547.12 99 
150729.0  32547.04 99 
150729.5  32547.45 99 
150730.0  32547.31 99 
150730.5  32547.88 99 
150731.0  32547.08 99 
150731.5  32547.21 99 
150732.0  32547.65 99 
150732.5  32547.29 99 
150733.0  32546.82 99 
150733.5  32547.56 99 
150734.0  32546.87 99 
150734.5  32546.96 99 
150735.0  32547.33 99 
150735.5  32547.36 99 
150736.0  32546.96 99 
150736.5  32547.21 99 
150737.0  32547.66 99 
150737.5  32547.40 99 
150738.0  32547.42 99 
150738.5  32547.06 99 
150739.0  32546.97 99 
150739.5  32547.06 99 
150740.0  32547.43 99 
150740.5  32546.90 99 
150741.0  32547.17 99 
150741.5  32546.75 99 
150742.0  32546.68 99 
150742.5  32546.88 99 
150743.0  32546.83 99 
150743.5  32547.38 99 
150744.0  32547.40 99 
150744.5  32546.76 99 
150745.0  32546.96 99 
150745.5  32547.49 99 
150746.0  32546.61 99 
150746.5  32547.10 99 
150747.0  32547.10 99 
150747.5  32547.22 99 
150748.0  32547.63 99 
150748.5  32547.12 99 
150749.0  32546.95 99 
150749.5  32547.12 99 
150750.0  32546.94 99 
150750.5  32547.36 99 
150751.0  32547.18 99 
150751.5  32546.53 99 
150752.0  32547.51 99 
150752.5  32547.11 99 
150753.0  32546.67 99 
150753.5  32547.24 99 
150754.0  32547.19 99 
150754.5  32547.46 99 
150755.0  32547.32 99 
150755.5  32547.30 99 
150756.0  32547.03 99 
150756.5  32547.12 99 
150757.0  32547.27 99 
150757.5  32546.65 99 
150758.0  32546.65 99 
150758.5  32547.49 99 
150759.0  32547.02 99 
150759.5  32546.82 99 
150800.0  32546.86 99 
150800.5  32546.94 99 
150801.0  32546.59 99 
150801.5  32546.68 99 
150802.0  32547.22 99 
150802.5  32547.21 99 
150803.0  32547.25 99 
150803.5  32546.89 99 
150804.0  32547.03 99 
150804.5  32547.23 99 
150805.0  32547.00 99 
150805.5  32547.26 99 
150806.0  32547.34 99 
150806.5  32546.99 99 
150807.0  32546.91 99 
150807.5  32547.02 99 
150808.0  32547.46 99 
150808.5  32547.13 99 
150809.0  32546.68 99 
150809.5  32547.19 99 
150810.0  32546.84 99 
150810.5  32546.61 99 
150811.0  32546.84 99 
150811.5  32546.96 99 
150812.0  32547.13 99 
150812.5  32546.76 99 
150813.0  32547.12 99 
150813.5  32546.92 99 
150814.0  32546.75 99 
150814.5  32546.73 99 
150815.0  32546.93 99 
150815.5  32546.69 99 
150816.0  32546.87 99 
150816.5  32546.73 99 
150817.0  32547.40 99 
150817.5  32546.92 99 
150818.0  32546.69 99 
150818.5  32546.69 99 
150819.0  32547.02 99 
150819.5  32546.60 99 
150820.0  32547.00 99 
150820.5  32547.04 99 
150821.0  32547.36 99 
150821.5  32547.00 99 
150822.0  32546.54 99 
150822.5  32547.25 99 
150823.0  32547.12 99 
150823.5  32546.77 99 
150824.0  32546.98 99 
150824.5  32546.95 99 
150825.0  32546.49 99 
150825.5  32546.93 99 
150826.0  32546.62 99 
150826.5  32546.93 99 
150827.0  32546.57 99 
150827.5  32546.76 99 
150828.0  32547.27 99 
150828.5  32546.84 99 
150829.0  32547.27 99 
150829.5  32547.27 99 
150830.0  32547.28 99 
150830.5  32546.67 99 
150831.0  32547.16 99 
150831.5  32546.68 99 
150832.0  32547.01 99 
150832.5  32546.96 99 
150833.0  32546.78 99 
150833.5  32546.90 99 
150834.0  32546.82 99 
150834.5  32546.71 99 
150835.0  32547.23 99 
150835.5  32546.91 99 
150836.0  32547.60 99 
150836.5  32546.98 99 
150837.0  32546.81 99 
150837.5  32547.22 99 
150838.0  32546.87 99 
150838.5  32547.31 99 
150839.0  32546.92 99 
150839.5  32546.73 99 
150840.0  32546.74 99 
150840.5  32547.23 99 
150841.0  32547.04 99 
150841.5  32546.68 99 
150842.0  32546.66 99 
150842.5  32547.91 99 
150843.0  32546.51 99 
150843.5  32546.81 99 
150844.0  32546.89 99 
150844.5  32546.83 99 
150845.0  32546.90 99 
150845.5  32547.00 99 
150846.0  32546.62 99 
150846.5  32547.07 99 
150847.0  32547.05 99 
150847.5  32547.04 99 
150848.0  32547.32 99 
150848.5  32547.16 99 
150849.0  32546.57 99 
150849.5  32547.25 99 
150850.0  32546.79 99 
150850.5  32546.65 99 
150851.0  32546.63 99 
150851.5  32546.96 99 
150852.0  32546.89 99 
150852.5  32547.05 99 
150853.0  32546.81 99 
150853.5  32546.26 99 
150854.0  32546.79 99 
150854.5  32547.08 99 
150855.0  32546.75 99 
150855.5  32546.48 99 
150856.0  32546.20 99 
150856.5  32546.52 99 
150857.0  32546.73 99 
150857.5  32546.34 99 
150858.0  32546.68 99 
150858.5  32546.78 99 
150859.0  32546.61 99 
150859.5  32546.55 99 
150900.0  32547.10 99 
150900.5  32546.75 99 
150901.0  32546.68 99 
150901.5  32547.25 99 
150902.0  32547.18 99 
150902.5  32546.92 99 
150903.0  32547.15 99 
150903.5  32546.57 99 
150904.0  32546.47 99 
150904.5  32545.85 99 
150905.0  32546.89 99 
150905.5  32547.07 99 
150906.0  32546.31 99 
150906.5  32547.01 99 
150907.0  32546.44 99 
150907.5  32546.91 99 
150908.0  32546.62 99 
150908.5  32546.83 99 
150909.0  32546.77 99 
150909.5  32546.23 99 
150910.0  32546.46 99 
150910.5  32546.50 99 
150911.0  32546.94 99 
150911.5  32546.70 99 
150912.0  32546.86 99 
150912.5  32546.54 99 
150913.0  32546.24 99 
150913.5  32546.88 99 
150914.0  32546.13 99 
150914.5  32546.79 99 
150915.0  32546.39 99 
150915.5  32546.84 99 
150916.0  32546.27 99 
150916.5  32546.74 99 
150917.0  32546.72 99 
150917.5  32546.90 99 
150918.0  32546.23 99 
150918.5  32546.74 99 
150919.0  32546.27 99 
150919.5  32546.90 99 
150920.0  32546.60 99 
150920.5  32546.54 99 
150921.0  32546.82 99 
150921.5  32546.68 99 
150922.0  32546.78 99 
150922.5  32546.59 99 
150923.0  32546.67 99 
150923.5  32546.65 99 
150924.0  32546.44 99 
150924.5  32547.01 99 
150925.0  32546.43 99 
150925.5  32547.23 99 
150926.0  32546.83 99 
150926.5  32546.84 99 
150927.0  32547.12 99 
150927.5  32546.77 99 
150928.0  32546.55 99 
150928.5  32546.51 99 
150929.0  32546.84 99 
150929.5  32546.82 99 
150930.0  32546.43 99 
150930.5  32546.58 99 
150931.0  32546.38 99 
150931.5  32546.86 99 
150932.0  32546.55 99 
150932.5  32546.40 99 
150933.0  32546.46 99 
150933.5  32546.34 99 
150934.0  32546.43 99 
150934.5  32546.62 99 
150935.0  32546.39 99 
150935.5  32547.17 99 
150936.0  32546.92 99 
150936.5  32546.86 99 
150937.0  32546.25 99 
150937.5  32546.37 99 
150938.0  32546.65 99 
150938.5  32546.42 99 
150939.0  32546.46 99 
150939.5  32546.15 99 
150940.0  32546.74 99 
150940.5  32546.55 99 
150941.0  32547.18 99 
150941.5  32546.44 99 
150942.0  32547.24 99 
150942.5  32545.97 99 
150943.0  32546.64 99 
150943.5  32546.57 99 
150944.0  32547.18 99 
150944.5  32546.81 99 
150945.0  32546.99 99 
150945.5  32546.13 99 
150946.0  32546.87 99 
150946.5  32546.83 99 
150947.0  32546.55 99 
150947.5  32546.65 99 
150948.0  32546.16 99 
150948.5  32546.77 99 
150949.0  32546.48 99 
150949.5  32546.81 99 
150950.0  32546.27 99 
150950.5  32546.79 99 
150951.0  32546.89 99 
150951.5  32546.90 99 
150952.0  32546.63 99 
150952.5  32546.58 99 
150953.0  32546.69 99 
150953.5  32546.39 99 
150954.0  32546.55 99 
150954.5  32546.21 99 
150955.0  32546.15 99 
150955.5  32546.65 99 
150956.0  32546.54 99 
150956.5  32546.68 99 
150957.0  32546.34 99 
150957.5  32546.89 99 
150958.0  32546.74 99 
150958.5  32546.59 99 
150959.0  32546.59 99 
150959.5  32546.56 99 
151000.0  32546.65 99 
151000.5  32546.78 99 
151001.0  32546.66 99 
151001.5  32546.86 99 
151002.0  32546.32 99 
151002.5  32545.81 99 
151003.0  32546.45 99 
151003.5  32547.43 99 
151004.0  32546.22 99 
151004.5  32546.65 99 
151005.0  32546.41 99 
151005.5  32546.66 99 
151006.0  32546.43 99 
151006.5  32546.25 99 
151007.0  32546.18 99 
151007.5  32546.09 99 
151008.0  32546.16 99 
151008.5  32546.25 99 
151009.0  32546.11 99 
151009.5  32546.65 99 
151010.0  32546.80 99 
151010.5  32546.74 99 
151011.0  32546.35 99 
151011.5  32546.44 99 
151012.0  32546.80 99 
151012.5  32546.64 99 
151013.0  32546.43 99 
151013.5  32546.46 99 
151014.0  32546.72 99 
151014.5  32546.73 99 
151015.0  32546.56 99 
151015.5  32546.44 99 
151016.0  32547.10 99 
151016.5  32546.21 99 
151017.0  32546.45 99 
151017.5  32546.51 99 
151018.0  32546.53 99 
151018.5  32546.07 99 
151019.0  32546.78 99 
151019.5  32546.86 99 
151020.0  32546.44 99 
151020.5  32547.01 99 
151021.0  32546.15 99 
151021.5  32546.68 99 
151022.0  32546.26 99 
151022.5  32546.35 99 
151023.0  32546.03 99 
151023.5  32546.73 99 
151024.0  32546.67 99 
151024.5  32546.28 99 
151025.0  32546.52 99 
151025.5  32546.25 99 
151026.0  32546.80 99 
151026.5  32547.00 99 
151027.0  32546.22 99 
151027.5  32546.81 99 
151028.0  32546.48 99 
151028.5  32546.26 99 
151029.0  32546.52 99 
151029.5  32546.29 99 
151030.0  32546.59 99 
151030.5  32546.41 99 
151031.0  32546.83 99 
151031.5  32546.65 99 
151032.0  32546.33 99 
151032.5  32546.75 99 
151033.0  32546.69 99 
151033.5  32546.03 99 
151034.0  32546.45 99 
151034.5  32546.41 99 
151035.0  32546.55 99 
151035.5  32546.45 99 
151036.0  32546.43 99 
151036.5  32546.67 99 
151037.0  32546.39 99 
151037.5  32546.55 99 
151038.0  32546.39 99 
151038.5  32546.39 99 
151039.0  32547.18 99 
151039.5  32546.31 99 
151040.0  32546.85 99 
151040.5  32546.17 99 
151041.0  32546.78 99 
151041.5  32547.03 99 
151042.0  32546.73 99 
151042.5  32546.39 99 
151043.0  32546.96 99 
151043.5  32546.38 99 
151044.0  32546.39 99 
151044.5  32546.03 99 
151045.0  32546.65 99 
151045.5  32546.72 99 
151046.0  32546.19 99 
151046.5  32546.37 99 
151047.0  32546.55 99 
151047.5  32546.58 99 
151048.0  32546.45 99 
151048.5  32546.65 99 
151049.0  32546.51 99 
151049.5  32546.35 99 
151050.0  32547.07 99 
151050.5  32547.13 99 
151051.0  32546.53 99 
151051.5  32546.21 99 
151052.0  32546.96 99 
151052.5  32546.57 99 
151053.0  32546.84 99 
151053.5  32546.56 99 
151054.0  32546.87 99 
151054.5  32546.78 99 
151055.0  32546.87 99 
151055.5  32546.32 99 
151056.0  32546.51 99 
151056.5  32546.62 99 
151057.0  32546.13 99 
151057.5  32545.98 99 
151058.0  32546.93 99 
151058.5  32546.68 99 
151059.0  32546.49 99 
151059.5  32546.73 99 
151100.0  32546.50 99 
151100.5  32546.53 99 
151101.0  32546.73 99 
151101.5  32547.09 99 
151102.0  32546.15 99 
151102.5  32546.69 99 
151103.0  32546.39 99 
151103.5  32546.22 99 
151104.0  32546.51 99 
151104.5  32547.04 99 
151105.0  32547.03 99 
151105.5  32546.39 99 
151106.0  32546.63 99 
151106.5  32546.49 99 
151107.0  32546.09 99 
151107.5  32546.53 99 
151108.0  32546.00 99 
151108.5  32546.94 99 
151109.0  32546.87 99 
151109.5  32546.43 99 
151110.0  32546.33 99 
151110.5  32546.66 99 
151111.0  32546.83 99 
151111.5  32546.61 99 
151112.0  32546.26 99 
151112.5  32546.90 99 
151113.0  32546.65 99 
151113.5  32546.64 99 
151114.0  32546.29 99 
151114.5  32546.85 99 
151115.0  32546.47 99 
151115.5  32546.63 99 
151116.0  32546.54 99 
151116.5  32546.50 99 
151117.0  32545.60 99 
151117.5  32546.40 99 
151118.0  32546.64 99 
151118.5  32546.45 99 
151119.0  32546.63 99 
151119.5  32546.40 99 
151120.0  32546.02 99 
151120.5  32546.17 99 
151121.0  32546.33 99 
151121.5  32545.78 99 
151122.0  32546.12 99 
151122.5  32546.73 99 
151123.0  32547.44 99 
151123.5  32546.85 99 
151124.0  32546.12 99 
151124.5  32546.78 99 
151125.0  32546.58 99 
151125.5  32546.58 99 
151126.0  32546.78 99 
151126.5  32546.74 99 
151127.0  32547.04 99 
151127.5  32546.17 99 
151128.0  32546.43 99 
151128.5  32546.74 99 
151129.0  32546.50 99 
151129.5  32546.68 99 
151130.0  32546.81 99 
151130.5  32546.82 99 
151131.0  32546.28 99 
151131.5  32546.94 99 
151132.0  32546.71 99 
151132.5  32546.25 99 
151133.0  32546.64 99 
151133.5  32546.52 99 
151134.0  32546.69 99 
151134.5  32546.71 99 
151135.0  32546.28 99 
151135.5  32546.75 99 
151136.0  32547.03 99 
151136.5  32546.70 99 
151137.0  32546.81 99 
151137.5  32546.09 99 
151138.0  32546.42 99 
151138.5  32546.69 99 
151139.0  32546.84 99 
151139.5  32546.79 99 
151140.0  32546.60 99 
151140.5  32546.36 99 
151141.0  32546.71 99 
151141.5  32546.43 99 
151142.0  32546.43 99 
151142.5  32546.42 99 
151143.0  32546.39 99 
151143.5  32546.50 99 
151144.0  32546.44 99 
151144.5  32546.29 99 
151145.0  32546.78 99 
151145.5  32546.57 99 
151146.0  32546.26 99 
151146.5  32546.12 99 
151147.0  32546.74 99 
151147.5  32546.55 99 
151148.0  32546.28 99 
151148.5  32546.75 99 
151149.0  32546.42 99 
151149.5  32546.44 99 
151150.0  32546.55 99 
151150.5  32546.73 99 
151151.0  32546.49 99 
151151.5  32546.41 99 
151152.0  32546.44 99 
151152.5  32546.43 99 
151153.0  32546.15 99 
151153.5  32546.32 99 
151154.0  32546.79 99 
151154.5  32546.46 99 
151155.0  32546.16 99 
151155.5  32546.54 99 
151156.0  32546.54 99 
151156.5  32546.77 99 
151157.0  32546.17 99 
151157.5  32546.33 99 
151158.0  32546.86 99 
151158.5  32546.74 99 
151159.0  32546.32 99 
151159.5  32546.65 99 
151200.0  32546.86 99 
151200.5  32546.98 99 
151201.0  32546.48 99 
151201.5  32546.61 99 
151202.0  32546.45 99 
151202.5  32546.50 99 
151203.0  32546.64 99 
151203.5  32546.39 99 
151204.0  32546.46 99 
151204.5  32546.76 99 
151205.0  32546.98 99 
151205.5  32546.70 99 
151206.0  32546.52 99 
151206.5  32546.53 99 
151207.0  32546.80 99 
151207.5  32546.44 99 
151208.0  32546.62 99 
151208.5  32546.28 99 
151209.0  32546.58 99 
151209.5  32546.96 99 
151210.0  32546.38 99 
151210.5  32547.05 99 
151211.0  32546.03 99 
151211.5  32546.56 99 
151212.0  32547.07 99 
151212.5  32546.37 99 
151213.0  32546.72 99 
151213.5  32545.91 99 
151214.0  32546.53 99 
151214.5  32546.98 99 
151215.0  32546.48 99 
151215.5  32546.73 99 
151216.0  32547.05 99 
151216.5  32546.47 99 
151217.0  32546.24 99 
151217.5  32546.80 99 
151218.0  32546.01 99 
151218.5  32546.44 99 
151219.0  32545.99 99 
151219.5  32546.59 99 
151220.0  32546.71 99 
151220.5  32546.81 99 
151221.0  32546.72 99 
151221.5  32546.51 99 
151222.0  32546.59 99 
151222.5  32546.37 99 
151223.0  32546.41 99 
151223.5  32545.97 99 
151224.0  32546.96 99 
151224.5  32546.24 99 
151225.0  32546.55 99 
151225.5  32546.19 99 
151226.0  32546.35 99 
151226.5  32546.86 99 
151227.0  32546.36 99 
151227.5  32546.35 99 
151228.0  32546.46 99 
151228.5  32546.14 99 
151229.0  32546.53 99 
151229.5  32546.73 99 
151230.0  32545.93 99 
151230.5  32546.23 99 
151231.0  32546.27 99 
151231.5  32546.25 99 
151232.0  32546.37 99 
151232.5  32546.77 99 
151233.0  32546.24 99 
151233.5  32546.89 99 
151234.0  32545.98 99 
151234.5  32546.64 99 
151235.0  32546.46 99 
151235.5  32546.14 99 
151236.0  32546.40 99 
151236.5  32546.34 99 
151237.0  32546.28 99 
151237.5  32546.63 99 
151238.0  32546.82 99 
151238.5  32546.53 99 
151239.0  32546.71 99 
151239.5  32546.46 99 
151240.0  32546.32 99 
151240.5  32546.33 99 
151241.0  32546.20 99 
151241.5  32546.49 99 
151242.0  32547.10 99 
151242.5  32547.17 99 
151243.0  32546.61 99 
151243.5  32546.39 99 
151244.0  32546.22 99 
151244.5  32546.57 99 
151245.0  32546.59 99 
151245.5  32546.05 99 
151246.0  32546.09 99 
151246.5  32546.78 99 
151247.0  32545.70 99 
151247.5  32546.51 99 
151248.0  32546.47 99 
151248.5  32546.84 99 
151249.0  32546.65 99 
151249.5  32546.64 99 
151250.0  32547.07 99 
151250.5  32546.80 99 
151251.0  32546.42 99 
151251.5  32546.54 99 
151252.0  32546.54 99 
151252.5  32546.83 99 
151253.0  32546.44 99 
151253.5  32546.55 99 
151254.0  32546.64 99 
151254.5  32546.72 99 
151255.0  32546.40 99 
151255.5  32546.58 99 
151256.0  32545.89 99 
151256.5  32546.17 99 
151257.0  32547.00 99 
151257.5  32546.54 99 
151258.0  32546.70 99 
151258.5  32546.37 99 
151259.0  32546.22 99 
151259.5  32546.50 99 
151300.0  32546.65 99 
151300.5  32546.38 99 
151301.0  32547.01 99 
151301.5  32546.51 99 
151302.0  32546.23 99 
151302.5  32546.32 99 
151303.0  32546.19 99 
151303.5  32547.15 99 
151304.0  32547.25 99 
151304.5  32546.14 99 
151305.0  32546.50 99 
151305.5  32546.30 99 
151306.0  32546.36 99 
151306.5  32546.56 99 
151307.0  32546.25 99 
151307.5  32546.68 99 
151308.0  32546.65 99 
151308.5  32546.80 99 
151309.0  32546.71 99 
151309.5  32546.33 99 
151310.0  32546.79 99 
151310.5  32546.42 99 
151311.0  32546.94 99 
151311.5  32546.30 99 
151312.0  32546.40 99 
151312.5  32546.90 99 
151313.0  32546.55 99 
151313.5  32546.35 99 
151314.0  32546.35 99 
151314.5  32546.63 99 
151315.0  32546.17 99 
151315.5  32546.79 99 
151316.0  32546.29 99 
151316.5  32546.37 99 
151317.0  32546.66 99 
151317.5  32546.88 99 
151318.0  32546.72 99 
151318.5  32546.44 99 
151319.0  32546.70 99 
151319.5  32547.07 99 
151320.0  32546.73 99 
151320.5  32546.74 99 
151321.0  32546.64 99 
151321.5  32546.96 99 
151322.0  32547.41 99 
151322.5  32546.65 99 
151323.0  32546.46 99 
151323.5  32546.32 99 
151324.0  32546.71 99 
151324.5  32546.57 99 
151325.0  32546.09 99 
151325.5  32545.94 99 
151326.0  32546.23 99 
151326.5  32546.30 99 
151327.0  32546.13 99 
151327.5  32546.44 99 
151328.0  32546.31 99 
151328.5  32546.31 99 
151329.0  32546.58 99 
151329.5  32546.48 99 
151330.0  32546.31 99 
151330.5  32546.66 99 
151331.0  32547.15 99 
151331.5  32546.25 99 
151332.0  32546.56 99 
151332.5  32545.86 99 
151333.0  32546.24 99 
151333.5  32546.40 99 
151334.0  32546.31 99 
151334.5  32546.12 99 
151335.0  32546.50 99 
151335.5  32546.76 99 
151336.0  32546.43 99 
151336.5  32546.31 99 
151337.0  32546.41 99 
151337.5  32546.50 99 
151338.0  32546.60 99 
151338.5  32546.47 99 
151339.0  32546.09 99 
151339.5  32546.51 99 
151340.0  32546.47 99 
151340.5  32546.64 99 
151341.0  32546.52 99 
151341.5  32546.44 99 
151342.0  32546.57 99 
151342.5  32546.59 99 
151343.0  32546.43 99 
151343.5  32546.62 99 
151344.0  32546.69 99 
151344.5  32546.41 99 
151345.0  32546.40 99 
151345.5  32546.59 99 
151346.0  32546.41 99 
151346.5  32547.06 99 
151347.0  32546.21 99 
151347.5  32546.15 99 
151348.0  32546.47 99 
151348.5  32546.49 99 
151349.0  32546.82 99 
151349.5  32546.07 99 
151350.0  32546.37 99 
151350.5  32546.81 99 
151351.0  32546.46 99 
151351.5  32546.29 99 
151352.0  32546.52 99 
151352.5  32546.84 99 
151353.0  32546.12 99 
151353.5  32546.32 99 
151354.0  32546.30 99 
151354.5  32546.31 99 
151355.0  32546.34 99 
151355.5  32546.04 99 
151356.0  32545.98 99 
151356.5  32546.64 99 
151357.0  32546.53 99 
151357.5  32546.72 99 
151358.0  32546.21 99 
151358.5  32546.40 99 
151359.0  32546.36 99 
151359.5  32546.32 99 
151400.0  32546.29 99 
151400.5  32546.76 99 
151401.0  32546.09 99 
151401.5  32546.05 99 
151402.0  32546.30 99 
151402.5  32546.88 99 
151403.0  32546.38 99 
151403.5  32546.03 99 
151404.0  32546.27 99 
151404.5  32546.11 99 
151405.0  32546.50 99 
151405.5  32546.70 99 
151406.0  32546.57 99 
151406.5  32546.30 99 
151407.0  32546.37 99 
151407.5  32545.84 99 
151408.0  32546.29 99 
151408.5  32546.49 99 
151409.0  32546.24 99 
151409.5  32546.21 99 
151410.0  32546.42 99 
151410.5  32546.52 99 
151411.0  32546.22 99 
151411.5  32546.23 99 
151412.0  32545.98 99 
151412.5  32546.75 99 
151413.0  32546.21 99 
151413.5  32545.98 99 
151414.0  32547.00 99 
151414.5  32545.51 99 
151415.0  32546.13 99 
151415.5  32546.50 99 
151416.0  32546.16 99 
151416.5  32546.63 99 
151417.0  32546.70 99 
151417.5  32546.58 99 
151418.0  32546.44 99 
151418.5  32546.17 99 
151419.0  32546.27 99 
151419.5  32545.94 99 
151420.0  32546.24 99 
151420.5  32545.87 99 
151421.0  32546.37 99 
151421.5  32546.24 99 
151422.0  32546.50 99 
151422.5  32546.68 99 
151423.0  32545.97 99 
151423.5  32546.12 99 
151424.0  32546.73 99 
151424.5  32546.27 99 
151425.0  32546.09 99 
151425.5  32545.85 99 
151426.0  32546.45 99 
151426.5  32546.52 99 
151427.0  32546.89 99 
151427.5  32545.95 99 
151428.0  32545.73 99 
151428.5  32546.23 99 
151429.0  32546.79 99 
151429.5  32546.04 99 
151430.0  32546.29 99 
151430.5  32546.55 99 
151431.0  32546.15 99 
151431.5  32546.04 99 
151432.0  32545.43 99 
151432.5  32546.50 99 
151433.0  32546.40 99 
151433.5  32546.56 99 
151434.0  32546.42 99 
151434.5  32546.44 99 
151435.0  32546.41 99 
151435.5  32546.29 99 
151436.0  32546.27 99 
151436.5  32546.40 99 
151437.0  32546.55 99 
151437.5  32546.45 99 
151438.0  32546.27 99 
151438.5  32546.74 99 
151439.0  32546.14 99 
151439.5  32546.15 99 
151440.0  32546.64 99 
151440.5  32546.38 99 
151441.0  32546.39 99 
151441.5  32546.25 99 
151442.0  32546.56 99 
151442.5  32546.79 99 
151443.0  32546.16 99 
151443.5  32546.43 99 
151444.0  32546.54 99 
151444.5  32546.82 99 
151445.0  32546.22 99 
151445.5  32546.50 99 
151446.0  32546.18 99 
151446.5  32546.54 99 
151447.0  32546.20 99 
151447.5  32546.16 99 
151448.0  32546.45 99 
151448.5  32546.40 99 
151449.0  32546.60 99 
151449.5  32546.53 99 
151450.0  32546.56 99 
151450.5  32546.21 99 
151451.0  32546.12 99 
151451.5  32546.51 99 
151452.0  32546.02 99 
151452.5  32546.02 99 
151453.0  32546.29 99 
151453.5  32546.55 99 
151454.0  32546.40 99 
151454.5  32546.56 99 
151455.0  32546.21 99 
151455.5  32546.08 99 
151456.0  32546.69 99 
151456.5  32546.78 99 
151457.0  32546.24 99 
151457.5  32546.38 99 
151458.0  32546.04 99 
151458.5  32546.56 99 
151459.0  32546.26 99 
151459.5  32545.83 99 
151500.0  32545.79 99 
151500.5  32546.39 99 
151501.0  32546.42 99 
151501.5  32546.74 99 
151502.0  32546.57 99 
151502.5  32546.57 99 
151503.0  32546.19 99 
151503.5  32546.12 99 
151504.0  32546.21 99 
151504.5  32546.46 99 
151505.0  32546.02 99 
151505.5  32545.89 99 
151506.0  32545.62 99 
151506.5  32546.41 99 
151507.0  32546.15 99 
151507.5  32546.10 99 
151508.0  32546.18 99 
151508.5  32546.24 99 
151509.0  32546.01 99 
151509.5  32546.01 99 
151510.0  32545.90 99 
151510.5  32546.44 99 
151511.0  32545.82 99 
151511.5  32545.91 99 
151512.0  32546.36 99 
151512.5  32546.29 99 
151513.0  32545.43 99 
151513.5  32546.25 99 
151514.0  32546.41 99 
151514.5  32546.19 99 
151515.0  32546.74 99 
151515.5  32546.49 99 
151516.0  32546.03 99 
151516.5  32546.29 99 
151517.0  32546.79 99 
151517.5  32546.56 99 
151518.0  32546.56 99 
151518.5  32546.93 99 
151519.0  32546.13 99 
151519.5  32546.63 99 
151520.0  32546.40 99 
151520.5  32546.64 99 
151521.0  32546.81 99 
151521.5  32546.30 99 
151522.0  32546.34 99 
151522.5  32546.61 99 
151523.0  32546.41 99 
151523.5  32546.10 99 
151524.0  32546.39 99 
151524.5  32546.23 99 
151525.0  32546.15 99 
151525.5  32546.65 99 
151526.0  32546.81 99 
151526.5  32546.47 99 
151527.0  32546.82 99 
151527.5  32546.39 99 
151528.0  32546.14 99 
151528.5  32546.09 99 
151529.0  32546.67 99 
151529.5  32546.12 99 
151530.0  32546.56 99 
151530.5  32546.16 99 
151531.0  32546.56 99 
151531.5  32546.47 99 
151532.0  32545.96 99 
151532.5  32546.55 99 
151533.0  32546.21 99 
151533.5  32546.36 99 
151534.0  32545.80 99 
151534.5  32546.46 99 
151535.0  32546.24 99 
151535.5  32546.33 99 
151536.0  32546.07 99 
151536.5  32546.32 99 
151537.0  32546.17 99 
151537.5  32546.39 99 
151538.0  32546.33 99 
151538.5  32546.35 99 
151539.0  32545.92 99 
151539.5  32546.58 99 
151540.0  32546.36 99 
151540.5  32546.37 99 
151541.0  32546.06 99 
151541.5  32545.94 99 
151542.0  32545.99 99 
151542.5  32546.40 99 
151543.0  32546.04 99 
151543.5  32546.59 99 
151544.0  32546.25 99 
151544.5  32545.92 99 
151545.0  32546.36 99 
151545.5  32546.26 99 
151546.0  32546.00 99 
151546.5  32546.06 99 
151547.0  32546.28 99 
151547.5  32546.17 99 
151548.0  32545.97 99 
151548.5  32545.89 99 
151549.0  32545.85 99 
151549.5  32546.44 99 
151550.0  32546.28 99 
151550.5  32546.52 99 
151551.0  32545.79 99 
151551.5  32546.52 99 
151552.0  32546.15 99 
151552.5  32546.46 99 
151553.0  32545.90 99 
151553.5  32545.93 99 
151554.0  32545.95 99 
151554.5  32545.72 99 
151555.0  32545.89 99 
151555.5  32546.22 99 
151556.0  32546.30 99 
151556.5  32546.36 99 
151557.0  32546.32 99 
151557.5  32546.20 99 
151558.0  32546.21 99 
151558.5  32546.20 99 
151559.0  32546.47 99 
151559.5  32546.68 99 
151600.0  32546.09 99 
151600.5  32546.17 99 
151601.0  32546.30 99 
151601.5  32546.40 99 
151602.0  32546.21 99 
151602.5  32545.90 99 
151603.0  32546.20 99 
151603.5  32546.70 99 
151604.0  32546.31 99 
151604.5  32546.34 99 
151605.0  32546.60 99 
151605.5  32546.09 99 
151606.0  32546.54 99 
151606.5  32545.57 99 
151607.0  32546.71 99 
151607.5  32546.18 99 
151608.0  32546.12 99 
151608.5  32546.34 99 
151609.0  32546.61 99 
151609.5  32545.75 99 
151610.0  32546.35 99 
151610.5  32545.94 99 
151611.0  32546.30 99 
151611.5  32546.53 99 
151612.0  32546.07 99 
151612.5  32546.52 99 
151613.0  32546.82 99 
151613.5  32546.66 99 
151614.0  32546.29 99 
151614.5  32546.45 99 
151615.0  32546.29 99 
151615.5  32546.02 99 
151616.0  32546.26 99 
151616.5  32545.98 99 
151617.0  32546.65 99 
151617.5  32545.83 99 
151618.0  32546.72 99 
151618.5  32546.20 99 
151619.0  32546.40 99 
151619.5  32546.21 99 
151620.0  32546.05 99 
151620.5  32546.09 99 
151621.0  32545.71 99 
151621.5  32545.94 99 
151622.0  32546.41 99 
151622.5  32546.53 99 
151623.0  32546.32 99 
151623.5  32546.28 99 
151624.0  32546.14 99 
151624.5  32546.40 99 
151625.0  32546.38 99 
151625.5  32546.33 99 
151626.0  32545.50 99 
151626.5  32546.09 99 
151627.0  32546.65 99 
151627.5  32546.09 99 
151628.0  32546.16 99 
151628.5  32546.51 99 
151629.0  32546.16 99 
151629.5  32545.76 99 
151630.0  32546.43 99 
151630.5  32545.79 99 
151631.0  32546.53 99 
151631.5  32545.81 99 
151632.0  32546.39 99 
151632.5  32545.71 99 
151633.0  32546.26 99 
151633.5  32545.74 99 
151634.0  32546.03 99 
151634.5  32546.25 99 
151635.0  32546.53 99 
151635.5  32545.67 99 
151636.0  32545.80 99 
151636.5  32546.26 99 
151637.0  32546.05 99 
151637.5  32546.27 99 
151638.0  32546.41 99 
151638.5  32547.13 99 
151639.0  32546.02 99 
151639.5  32546.05 99 
151640.0  32546.09 99 
151640.5  32546.53 99 
151641.0  32546.12 99 
151641.5  32546.30 99 
151642.0  32545.89 99 
151642.5  32546.59 99 
151643.0  32545.97 99 
151643.5  32546.69 99 
151644.0  32545.97 99 
151644.5  32546.89 99 
151645.0  32546.02 99 
151645.5  32546.03 99 
151646.0  32546.24 99 
151646.5  32546.43 99 
151647.0  32545.91 99 
151647.5  32546.37 99 
151648.0  32546.17 99 
151648.5  32545.98 99 
151649.0  32546.12 99 
151649.5  32546.55 99 
151650.0  32546.41 99 
151650.5  32546.23 99 
151651.0  32545.75 99 
151651.5  32546.08 99 
151652.0  32546.03 99 
151652.5  32546.41 99 
151653.0  32546.11 99 
151653.5  32545.98 99 
151654.0  32546.31 99 
151654.5  32546.42 99 
151655.0  32546.49 99 
151655.5  32546.43 99 
151656.0  32546.58 99 
151656.5  32546.15 99 
151657.0  32546.46 99 
151657.5  32546.05 99 
151658.0  32545.64 99 
151658.5  32545.80 99 
151659.0  32545.63 99 
151659.5  32546.04 99 
151700.0  32545.90 99 
151700.5  32546.43 99 
151701.0  32545.85 99 
151701.5  32546.58 99 
151702.0  32546.03 99 
151702.5  32546.28 99 
151703.0  32546.11 99 
151703.5  32546.37 99 
151704.0  32546.60 99 
151704.5  32546.08 99 
151705.0  32546.06 99 
151705.5  32546.39 99 
151706.0  32546.29 99 
151706.5  32546.38 99 
151707.0  32545.95 99 
151707.5  32545.96 99 
151708.0  32546.20 99 
151708.5  32546.27 99 
151709.0  32546.22 99 
151709.5  32546.04 99 
151710.0  32545.99 99 
151710.5  32546.00 99 
151711.0  32545.93 99 
151711.5  32545.83 99 
151712.0  32546.28 99 
151712.5  32545.65 99 
151713.0  32545.65 99 
151713.5  32546.29 99 
151714.0  32546.52 99 
151714.5  32546.10 99 
151715.0  32545.90 99 
151715.5  32546.20 99 
151716.0  32546.19 99 
151716.5  32546.23 99 
151717.0  32546.04 99 
151717.5  32546.34 99 
151718.0  32545.60 99 
151718.5  32546.18 99 
151719.0  32546.23 99 
151719.5  32546.22 99 
151720.0  32546.30 99 
151720.5  32545.92 99 
151721.0  32546.19 99 
151721.5  32546.29 99 
151722.0  32546.15 99 
151722.5  32545.93 99 
151723.0  32546.39 99 
151723.5  32545.62 99 
151724.0  32546.30 99 
151724.5  32545.69 99 
151725.0  32545.81 99 
151725.5  32545.93 99 
151726.0  32546.53 99 
151726.5  32546.12 99 
151727.0  32546.36 99 
151727.5  32546.29 99 
151728.0  32545.76 99 
151728.5  32546.19 99 
151729.0  32545.76 99 
151729.5  32546.00 99 
151730.0  32546.27 99 
151730.5  32545.84 99 
151731.0  32546.04 99 
151731.5  32545.81 99 
151732.0  32545.96 99 
151732.5  32546.02 99 
151733.0  32545.88 99 
151733.5  32545.92 99 
151734.0  32545.43 99 
151734.5  32545.53 99 
151735.0  32546.08 99 
151735.5  32546.33 99 
151736.0  32546.14 99 
151736.5  32546.13 99 
151737.0  32546.07 99 
151737.5  32546.47 99 
151738.0  32546.02 99 
151738.5  32545.90 99 
151739.0  32545.61 99 
151739.5  32546.20 99 
151740.0  32545.73 99 
151740.5  32545.98 99 
151741.0  32546.16 99 
151741.5  32545.98 99 
151742.0  32546.59 99 
151742.5  32545.91 99 
151743.0  32545.77 99 
151743.5  32545.98 99 
151744.0  32546.34 99 
151744.5  32545.88 99 
151745.0  32546.56 99 
151745.5  32545.92 99 
151746.0  32546.14 99 
151746.5  32546.06 99 
151747.0  32546.02 99 
151747.5  32546.11 99 
151748.0  32546.37 99 
151748.5  32546.07 99 
151749.0  32545.71 99 
151749.5  32546.25 99 
151750.0  32546.16 99 
151750.5  32546.17 99 
151751.0  32546.28 99 
151751.5  32546.26 99 
151752.0  32545.94 99 
151752.5  32546.43 99 
151753.0  32545.86 99 
151753.5  32546.02 99 
151754.0  32546.16 99 
151754.5  32545.67 99 
151755.0  32545.56 99 
151755.5  32546.21 99 
151756.0  32546.17 99 
151756.5  32546.02 99 
151757.0  32546.26 99 
151757.5  32546.22 99 
151758.0  32545.53 99 
151758.5  32546.26 99 
151759.0  32545.87 99 
151759.5  32545.90 99 
151800.0  32545.80 99 
151800.5  32545.88 99 
151801.0  32545.93 99 
151801.5  32546.15 99 
151802.0  32546.07 99 
151802.5  32546.07 99 
151803.0  32546.23 99 
151803.5  32546.01 99 
151804.0  32545.87 99 
151804.5  32545.92 99 
151805.0  32545.95 99 
151805.5  32546.43 99 
151806.0  32546.33 99 
151806.5  32545.94 99 
151807.0  32546.50 99 
151807.5  32546.42 99 
151808.0  32546.42 99 
151808.5  32545.60 99 
151809.0  32546.10 99 
151809.5  32545.86 99 
151810.0  32546.44 99 
151810.5  32545.97 99 
151811.0  32545.72 99 
151811.5  32546.00 99 
151812.0  32545.91 99 
151812.5  32546.41 99 
151813.0  32545.79 99 
151813.5  32545.50 99 
151814.0  32546.11 99 
151814.5  32546.10 99 
151815.0  32546.27 99 
151815.5  32545.66 99 
151816.0  32546.03 99 
151816.5  32546.23 99 
151817.0  32546.02 99 
151817.5  32545.92 99 
151818.0  32545.92 99 
151818.5  32546.10 99 
151819.0  32546.24 99 
151819.5  32545.63 99 
151820.0  32546.08 99 
151820.5  32546.37 99 
151821.0  32545.58 99 
151821.5  32545.74 99 
151822.0  32545.97 99 
151822.5  32545.68 99 
151823.0  32545.87 99 
151823.5  32545.97 99 
151824.0  32546.12 99 
151824.5  32545.55 99 
151825.0  32545.31 99 
151825.5  32545.79 99 
151826.0  32546.23 99 
151826.5  32546.39 99 
151827.0  32545.76 99 
151827.5  32545.89 99 
151828.0  32545.75 99 
151828.5  32546.02 99 
151829.0  32545.93 99 
151829.5  32545.74 99 
151830.0  32546.06 99 
151830.5  32546.11 99 
151831.0  32546.16 99 
151831.5  32546.20 99 
151832.0  32545.60 99 
151832.5  32545.93 99 
151833.0  32546.10 99 
151833.5  32545.73 99 
151834.0  32546.11 99 
151834.5  32545.82 99 
151835.0  32546.51 99 
151835.5  32546.14 99 
151836.0  32545.96 99 
151836.5  32545.33 99 
151837.0  32545.87 99 
151837.5  32545.57 99 
151838.0  32546.09 99 
151838.5  32546.17 99 
151839.0  32546.19 99 
151839.5  32545.86 99 
151840.0  32545.42 99 
151840.5  32546.27 99 
151841.0  32545.63 99 
151841.5  32545.94 99 
151842.0  32545.57 99 
151842.5  32545.63 99 
151843.0  32545.91 99 
151843.5  32545.59 99 
151844.0  32546.17 99 
151844.5  32545.95 99 
151845.0  32545.70 99 
151845.5  32546.31 99 
151846.0  32545.65 99 
151846.5  32546.02 99 
151847.0  32546.07 99 
151847.5  32545.68 99 
151848.0  32545.95 99 
151848.5  32546.19 99 
151849.0  32545.88 99 
151849.5  32546.09 99 
151850.0  32545.78 99 
151850.5  32545.99 99 
151851.0  32545.60 99 
151851.5  32546.23 99 
151852.0  32545.99 99 
151852.5  32545.67 99 
151853.0  32546.12 99 
151853.5  32545.61 99 
151854.0  32545.51 99 
151854.5  32545.68 99 
151855.0  32546.56 99 
151855.5  32545.88 99 
151856.0  32546.21 99 
151856.5  32548.56 99 
151857.0  32548.83 99 
151857.5  32555.46 99 
151858.0  32547.74 99 
151858.5  32543.89 99 
151859.0  32543.82 99 
151859.5  32543.85 99 
151900.0  32543.99 99 
151900.5  32542.76 99 
151901.0  32542.91 99 
151901.5  32542.74 99 
151902.0  32542.52 99 
151902.5  32542.65 99 
